ST_CASE,VEH_NO,PER_NO,P1,P2,P3,P4,P5,P6,P7,P8,P9,P10
10334,1,1,33,25,23,25,18,0,0,18,29,8
10335,1,1,0,0,0,0,0,0,0,0,0,0
10336,1,1,0,0,0,0,0,0,0,0,0,0
10337,0,1,20,20,20,20,20,20,20,20,20,20
10337,1,1,0,0,0,0,0,0,0,0,0,0
10338,1,1,0,0,0,0,0,0,24,0,15,0
10339,1,1,32,32,32,32,32,32,32,32,32,32
10340,1,1,5,0,0,23,22,29,13,25,20,0
10341,0,1,22,22,22,22,22,22,22,22,22,22
10341,1,1,0,46,8,18,0,10,6,0,19,11
10342,1,1,0,0,0,0,0,0,0,0,0,0
10342,2,1,0,0,0,0,0,0,0,0,0,0
10343,0,1,0,0,0,0,0,0,0,0,0,0
10343,1,1,0,0,0,0,0,0,0,0,0,0
10343,2,1,0,0,0,0,0,0,0,0,0,0
10344,1,1,0,0,0,0,0,0,0,0,0,0
10345,0,1,0,0,0,0,19,0,0,0,0,0
10345,1,1,0,0,0,0,0,0,0,0,0,0
10345,2,1,0,0,0,0,0,0,0,0,0,0
10346,1,1,0,0,0,0,0,0,0,0,0,0
10346,2,1,0,0,0,0,0,0,0,0,0,0
10347,1,1,0,0,0,0,14,0,0,0,0,0
10347,2,1,0,0,0,0,0,0,0,0,17,0
10348,1,1,0,0,0,0,0,33,0,0,0,0
10348,2,1,0,0,0,0,0,0,0,0,4,0
10349,1,1,0,0,0,0,0,0,0,0,0,0
10349,2,1,0,0,0,0,0,0,0,0,0,0
10349,3,1,0,0,0,0,0,0,0,0,0,0
10349,4,1,0,0,0,0,0,0,0,0,0,0
10350,1,1,3,3,3,3,3,3,3,3,3,3
10350,2,1,0,0,0,0,0,0,0,0,0,0
10351,1,1,24,24,24,24,24,24,24,24,24,24
10352,1,1,17,17,17,17,17,17,17,17,17,17
10353,2,1,0,0,0,0,0,0,0,0,0,0
10354,1,1,10,0,0,10,0,0,0,14,0,0
10355,1,1,0,0,0,0,0,0,0,0,0,0
10355,2,1,0,0,0,0,0,0,0,0,0,0
10355,3,1,0,0,0,0,0,0,0,0,0,0
10356,1,1,19,26,11,22,42,32,17,0,8,0
10357,1,1,0,0,0,0,0,0,0,0,0,0
10358,1,1,0,0,0,0,0,0,0,0,0,0
10359,0,1,0,0,0,0,0,0,0,0,0,0
10359,1,1,0,0,0,0,0,0,0,0,0,0
10360,0,1,30,30,30,30,30,30,30,30,30,30
10360,1,1,0,6,0,0,0,0,15,0,0,0
10361,1,1,0,0,0,0,9,0,0,0,0,0
10362,1,1,0,0,0,0,0,0,0,0,0,0
10363,1,1,23,23,23,23,23,23,23,23,23,23
10363,2,1,0,0,0,0,0,0,0,0,0,0
10364,1,1,8,0,0,0,0,0,0,0,0,0
10365,0,1,20,20,20,20,20,20,20,20,20,20
10365,1,1,0,0,0,0,0,13,0,0,0,0
10365,2,1,0,0,0,0,0,0,0,0,0,0
10366,0,1,0,0,0,0,0,0,0,0,0,0
10366,1,1,0,0,0,0,10,0,0,0,0,0
10367,1,1,0,0,0,0,0,0,0,0,0,0
10368,1,1,0,0,0,0,0,0,0,0,0,0
10369,1,1,22,22,22,22,22,22,22,22,22,22
10369,2,1,0,0,0,0,0,0,0,0,0,0
10370,1,1,0,0,0,0,0,0,0,0,0,0
10371,1,1,0,0,0,0,0,0,0,0,0,0
10371,2,1,0,0,0,0,0,0,0,0,0,0
10372,0,1,0,0,0,0,0,0,0,0,0,0
10372,1,1,0,0,15,0,0,0,0,0,0,0
10373,1,1,26,26,26,26,26,26,26,26,26,26
10374,1,1,0,0,0,0,0,0,0,0,0,0
10374,2,1,0,0,0,4,0,0,0,0,19,0
10375,1,1,24,24,24,24,24,24,24,24,24,24
10376,1,1,0,0,0,0,0,0,0,0,0,0
10377,1,1,17,17,17,17,17,17,17,17,17,17
10378,1,1,0,0,0,0,0,0,0,0,0,0
10379,0,1,35,35,35,35,35,35,35,35,35,35
10379,1,1,0,0,0,0,0,0,0,0,0,7
10380,1,1,23,23,23,23,23,23,23,23,23,23
10381,1,1,0,0,0,0,0,0,0,0,0,0
10382,1,1,0,0,0,0,0,0,0,0,0,0
10383,1,1,0,12,0,0,26,0,0,0,0,0
10384,1,1,0,0,0,0,0,0,0,0,0,0
10384,2,1,0,0,0,0,0,0,0,0,0,0
10385,1,1,0,0,0,0,0,0,0,0,0,0
10386,1,1,1,1,1,1,1,1,1,1,1,1
10387,1,1,0,0,0,0,0,0,0,0,0,0
10387,2,1,0,0,0,0,0,0,0,0,0,0
10388,1,1,14,14,14,14,14,14,14,14,14,14
10388,2,1,0,0,0,0,0,0,0,0,0,0
10389,1,1,0,0,0,0,0,0,0,0,0,0
10389,2,1,0,0,0,0,0,0,0,0,0,0
10390,1,1,0,0,0,0,29,0,0,0,0,0
10391,1,1,0,0,0,0,0,0,0,0,0,14
10391,2,1,0,0,0,0,0,0,13,0,0,18
10391,3,1,0,0,0,0,0,0,0,0,0,0
10392,1,1,0,0,0,0,0,0,0,0,0,0
10393,1,1,21,21,21,21,21,21,21,21,21,21
10394,1,1,0,0,0,0,0,0,0,0,0,0
10395,1,1,27,27,27,27,27,27,27,27,27,27
10396,1,1,0,0,0,0,0,0,0,0,0,0
10397,1,1,0,0,0,0,0,0,0,0,0,0
10397,2,1,0,0,0,0,0,0,0,0,0,0
10397,3,1,0,0,0,0,0,0,0,0,0,0
10398,1,1,0,0,0,0,0,0,0,0,0,0
10399,1,1,20,0,0,0,0,0,0,0,0,0
10400,1,1,0,0,0,0,0,0,0,0,0,0
10400,2,1,0,39,0,0,0,0,0,0,0,0
10400,3,1,0,0,0,0,0,0,0,0,0,30
10401,1,1,0,0,0,0,0,0,0,0,0,0
10402,1,1,7,7,7,7,7,7,7,7,7,7
10403,1,1,24,24,24,24,24,24,24,24,24,24
10403,2,1,0,0,0,0,0,0,0,0,0,0
10404,1,1,0,0,0,0,0,0,0,0,0,0
10405,1,1,0,0,0,0,0,0,0,0,0,26
10405,2,1,0,0,0,0,0,0,0,0,0,0
10406,1,1,0,0,0,0,0,0,0,0,0,0
10406,2,1,0,0,0,0,11,0,0,0,0,0
10407,1,1,0,30,0,0,0,0,0,0,0,0
10408,0,1,0,0,0,0,0,0,0,0,0,0
10408,1,1,0,0,0,0,0,0,0,0,0,0
10409,1,1,10,0,0,0,0,0,0,0,0,0
10409,2,1,0,0,0,8,0,0,0,0,0,0
10410,1,1,0,0,0,11,0,0,20,17,11,0
10410,2,1,0,0,0,0,0,0,0,0,0,0
10411,1,1,0,0,0,0,0,0,0,0,0,0
10412,1,1,0,0,0,0,0,0,0,0,0,0
10413,1,1,0,0,0,0,0,0,0,0,0,0
10413,2,1,0,0,0,0,0,0,0,0,0,0
10414,1,1,27,27,27,27,27,27,27,27,27,27
10415,1,1,0,0,0,0,0,0,0,0,0,0
10415,2,1,0,0,0,0,0,0,0,0,0,0
10416,1,1,0,0,0,0,0,10,0,0,0,0
10417,0,1,2,25,0,0,0,0,0,0,26,0
10417,1,1,0,0,0,0,0,0,0,0,0,0
10418,1,1,21,21,21,21,21,21,21,21,21,21
10419,1,1,0,0,0,0,0,0,0,0,0,0
10420,1,1,0,0,0,0,0,0,19,18,3,0
10420,2,1,0,0,0,0,0,0,0,0,0,0
10420,3,1,0,0,0,0,0,0,0,0,8,0
10421,1,1,0,4,0,0,0,0,0,0,0,0
10421,2,1,12,0,0,0,0,0,0,0,0,0
10422,1,1,0,0,0,0,0,0,0,0,0,0
10423,1,1,0,0,0,0,0,0,0,0,0,0
10423,2,1,0,8,0,0,0,0,13,24,17,19
10423,3,1,0,0,0,0,0,0,0,0,0,0
10423,4,1,0,0,0,0,0,5,0,0,0,20
10424,1,1,5,0,0,0,0,0,0,0,0,0
10425,1,1,0,0,0,0,0,0,0,0,0,0
10425,2,1,0,0,0,0,0,0,0,0,0,0
10426,1,1,0,0,0,0,0,0,0,0,0,0
10426,2,1,8,0,0,18,0,0,0,0,15,7
10426,3,1,0,0,0,0,0,0,0,0,0,0
10427,1,1,0,0,0,0,0,0,0,0,0,0
10427,2,1,0,0,0,0,0,0,0,0,0,0
10427,3,1,0,0,0,0,0,0,0,0,0,14
10428,1,1,31,0,9,0,0,0,17,0,0,20
10429,1,1,0,0,0,21,0,27,0,0,0,0
10429,2,1,0,0,0,0,0,0,0,0,0,0
10429,3,1,0,0,0,0,0,0,0,0,0,0
10430,1,1,18,26,28,20,13,14,11,17,10,11
10431,1,1,0,0,0,0,0,0,0,0,0,0
10431,2,1,0,0,0,0,0,38,0,0,0,0
10432,1,1,0,0,0,0,0,0,37,0,0,0
10432,2,1,0,0,0,0,0,0,0,0,0,0
10433,1,1,0,20,0,0,22,0,0,0,0,0
10434,1,1,32,32,32,32,32,32,32,32,32,32
10434,2,1,0,0,0,0,0,16,0,0,0,0
10435,1,1,23,23,23,23,23,23,23,23,23,23
10436,1,1,0,0,0,0,0,0,0,0,0,0
10437,1,1,0,0,0,0,0,0,0,0,0,0
10437,2,1,0,0,0,0,0,0,0,0,0,0
10438,1,1,21,21,21,21,21,21,21,21,21,21
10439,1,1,0,0,0,0,0,0,0,0,0,0
10440,1,1,14,14,14,14,14,14,14,14,14,14
10441,1,1,9,0,0,5,0,3,0,17,28,0
10442,1,1,0,15,0,6,0,0,18,0,20,0
10443,1,1,15,15,15,15,15,15,15,15,15,15
10444,1,1,18,0,19,14,21,2,24,18,9,17
10445,1,1,0,0,0,0,0,0,0,0,0,0
10445,2,1,0,0,0,0,0,0,0,0,0,0
10446,1,1,15,15,15,15,15,15,15,15,15,15
10447,1,1,19,19,19,19,19,19,19,19,19,19
10448,0,1,0,0,0,0,0,0,0,0,0,0
10448,1,1,0,32,0,0,0,0,0,0,0,0
10449,1,1,0,0,0,0,0,0,0,0,0,0
10449,2,1,0,0,0,0,0,26,0,0,0,0
10450,1,1,0,0,0,0,0,0,0,0,0,0
10450,2,1,0,0,0,0,0,0,0,0,0,0
10451,1,1,0,0,0,0,0,0,0,0,0,0
10452,1,1,7,7,7,7,7,7,7,7,7,7
10453,0,1,11,11,11,11,11,11,11,11,11,11
10453,1,1,0,0,0,0,0,0,0,0,0,0
10454,1,1,26,26,26,26,26,26,26,26,26,26
10455,1,1,0,0,0,0,0,0,0,0,0,0
10455,2,1,0,0,0,0,0,0,0,0,0,0
10456,1,1,0,0,0,0,0,0,0,0,0,0
10456,2,1,0,0,0,0,0,0,0,0,0,0
10457,1,1,0,0,0,0,0,0,0,0,0,0
10457,2,1,0,0,0,0,0,0,0,0,0,0
10458,1,1,0,0,0,0,0,0,0,0,0,0
10458,2,1,0,0,0,0,0,0,0,0,0,0
10459,0,1,24,24,24,24,24,24,24,24,24,24
10459,1,1,7,0,0,0,19,0,0,0,15,0
10460,1,1,0,0,0,0,0,0,0,0,0,0
10460,2,1,0,0,0,0,0,0,0,0,0,0
10461,1,1,17,17,17,17,17,17,17,17,17,17
10462,1,1,0,0,0,0,0,0,0,0,0,0
10462,2,1,0,0,0,0,0,0,0,0,0,0
10462,3,1,0,0,0,0,0,0,0,0,0,0
10462,4,1,0,0,0,0,0,0,0,0,0,0
10463,1,1,0,0,0,0,0,0,0,0,0,0
10463,2,1,0,0,0,0,0,0,0,0,0,0
10463,3,1,0,0,0,0,0,0,0,0,0,0
10464,1,1,28,28,28,28,28,28,28,28,28,28
10465,1,1,18,18,18,18,18,18,18,18,18,18
10466,0,1,0,0,0,0,0,0,0,0,0,0
10466,1,1,0,0,0,0,0,0,0,0,0,0
10467,0,1,0,19,8,15,14,0,0,12,15,9
10467,1,1,0,0,0,0,0,0,0,0,0,0
10468,1,1,0,0,14,0,0,0,15,0,0,0
10469,1,1,53,53,53,53,53,53,53,53,53,53
10470,1,1,0,0,0,0,0,0,0,0,0,0
10470,2,1,0,7,0,0,0,21,0,7,0,0
10470,3,1,0,0,0,0,0,0,0,0,0,0
10471,1,1,0,0,0,0,0,0,0,0,0,0
10472,1,1,0,0,0,0,0,0,0,0,0,0
10473,1,1,4,4,4,4,4,4,4,4,4,4
10473,2,1,0,0,0,0,0,0,0,0,0,0
10474,1,1,13,13,13,13,13,13,13,13,13,13
10475,0,1,0,0,0,0,0,0,0,0,0,0
10475,1,1,0,0,15,5,0,0,0,5,17,0
10476,1,1,0,0,0,0,0,0,0,0,0,0
10476,2,1,0,0,0,0,0,0,0,0,0,0
10477,1,1,0,0,0,0,1,0,0,0,0,0
10477,2,1,0,0,0,0,0,0,0,0,0,0
10477,3,1,0,0,0,0,0,0,0,0,0,0
10477,4,1,0,0,0,0,0,0,0,0,0,0
10477,5,1,0,0,0,0,0,0,0,0,0,0
10478,1,1,0,0,0,0,0,0,0,0,0,0
10478,2,1,0,0,0,0,0,0,21,0,0,0
10479,1,1,11,11,11,11,11,11,11,11,11,11
10479,2,1,0,0,0,0,0,0,0,0,0,0
10480,1,1,0,0,0,0,0,0,0,0,0,0
10481,1,1,0,0,0,0,0,0,0,0,0,0
10481,2,1,6,0,0,0,0,0,0,0,0,0
10482,1,1,28,15,0,0,0,9,10,0,0,0
10483,1,1,0,0,0,0,0,0,0,0,0,0
10484,1,1,0,25,0,0,0,0,0,0,0,0
10484,2,1,0,0,0,0,0,0,0,0,0,0
10484,3,1,0,0,0,0,0,0,0,0,0,18
10485,0,1,0,0,0,0,0,0,0,0,0,0
10485,1,1,10,0,0,14,0,0,8,0,12,0
10486,1,1,0,23,36,0,0,0,0,0,13,0
10487,1,1,0,0,0,0,0,0,0,0,0,0
10487,2,1,0,0,0,0,0,0,0,0,0,0
10488,1,1,0,0,0,0,0,0,0,0,0,0
10488,2,1,0,0,0,0,0,0,0,0,0,0
10488,3,1,0,0,0,0,0,0,0,0,24,0
10489,1,1,0,0,0,0,0,0,0,0,0,0
10489,2,1,0,0,0,0,0,0,0,0,0,28
10490,0,1,0,0,0,0,0,0,0,0,0,0
10490,1,1,0,0,0,0,0,0,0,0,0,0
10491,0,1,7,7,7,7,7,7,7,7,7,7
10491,0,2,0,0,9,0,0,0,0,0,0,0
10491,1,1,0,0,7,0,0,0,0,0,4,0
10492,1,1,0,0,0,0,0,0,0,0,0,0
10492,2,1,0,0,0,0,0,0,0,0,0,0
10492,3,1,0,0,0,0,0,0,0,0,19,0
10493,1,1,0,0,0,0,0,0,0,0,0,0
10493,2,1,0,0,0,0,0,0,0,0,0,0
10494,1,1,17,17,17,17,17,17,17,17,17,17
10495,1,1,0,0,0,0,0,0,0,0,0,0
10496,1,1,0,0,0,0,0,0,0,0,0,0
10497,1,1,0,0,0,0,0,0,0,0,0,0
10497,2,1,0,0,0,0,0,0,0,0,0,0
10498,1,1,11,11,11,11,11,11,11,11,11,11
10499,1,1,0,0,0,0,0,0,0,0,0,0
10500,1,1,0,0,0,0,0,0,0,0,0,0
10501,1,1,0,0,0,0,0,0,0,0,0,0
10501,2,1,2,2,2,2,2,2,2,2,2,2
10501,3,1,0,0,0,0,0,0,0,0,0,0
10502,1,1,0,0,0,0,0,0,0,0,0,0
10502,2,1,0,0,0,0,0,0,0,0,0,0
10503,1,1,0,0,0,0,0,0,0,0,0,0
10503,2,1,0,0,0,0,0,0,0,0,0,0
10504,1,1,0,0,0,0,0,0,0,0,0,0
10504,2,1,0,0,0,0,0,0,0,0,0,0
10505,1,1,17,0,16,0,35,0,0,0,0,0
10505,2,1,0,0,0,0,0,0,0,0,0,0
10506,1,1,0,0,0,0,0,0,0,0,0,0
10506,2,1,0,0,0,0,0,0,0,0,0,0
10507,1,1,0,0,0,0,0,0,0,0,0,0
10507,2,1,0,0,0,0,0,0,0,0,0,0
10508,0,1,37,28,35,11,16,28,11,31,21,10
10508,1,1,0,0,0,0,0,28,0,0,0,0
10509,1,1,8,8,8,8,8,8,8,8,8,8
10509,2,1,0,0,0,0,0,0,15,20,0,0
10510,1,1,0,0,0,0,0,0,0,0,0,0
10510,2,1,0,0,0,0,0,0,0,0,0,0
10510,3,1,0,0,0,1,0,0,0,0,0,0
10511,1,1,0,0,0,0,0,0,0,0,0,0
10511,2,1,0,0,0,0,0,0,0,0,0,0
10511,3,1,0,0,0,0,0,0,0,0,0,0
10512,1,1,23,23,23,23,23,23,23,23,23,23
10512,2,1,0,0,0,0,0,0,0,0,0,0
10512,3,1,0,0,0,0,0,0,0,0,0,0
10513,1,1,18,18,18,18,18,18,18,18,18,18
10514,1,1,21,0,0,26,0,0,12,14,0,0
10515,0,1,0,0,0,0,0,0,0,0,0,0
10515,1,1,0,0,0,0,0,0,0,0,0,0
10516,1,1,0,0,0,0,0,0,0,0,0,0
10516,2,1,0,0,0,0,0,0,0,0,0,0
10516,3,1,3,3,3,3,3,3,3,3,3,3
10516,4,1,0,0,0,0,0,0,0,0,0,0
10517,1,1,0,0,0,0,0,0,0,0,0,0
10518,1,1,9,15,0,0,0,0,21,0,0,0
10519,1,1,0,0,0,0,0,0,0,0,0,0
10520,1,1,0,0,0,0,0,0,0,0,0,0
10520,2,1,0,0,0,0,0,0,0,0,0,0
10521,1,1,0,0,0,0,0,0,0,0,0,0
10522,1,1,0,0,0,0,0,0,0,0,0,0
10523,1,1,0,0,11,0,0,0,9,0,0,0
10523,2,1,0,0,0,0,0,0,0,0,0,0
10523,3,1,0,0,0,0,0,0,0,0,0,0
10524,1,1,0,0,0,0,0,0,0,0,0,0
10524,2,1,18,22,0,0,16,0,25,8,15,0
10525,1,1,0,0,10,17,10,27,0,22,0,8
10526,1,1,0,0,0,0,0,0,0,0,0,0
10526,2,1,0,0,0,0,0,0,0,0,0,0
10527,1,1,3,3,3,3,3,3,3,3,3,3
10528,1,1,0,0,0,0,0,0,0,0,0,0
10528,2,1,0,0,0,0,0,0,0,0,0,0
10529,1,1,0,20,0,0,0,0,0,0,0,0
10530,0,1,0,0,0,0,0,0,0,0,0,0
10530,2,1,0,0,0,0,0,0,0,0,23,0
10531,0,1,14,14,14,14,14,14,14,14,14,14
10531,1,1,26,0,0,0,0,0,0,0,0,0
10532,1,1,23,23,23,23,23,23,23,23,23,23
10533,1,1,9,9,9,9,9,9,9,9,9,9
10534,1,1,0,0,0,0,0,0,0,0,0,0
10535,1,1,2,2,2,2,2,2,2,2,2,2
10536,0,1,0,0,0,0,0,0,0,0,0,0
10536,1,1,0,0,0,0,0,0,0,0,0,0
10537,1,1,29,29,29,29,29,29,29,29,29,29
10538,0,1,4,4,4,4,4,4,4,4,4,4
10538,1,1,9,9,9,9,9,9,9,9,9,9
10539,1,1,12,12,12,12,12,12,12,12,12,12
10540,1,1,6,6,6,6,6,6,6,6,6,6
10541,1,1,0,0,0,0,0,0,0,0,0,0
10542,1,1,0,13,0,15,0,0,0,0,0,0
10543,1,1,0,0,15,0,0,25,0,12,0,0
10544,1,1,0,0,0,0,0,0,0,0,0,0
10544,2,1,0,0,0,9,0,0,0,0,0,0
10545,1,1,0,0,0,0,0,0,0,0,0,0
10545,2,1,0,0,26,0,0,0,0,0,0,0
10546,1,1,0,0,0,0,0,0,0,0,0,0
10547,1,1,21,21,21,21,21,21,21,21,21,21
10548,1,1,0,19,0,0,0,8,0,0,0,24
10549,1,1,21,18,18,14,10,25,27,25,12,6
10550,1,1,0,0,0,0,0,0,0,0,0,0
10550,2,1,0,0,45,0,0,0,0,0,0,0
10551,1,1,0,5,5,25,4,0,9,0,15,22
10552,1,1,14,14,14,14,14,14,14,14,14,14
10553,1,1,30,30,30,30,30,30,30,30,30,30
10553,2,1,0,0,0,0,0,0,0,6,4,0
10554,1,3,22,0,0,23,0,0,9,16,0,0
10555,1,1,0,13,7,10,12,44,0,12,14,19
10556,1,1,0,0,0,0,0,0,0,0,0,0
10557,1,1,0,0,0,0,0,0,0,0,0,0
10558,1,1,0,0,0,0,0,0,0,0,0,0
10558,2,1,0,0,0,0,0,0,0,0,0,0
10559,1,1,0,0,0,0,0,0,0,0,0,0
10560,1,1,0,15,0,0,0,0,0,0,0,0
10560,2,1,0,6,0,0,0,0,0,0,0,0
10561,1,1,26,26,26,26,26,26,26,26,26,26
10562,1,1,0,0,0,0,0,0,0,0,0,0
10562,2,1,0,0,0,0,0,0,0,0,0,0
10563,1,1,0,0,0,0,0,0,0,0,0,0
10563,2,1,0,0,0,0,0,0,0,0,0,0
10563,3,1,0,0,0,0,0,0,0,0,0,0
10563,4,1,0,0,0,0,0,0,0,0,0,20
10564,1,1,13,13,13,13,13,13,13,13,13,13
10564,2,1,0,0,0,0,0,0,0,0,0,0
10565,1,1,20,10,13,0,0,14,18,0,24,0
10566,1,1,0,0,28,19,0,0,15,26,0,0
10567,1,1,24,24,24,24,24,24,24,24,24,24
10568,1,1,0,17,0,0,0,0,0,0,0,0
10568,2,1,0,10,0,0,0,0,12,0,0,15
10569,1,1,3,0,0,0,0,0,0,26,0,0
10570,1,1,1,1,1,1,1,1,1,1,1,1
10571,1,1,0,0,0,0,0,0,0,0,0,0
10571,2,1,0,0,0,0,0,0,0,0,0,0
10572,1,1,0,0,0,0,0,0,0,0,0,0
10572,2,1,0,0,0,0,24,0,0,0,0,0
10573,0,1,0,0,0,0,0,0,0,0,0,0
10573,1,1,0,0,0,0,0,9,0,0,0,0
10574,1,1,0,0,0,0,0,0,0,0,0,0
10574,2,1,0,0,0,0,0,0,0,0,0,0
10575,1,1,0,0,0,0,0,0,0,0,0,0
10575,2,1,0,0,0,0,0,0,0,0,0,0
10576,1,1,0,0,0,0,0,0,0,0,0,0
10577,1,1,26,26,26,26,26,26,26,26,26,26
10578,1,1,23,23,23,23,23,23,23,23,23,23
10579,1,1,15,8,5,17,18,9,15,8,0,19
10580,1,1,0,0,0,0,0,0,0,0,12,0
10581,1,1,0,0,0,0,0,0,0,0,0,0
10582,1,1,0,0,0,0,0,0,0,0,0,0
10582,2,1,0,0,0,0,0,0,0,0,0,0
10583,0,1,2,2,2,2,2,2,2,2,2,2
10583,1,1,0,10,17,0,0,0,0,0,22,0
10584,1,1,23,23,23,23,23,23,23,23,23,23
10584,2,1,12,0,0,10,0,0,0,0,0,0
10585,1,1,0,0,0,0,0,0,0,0,0,0
10586,1,1,0,0,0,0,0,0,0,0,0,0
10586,2,1,0,0,0,0,0,0,0,0,0,0
10587,1,1,0,0,0,0,0,0,0,0,0,0
10588,1,1,0,0,0,0,0,0,0,0,0,0
10588,2,1,0,0,0,0,0,0,0,0,0,0
10588,3,1,0,0,0,0,0,0,0,0,0,0
10589,1,1,0,0,0,0,0,0,0,0,0,0
10589,2,1,0,0,0,0,0,0,0,0,0,0
10590,1,1,0,0,0,0,0,0,0,0,0,0
10591,0,1,0,0,0,0,0,0,0,0,0,0
10591,1,1,15,0,9,0,0,0,30,27,19,18
10592,0,1,0,0,0,0,24,0,20,0,0,0
10592,1,1,0,0,0,0,0,0,0,0,0,0
10593,1,1,16,16,16,16,16,16,16,16,16,16
10594,1,1,0,0,0,0,0,0,0,0,0,0
10595,1,1,0,0,0,0,0,0,0,3,0,0
10595,2,1,0,0,0,0,0,0,0,0,0,0
10596,1,1,0,0,0,0,0,0,0,0,0,0
10596,2,1,0,0,0,0,0,0,0,0,0,0
10597,1,1,13,13,13,13,13,13,13,13,13,13
10597,2,1,0,0,0,0,0,0,0,0,19,0
10598,1,1,20,21,0,15,15,0,10,23,0,11
10599,1,1,0,0,0,0,0,0,0,0,0,0
10599,2,1,0,0,0,0,0,0,0,0,0,0
10600,1,1,0,0,0,0,30,0,0,0,0,0
10600,2,1,0,0,0,0,0,0,0,0,0,0
10600,3,1,0,0,0,0,9,0,0,0,0,0
10601,1,1,0,0,0,0,0,0,0,0,0,0
10602,1,1,12,0,34,23,0,0,22,0,0,13
10603,1,1,26,26,26,26,26,26,26,26,26,26
10604,1,1,0,0,14,0,15,0,0,0,18,0
10605,1,1,0,0,0,3,0,0,0,0,0,0
10606,1,1,0,14,0,11,15,27,0,31,0,8
10607,1,1,0,0,0,0,0,0,0,0,0,0
10608,1,1,14,14,14,14,14,14,14,14,14,14
10608,2,1,0,0,0,0,0,0,0,0,0,9
10608,3,1,0,0,0,0,0,0,0,0,0,8
10608,4,1,0,0,0,0,0,0,0,0,0,0
10609,1,1,0,0,0,0,0,0,0,0,0,0
10609,2,1,0,0,0,0,0,0,0,0,0,0
10610,1,1,0,0,0,0,0,0,17,10,0,11
10610,2,1,0,0,0,0,27,0,0,0,0,0
10611,1,1,0,0,0,0,0,0,0,0,0,0
10612,1,1,0,0,0,0,0,0,0,0,0,0
10612,2,1,0,0,0,0,0,0,0,0,0,6
10612,3,1,0,0,0,0,0,0,0,0,0,0
10613,1,1,0,0,0,0,0,0,0,0,0,0
10614,1,1,11,11,11,11,11,11,11,11,11,11
10615,1,1,3,3,3,3,3,3,3,3,3,3
10616,1,1,21,21,21,21,21,21,21,21,21,21
10616,2,1,0,0,0,0,0,0,0,0,0,0
10617,0,1,22,22,22,22,22,22,22,22,22,22
10617,1,1,13,13,13,13,13,13,13,13,13,13
10618,1,1,0,0,0,0,0,0,0,0,0,0
10618,2,1,0,0,0,0,0,0,0,0,0,0
10619,0,1,32,8,33,15,0,21,15,22,11,24
10619,1,1,0,0,0,0,0,0,0,0,0,0
10620,1,1,26,12,17,9,21,12,26,0,25,16
10621,1,1,9,0,0,10,0,0,0,0,0,4
10622,0,1,0,0,0,0,28,0,0,0,0,0
10622,1,1,0,0,0,0,0,0,0,0,0,0
10623,0,1,0,0,10,0,13,0,22,0,0,0
10623,1,1,0,0,0,0,0,14,0,0,0,0
10624,0,1,32,32,32,32,32,32,32,32,32,32
10624,1,1,0,0,9,0,0,19,0,0,13,0
10625,0,1,0,0,0,0,0,0,0,0,0,0
10625,1,1,0,0,0,0,0,0,0,0,0,0
10627,1,1,0,0,0,0,0,0,0,0,0,0
10628,1,1,23,23,23,23,23,23,23,23,23,23
10629,1,1,0,0,0,0,0,0,0,0,0,0
10629,2,1,0,0,0,0,0,0,0,0,0,0
10630,1,1,0,0,0,0,0,0,0,0,0,0
10630,2,1,0,0,0,11,0,0,0,0,0,0
10631,1,1,21,0,7,17,16,20,15,24,19,29
10631,2,1,0,0,0,0,0,0,0,0,0,0
10632,1,1,0,0,0,0,0,0,0,0,0,0
10632,2,1,0,0,0,0,0,0,0,0,0,0
10633,1,1,0,0,0,0,0,0,0,0,0,0
10633,2,1,0,0,0,0,0,0,0,0,0,0
10634,0,1,34,34,34,34,34,34,34,34,34,34
10634,1,1,0,0,14,24,35,0,12,0,20,29
10635,1,1,16,16,16,16,16,16,16,16,16,16
10635,2,1,0,0,0,0,0,0,0,0,0,0
10636,1,1,0,0,0,0,0,0,0,0,0,0
10636,2,1,0,0,0,0,0,0,0,0,0,0
10637,1,1,0,0,0,0,0,0,0,0,0,0
10638,1,1,0,0,0,35,0,7,0,0,0,0
10639,1,1,0,0,0,0,0,0,0,0,0,0
10640,1,1,0,0,0,0,0,0,0,0,0,0
10640,2,1,0,0,0,0,0,0,0,0,16,0
10641,1,1,23,18,29,35,14,15,11,14,26,17
10643,1,1,0,0,0,0,0,0,0,0,0,0
10644,1,1,0,0,0,0,0,0,0,0,0,0
10645,1,1,0,0,0,0,0,0,0,0,0,0
10645,2,1,0,0,0,0,0,0,0,0,0,0
10645,3,1,0,0,0,0,0,0,0,0,0,0
10646,1,1,0,0,0,0,0,0,0,0,0,23
10647,1,1,11,0,0,0,0,0,22,0,0,0
10648,1,1,0,0,0,0,0,0,20,0,0,0
10649,1,1,0,0,0,0,0,0,0,0,0,0
10650,1,1,9,9,9,9,9,9,9,9,9,9
10651,1,1,7,20,21,0,16,7,0,36,23,34
10652,1,1,16,23,26,30,4,21,8,28,19,26
10653,1,1,13,0,0,0,0,0,0,0,0,11
10654,1,1,0,0,0,0,0,0,0,0,0,0
10654,2,1,0,0,0,0,0,0,0,0,0,0
10655,1,1,2,2,2,2,2,2,2,2,2,2
10656,1,1,0,0,0,0,0,0,0,0,0,0
10657,1,1,0,0,0,0,0,0,0,0,0,0
10657,2,1,0,0,0,0,0,0,0,0,0,0
10658,1,1,0,0,18,17,0,0,0,0,27,0
10659,1,1,0,0,0,0,0,0,0,0,0,0
10660,1,1,0,0,0,0,0,0,0,0,0,0
10660,2,1,0,0,0,0,0,0,0,0,0,0
10661,0,1,5,5,5,5,5,5,5,5,5,5
10661,1,1,0,0,12,0,0,0,0,0,11,0
10662,1,1,0,0,0,0,0,0,0,0,0,0
10663,1,1,0,0,0,12,0,0,0,0,0,0
10664,1,1,0,0,0,0,0,0,0,0,0,0
10665,1,1,0,8,0,0,0,0,0,0,13,0
10666,1,1,0,0,0,0,0,0,0,0,0,0
10666,2,1,0,0,0,0,0,0,0,0,0,0
10666,3,1,0,0,0,0,0,17,0,0,0,0
10667,1,1,17,0,0,0,0,8,0,9,19,28