ST_CASE,VEH_NO,PER_NO,P1,P2,P3,P4,P5,P6,P7,P8,P9,P10
10668,1,1,0,0,0,0,0,0,0,0,0,0
10668,2,1,0,0,0,0,0,0,0,0,0,0
10669,1,1,0,0,0,0,0,0,0,0,0,0
10670,0,1,0,12,17,0,8,28,19,0,27,0
10670,1,1,0,22,16,10,14,16,0,0,0,0
10671,1,1,0,16,0,17,0,21,0,0,17,0
10672,1,1,16,16,16,16,16,16,16,16,16,16
10672,2,1,0,0,0,0,0,0,0,0,0,0
10673,1,1,20,31,0,5,6,18,24,0,10,0
10673,2,1,0,0,0,0,0,0,0,14,0,0
10673,3,1,0,0,0,0,0,0,0,0,0,0
10674,1,1,0,0,0,0,0,0,0,0,0,0
10674,2,1,0,0,0,0,0,0,0,0,0,0
10675,0,1,13,13,13,13,13,13,13,13,13,13
10675,1,1,0,0,0,0,0,0,0,0,0,0
10676,1,1,0,0,0,0,0,0,0,0,13,0
10677,0,1,22,22,22,22,22,22,22,22,22,22
10677,1,1,0,0,27,0,0,22,10,0,11,22
10678,1,1,3,3,3,3,3,3,3,3,3,3
10679,1,1,21,0,28,10,24,23,17,22,25,36
10680,1,1,53,53,53,53,53,53,53,53,53,53
10681,1,1,0,0,11,0,0,0,0,0,0,0
10681,2,1,0,0,0,0,11,0,0,0,0,0
10682,1,1,0,0,0,0,0,0,0,0,0,0
10682,2,1,0,0,0,0,0,0,0,0,0,0
10683,1,1,9,9,9,9,9,9,9,9,9,9
10684,1,1,0,14,0,0,0,0,0,0,0,0
10685,1,1,0,0,0,0,0,0,0,0,0,0
10685,2,1,0,0,0,0,0,0,0,0,0,0
10686,0,1,0,0,0,0,0,0,0,0,0,0
10686,1,1,0,0,0,0,0,0,0,0,0,0
10687,1,1,13,13,13,13,13,13,13,13,13,13
10688,1,1,0,0,0,17,0,32,0,0,18,0
10689,1,1,24,24,24,24,24,24,24,24,24,24
10690,1,1,0,0,0,0,0,0,22,0,0,0
10690,2,1,16,0,0,0,0,0,0,0,0,17
10691,1,1,0,0,0,0,0,0,0,0,0,0
10691,2,1,0,0,0,0,0,0,0,0,0,0
10692,0,1,7,7,7,7,7,7,7,7,7,7
10692,1,1,0,0,0,0,0,0,0,0,0,0
10693,1,1,0,0,13,0,0,0,0,16,0,0
10693,2,1,0,0,0,0,0,0,0,0,0,0
10694,1,1,16,16,16,16,16,16,16,16,16,16
10695,0,1,0,0,0,0,0,0,0,0,0,0
10695,1,1,0,0,11,12,17,2,7,23,0,0
10696,1,1,0,0,0,0,0,0,0,0,0,0
10697,0,1,0,0,0,0,0,0,0,0,0,0
10697,1,1,0,0,0,0,0,0,0,0,0,0
10698,1,1,33,33,33,33,33,33,33,33,33,33
10698,2,1,0,0,0,0,0,0,0,0,0,0
10698,3,1,3,3,3,3,3,3,3,3,3,3
10699,1,1,16,16,16,16,16,16,16,16,16,16
10700,1,1,0,0,0,0,0,0,0,0,0,0
10701,1,1,0,0,0,0,0,0,0,0,0,0
10702,1,1,0,0,0,0,0,0,0,0,0,0
10702,2,1,12,0,0,0,0,0,0,0,0,0
10703,0,1,0,0,0,0,0,17,0,0,0,0
10703,1,1,0,0,0,22,0,0,0,0,0,0
10704,1,1,0,0,0,0,0,0,0,0,0,0
10704,2,1,12,0,0,11,0,0,0,0,17,0
10706,1,1,0,0,0,0,0,0,0,0,0,0
10707,1,1,0,0,0,0,0,0,0,0,0,0
10707,2,1,0,0,0,0,0,0,0,0,0,0
10708,1,1,6,6,6,6,6,6,6,6,6,6
10709,1,1,0,0,0,7,0,0,0,0,0,0
10710,1,1,0,0,0,0,0,0,0,0,0,0
10711,1,1,11,11,11,11,11,11,11,11,11,11
10712,1,1,18,0,0,0,0,0,0,0,0,7
10712,2,1,0,0,0,0,0,0,0,0,0,0
10713,1,1,0,0,0,0,0,0,0,0,0,0
10713,2,1,0,0,0,0,0,0,0,0,0,0
10714,1,1,0,0,0,0,0,0,0,0,0,0
10714,2,1,0,0,0,0,0,0,0,0,0,0
10715,0,1,20,20,20,20,20,20,20,20,20,20
10715,1,1,0,0,0,0,0,0,0,0,0,0
10716,1,1,16,10,35,20,36,23,13,8,10,11
10717,1,1,25,0,0,0,0,0,0,18,0,0
10717,2,1,0,0,0,0,0,0,0,0,10,0
10718,1,1,0,0,0,0,0,0,0,0,0,0
10718,2,1,0,0,0,0,0,0,0,0,0,0
10719,0,1,0,0,0,0,0,0,0,0,0,0
10719,1,1,17,6,0,0,9,0,0,0,0,15
10720,0,1,21,21,21,21,21,21,21,21,21,21
10720,1,1,16,0,0,0,0,17,0,0,0,0
10721,1,1,0,0,0,0,0,0,0,0,0,0
10721,2,1,0,0,0,0,0,0,0,0,0,0
10722,1,1,0,18,0,18,0,0,0,0,0,0
10723,1,1,0,0,0,0,0,0,0,0,0,0
10724,1,1,0,0,0,0,0,0,0,0,0,0
10725,1,1,0,0,0,0,0,0,0,0,0,0
10725,2,1,0,0,0,0,0,0,0,0,0,0
10726,1,1,0,0,29,0,0,0,22,0,9,0
10727,1,1,0,0,0,0,0,0,0,0,0,0
10727,2,1,0,0,0,0,0,0,0,0,0,0
10728,1,1,29,29,29,29,29,29,29,29,29,29
10729,1,1,0,0,20,0,0,0,0,8,0,0
10730,1,1,0,0,0,0,0,0,0,0,0,0
10731,0,1,23,23,23,23,23,23,23,23,23,23
10731,1,1,0,0,0,0,28,0,0,0,0,0
10732,1,1,0,11,0,0,0,0,0,0,11,18
10732,2,1,0,0,0,0,0,0,0,0,0,0
10733,1,1,0,15,17,0,0,0,0,21,13,0
10734,1,1,0,0,0,0,0,0,0,0,0,0
10735,1,1,0,0,0,0,0,0,0,0,0,0
10736,1,1,0,0,0,0,0,0,0,0,0,0
10736,2,1,0,0,0,0,0,0,0,0,0,0
10737,1,1,20,20,20,20,20,20,20,20,20,20
10738,0,1,0,6,0,0,0,3,0,18,0,0
10738,1,1,0,0,0,0,0,0,0,0,0,0
10739,1,1,0,0,0,0,0,0,0,0,0,0
10739,2,1,0,0,0,11,0,0,0,0,0,0
10740,1,1,7,4,4,0,18,0,5,7,16,25
10741,1,1,0,0,0,0,0,0,0,0,0,0
10742,1,1,0,21,21,16,13,22,0,7,9,8
10743,1,1,0,0,0,0,0,0,18,0,0,0
10744,1,1,0,0,0,0,0,0,0,0,0,0
10744,2,1,0,0,12,0,0,0,0,0,0,0
10745,1,1,0,0,0,0,0,0,0,0,0,0
10745,2,1,0,0,0,0,0,0,0,0,0,0
10746,0,1,3,3,3,3,3,3,3,3,3,3
10746,1,1,0,8,12,0,0,15,0,0,0,0
10747,1,1,30,30,30,30,30,30,30,30,30,30
10748,1,1,20,20,20,20,20,20,20,20,20,20
10749,1,1,0,0,0,0,0,0,0,0,0,0
10750,0,1,0,0,0,0,0,0,0,0,0,0
10750,0,2,0,0,13,0,0,0,0,42,34,41
10750,1,1,0,0,0,0,0,0,0,0,0,0
10751,0,1,18,18,18,18,18,18,18,18,18,18
10751,1,1,0,0,0,0,0,0,0,0,0,0
10752,0,1,15,15,15,15,15,15,15,15,15,15
10752,1,1,0,0,0,0,0,0,0,0,0,0
10753,1,1,16,21,24,0,0,20,0,0,19,55
10753,2,1,0,0,0,0,0,0,0,0,0,0
10754,1,1,0,17,0,0,14,0,19,0,0,0
10754,2,1,0,0,0,0,0,0,0,0,0,0
10755,1,1,29,29,29,29,29,29,29,29,29,29
10756,1,1,30,30,30,30,30,30,30,30,30,30
10757,1,1,28,28,28,28,28,28,28,28,28,28
10757,2,1,16,14,31,10,24,12,16,8,14,2
10758,1,1,0,0,0,0,0,0,0,0,0,0
10758,2,1,0,0,0,0,0,0,0,0,0,0
10759,1,1,0,0,0,0,0,0,0,0,0,0
10760,0,1,8,0,0,26,0,9,0,14,0,0
10760,1,1,0,0,0,0,0,0,0,0,0,0
10761,1,1,16,16,16,16,16,16,16,16,16,16
10762,1,1,0,0,0,0,0,0,13,0,0,0
10763,1,1,8,8,8,8,8,8,8,8,8,8
10763,2,1,0,29,0,23,0,31,0,0,0,0
10763,3,1,0,0,0,0,0,0,0,0,0,8
10764,1,1,0,0,0,0,0,0,0,0,0,0
10765,1,1,0,0,0,0,0,0,0,0,0,0
10766,1,1,0,0,0,0,0,0,0,0,0,0
10766,2,1,0,0,0,0,0,0,0,0,0,0
10767,0,1,0,0,0,0,0,0,0,0,0,0
10767,1,1,0,0,0,0,0,0,0,0,0,0
10768,1,1,18,18,18,18,18,18,18,18,18,18
10769,1,1,0,27,33,0,7,15,18,0,0,17
10770,1,1,5,5,5,5,5,5,5,5,5,5
10771,1,1,0,0,0,0,0,0,0,0,0,0
10772,1,1,0,0,0,0,0,0,0,0,0,0
10772,2,1,0,0,0,0,0,0,0,0,0,0
10772,3,1,0,0,16,0,0,0,0,0,0,0
10772,4,1,0,0,0,0,0,0,0,0,0,0
10773,1,1,0,0,0,0,0,0,0,0,0,0
10773,2,1,0,0,0,0,0,0,0,0,0,0
10774,1,1,0,0,0,0,0,0,0,0,0,0
10775,1,1,0,0,0,0,0,0,0,0,0,10
10775,2,1,0,0,0,0,0,0,0,0,0,0
10776,1,1,19,19,19,19,19,19,19,19,19,19
10777,0,1,26,26,26,26,26,26,26,26,26,26
10777,1,1,0,0,0,0,0,0,0,0,0,0
10778,1,1,14,14,14,14,14,14,14,14,14,14
10778,2,1,0,0,0,0,0,0,0,0,0,0
10779,1,1,0,0,0,0,0,0,0,0,0,0
10780,1,1,0,0,0,0,0,0,0,0,0,0
10780,2,1,0,0,0,0,0,0,0,0,0,0
10781,1,1,12,35,13,3,24,0,0,0,12,17
10782,0,1,0,0,0,0,0,0,0,0,0,0
10782,0,2,0,3,0,0,0,0,0,0,0,0
10782,0,3,0,20,0,21,0,0,0,27,15,0
10782,1,1,18,18,18,18,18,18,18,18,18,18
10783,1,1,0,0,0,0,0,0,0,0,0,0
10784,1,1,0,0,0,0,0,0,0,0,0,9
10785,1,1,0,0,0,0,25,0,0,0,0,0
10786,1,1,16,16,16,16,16,16,16,16,16,16
10787,1,1,0,0,0,0,0,0,0,0,0,0
10787,2,1,0,0,0,0,0,0,0,0,0,0
10788,1,1,0,6,0,0,0,4,0,0,0,0
10788,2,1,0,0,0,0,0,30,0,0,0,0
10789,1,1,0,0,0,0,9,0,0,0,0,0
10789,2,1,0,0,0,0,0,0,0,0,0,0
10790,0,1,0,0,0,0,0,0,0,0,0,0
10790,1,1,0,0,0,0,0,0,0,0,0,0
10791,1,1,3,3,3,3,3,3,3,3,3,3
10791,2,1,0,0,13,0,0,0,0,0,0,0
10792,1,1,14,19,28,24,8,7,19,7,8,18
10793,1,1,0,0,0,0,0,0,0,0,0,0
10793,2,1,0,0,0,0,0,0,0,0,0,0
10794,0,1,28,0,0,0,0,0,0,0,0,0
10794,1,1,0,0,16,0,0,5,0,0,0,0
10795,1,1,0,0,0,0,0,0,0,0,0,0
10796,1,1,36,0,0,17,0,10,26,0,10,6
10797,1,1,0,0,0,0,0,0,0,0,0,0
10798,1,1,0,0,0,0,0,9,0,0,0,0
10798,2,1,0,0,0,11,0,0,0,0,0,0
10799,1,1,0,28,16,12,0,0,0,0,0,0
10799,2,1,0,7,23,16,16,0,8,0,0,5
10800,1,1,0,0,0,0,0,0,0,0,0,0
10800,2,1,0,0,0,0,0,0,0,0,0,0
10801,1,1,0,0,0,0,0,0,0,0,0,0
10802,1,1,0,0,0,0,0,0,0,0,0,0
10803,1,1,0,0,0,0,0,0,0,0,0,0
10804,1,1,6,6,6,6,6,6,6,6,6,6
10805,1,1,0,0,0,0,21,0,0,20,19,15
10805,2,1,0,0,0,0,0,0,0,0,0,0
10806,1,1,18,18,18,18,18,18,18,18,18,18
10807,0,1,0,0,0,0,0,0,0,0,0,0
10807,1,1,0,0,0,0,0,0,0,0,0,0
10808,1,1,14,14,14,14,14,14,14,14,14,14
10809,1,1,0,0,0,0,0,0,0,0,0,0
10810,1,1,8,8,8,8,8,8,8,8,8,8
10811,0,1,0,0,0,0,0,0,0,0,0,0
10811,1,1,27,0,18,0,0,7,0,0,0,0
10812,0,1,0,0,0,0,0,0,0,0,0,0
10812,1,1,0,0,0,0,0,0,0,0,0,0
10813,1,1,0,0,7,0,0,0,0,20,17,0
10813,2,1,38,0,0,0,27,0,0,0,0,0
10814,1,1,0,0,0,0,0,0,25,0,0,0
10814,2,1,0,0,0,0,0,0,5,0,0,0
10814,3,1,0,0,0,0,0,0,0,0,0,0
10815,1,1,0,19,16,0,0,0,19,0,20,11
10816,0,1,30,30,30,30,30,30,30,30,30,30
10816,1,1,0,0,0,21,0,0,0,0,28,14
10817,0,1,0,24,0,49,0,0,21,0,37,0
10817,1,1,0,21,0,0,0,14,0,0,0,0
10818,1,1,21,0,5,0,0,0,7,0,18,0
10818,2,1,0,0,0,0,0,0,0,0,0,0
10819,0,1,0,0,0,0,0,19,0,0,22,16
10819,1,1,0,0,0,0,0,0,0,0,0,0
10820,1,1,0,0,0,0,0,0,0,0,0,0
10820,2,1,0,0,0,0,0,0,0,0,0,0
10821,1,1,24,23,15,0,30,0,13,20,0,0
10822,1,1,0,0,23,0,0,0,0,18,0,0
10822,2,1,0,0,0,0,0,0,0,0,0,0
10823,0,1,0,0,0,0,0,0,0,0,0,8
10823,1,1,0,0,0,0,0,0,0,0,0,0
10824,1,1,0,0,5,20,21,0,0,21,0,27
10825,1,1,0,10,18,0,0,11,4,0,0,15
10826,1,1,0,0,0,0,0,0,0,0,21,13
10827,0,1,0,16,0,0,0,0,0,0,15,0
10827,1,1,0,0,0,0,0,0,0,0,0,0
10828,0,1,12,12,12,12,12,12,12,12,12,12
10828,1,1,0,0,0,0,0,0,0,0,0,0
10830,0,1,0,0,0,0,0,0,0,0,0,0
10830,1,1,12,12,12,12,12,12,12,12,12,12
10831,1,1,0,0,0,0,0,0,0,0,0,0
10831,2,1,0,0,0,0,0,0,0,0,0,0
10832,0,1,0,0,0,0,0,0,0,13,0,27
10832,1,1,0,0,0,0,0,0,0,0,0,0
10833,1,1,0,0,0,0,0,0,0,0,0,0
10833,2,1,0,0,0,0,0,0,0,0,0,0
10834,0,1,0,0,0,0,19,0,0,0,0,0
10834,1,1,0,0,0,0,0,0,0,0,0,0
10835,1,1,0,0,0,0,0,0,0,0,0,0
10835,2,1,0,0,0,0,0,0,0,0,0,0
10836,1,1,0,0,0,0,0,0,0,0,0,0
10837,1,1,0,0,0,0,0,0,0,0,0,0
10837,2,1,18,0,0,0,0,0,10,0,0,0
10839,1,1,0,0,8,16,0,7,6,14,4,0
10840,1,1,0,0,0,0,0,0,0,0,0,0
10841,0,1,0,0,0,0,0,0,0,0,0,0
10841,0,2,0,0,0,0,0,0,0,0,0,0
10841,0,3,0,0,0,0,0,0,0,0,0,0
10841,1,1,0,0,0,0,0,0,0,0,0,0
10842,0,1,18,0,0,0,8,25,0,0,24,0
10842,1,1,11,0,0,20,0,0,0,0,0,0
10843,1,1,0,0,0,0,0,0,0,0,0,0
10843,2,1,0,0,0,0,0,0,0,0,0,0
10844,1,1,0,0,0,0,20,0,0,0,0,0
10845,1,1,20,15,14,16,13,22,21,7,14,0
10845,2,1,0,0,0,0,0,0,0,0,0,0
10846,1,1,22,2,9,4,19,33,12,11,19,8
10847,1,1,0,0,0,0,0,0,0,14,0,0
10847,2,1,0,0,0,0,0,0,0,0,0,0
10847,3,1,0,0,0,0,0,0,0,0,0,16
10848,1,1,0,0,0,0,0,0,0,0,0,0
10848,2,1,0,0,0,0,0,0,0,0,0,0
10849,0,1,0,0,0,0,0,0,0,0,0,0
10849,1,1,15,15,15,15,15,15,15,15,15,15
10850,0,1,0,0,0,0,0,0,0,0,0,0
10850,1,1,0,0,0,0,0,0,0,0,0,0
10852,1,1,0,0,0,0,0,0,0,0,0,0
10853,0,1,0,0,0,0,0,0,0,0,0,0
10853,2,1,0,0,0,0,18,0,0,0,0,0
10854,1,1,0,0,0,0,0,0,0,0,0,0
10854,2,1,0,0,0,0,0,0,0,0,0,0
10855,1,1,17,0,16,0,0,17,0,0,0,0
10856,1,1,0,15,0,0,10,0,46,0,26,9
10857,1,1,15,15,15,15,15,15,15,15,15,15
10857,2,1,0,0,0,0,0,0,0,0,0,0
10858,1,1,26,26,26,26,26,26,26,26,26,26
10859,1,1,0,0,0,0,0,0,0,0,0,0
10859,2,1,0,0,0,0,0,0,0,0,0,0
10859,3,1,0,0,0,0,0,0,0,0,0,0
10860,1,1,0,0,0,0,0,0,18,0,0,0
10861,1,1,0,0,0,0,0,0,0,0,0,0
10861,2,1,0,0,0,0,0,0,0,0,11,0
10862,0,1,0,0,0,0,0,0,0,0,0,0
10862,1,1,0,0,0,0,0,0,0,0,0,0
10863,1,1,0,8,0,13,0,59,0,0,0,29
10864,1,1,0,0,31,0,0,0,0,0,0,0
10864,2,1,0,0,0,0,0,0,0,0,0,0
10865,1,1,0,0,10,0,1,0,0,0,0,0
10865,2,1,0,0,0,0,0,0,0,0,0,0
10866,1,1,0,0,0,0,0,0,0,0,0,0
10867,1,1,0,0,0,0,0,0,0,0,0,0
10868,0,1,0,0,0,0,0,10,0,0,10,0
10868,1,1,0,13,0,0,0,0,0,0,0,0
10869,1,1,0,0,17,27,0,5,0,7,9,14
10870,1,1,19,0,6,0,0,0,0,0,0,0
10871,1,1,0,0,0,0,0,0,0,0,0,0
10872,1,1,5,0,0,0,0,0,0,0,0,0
10873,0,1,25,25,25,25,25,25,25,25,25,25
10873,1,1,0,0,0,0,0,0,0,0,0,0
10874,1,1,0,0,0,0,0,0,0,0,0,0
20001,0,1,0,28,0,16,22,15,10,14,27,12
20001,1,1,0,0,0,0,0,0,0,0,0,0
20002,1,1,0,0,0,0,0,0,0,0,0,0
20003,1,1,0,0,0,0,0,0,0,0,0,0
20003,2,1,0,0,0,0,0,0,0,0,0,0
20003,3,1,0,0,0,0,0,0,0,0,0,0
20004,0,1,0,0,27,0,18,14,15,0,0,12
20004,1,1,0,27,14,0,17,0,0,25,0,0
20005,1,1,0,0,0,0,0,0,0,0,0,0
20005,2,1,0,0,0,0,0,0,0,0,0,0
20006,1,1,0,0,0,0,0,0,0,0,0,0
20006,2,1,0,0,0,0,0,0,0,0,0,0
20007,1,1,24,24,24,24,24,24,24,24,24,24
20008,1,1,0,0,0,0,0,0,0,0,0,0
20008,2,1,0,0,0,0,0,0,0,0,0,0
20008,3,1,0,0,0,0,0,0,0,0,0,0
20009,0,1,0,0,0,0,0,0,0,0,0,0
20009,1,1,15,0,0,0,0,0,0,0,0,0
20010,1,1,0,0,0,0,0,0,15,0,0,9
20011,0,1,31,31,31,31,31,31,31,31,31,31
20011,1,1,0,0,0,0,0,0,0,0,0,0
20012,1,1,0,0,0,0,0,0,0,0,0,0
20012,2,1,0,0,0,0,0,0,0,0,0,0
20013,1,1,16,16,16,16,16,16,16,16,16,16
20013,2,1,0,0,0,0,0,0,0,0,0,0
20014,1,1,0,0,0,0,0,0,0,0,0,0
20014,2,1,0,0,0,0,0,0,0,0,0,0
20015,1,1,0,0,0,0,0,0,0,0,0,0
20016,0,1,21,21,21,21,21,21,21,21,21,21
20016,1,1,0,0,0,0,0,0,0,0,0,0
20017,1,1,0,0,0,0,0,0,0,0,0,0
20017,2,1,0,0,0,0,0,0,0,0,0,0
20018,0,1,35,15,13,11,36,11,42,5,26,11
20018,0,2,10,0,20,0,18,15,6,40,9,18
20018,1,1,0,0,0,0,0,0,0,0,0,0
20019,1,1,0,0,0,0,0,0,0,0,0,0
20020,1,1,0,0,0,0,0,0,0,0,0,0
20021,1,1,42,42,42,42,42,42,42,42,42,42
20022,1,1,0,0,0,0,0,0,0,0,0,0
20022,2,1,0,0,17,0,0,0,19,0,0,0
20022,3,1,0,0,0,0,0,0,0,0,0,0
20023,1,1,0,0,0,0,0,0,0,0,0,0
20023,2,1,0,0,0,0,0,0,0,0,0,0
20024,0,1,28,28,28,28,28,28,28,28,28,28
20024,1,1,6,6,6,6,6,6,6,6,6,6
20025,1,1,0,0,0,0,0,0,0,0,0,0
20026,1,1,0,0,0,0,0,0,0,0,0,0
20027,1,1,0,0,0,0,0,0,0,0,0,0
20028,1,1,21,21,21,21,21,21,21,21,21,21
20029,0,1,0,0,3,0,26,25,11,0,0,12
20029,1,1,0,6,0,10,0,0,0,0,21,32
20030,1,1,0,0,0,0,0,0,0,0,0,0
20031,1,1,0,0,0,0,0,0,0,0,0,0
20032,1,1,12,12,12,12,12,12,12,12,12,12
20033,1,1,8,8,8,8,8,8,8,8,8,8
20034,1,1,0,0,0,0,0,0,0,0,0,0
20034,2,1,0,0,0,0,0,0,0,0,0,0
20035,1,1,9,9,9,9,9,9,9,9,9,9
20036,0,1,0,0,0,0,0,0,0,0,0,0
20036,1,1,0,0,0,0,0,0,0,0,0,0
20037,1,1,27,27,27,27,27,27,27,27,27,27
20038,1,1,0,0,0,0,0,0,0,0,0,0
20038,2,1,0,0,0,0,0,0,0,0,0,0
20039,1,1,0,0,0,0,0,0,0,0,0,0
20040,1,1,0,0,0,0,0,0,0,0,0,0
20040,2,1,0,0,0,0,0,0,0,0,0,0
20041,1,1,21,21,21,21,21,21,21,21,21,21
20042,1,1,0,0,0,0,0,0,0,0,0,0
20042,2,1,0,0,0,0,0,0,0,0,0,0
20043,1,1,16,16,16,16,16,16,16,16,16,16
20043,2,1,0,0,0,0,0,0,0,0,0,0
20044,1,1,0,0,0,0,0,0,0,0,0,0
20045,1,1,15,15,15,15,15,15,15,15,15,15
20046,1,1,0,0,0,0,0,0,0,0,0,0
20046,2,1,0,0,0,0,0,0,0,0,0,0
20047,1,1,0,0,0,0,0,0,0,0,0,0
20048,1,1,17,17,17,17,17,17,17,17,17,17
20049,1,1,0,0,0,0,0,0,0,0,0,0
20050,1,1,0,0,0,0,0,0,0,0,0,0
20051,1,1,0,0,0,0,0,0,0,0,0,0
20051,2,1,0,25,0,0,0,0,0,0,0,0
20052,1,1,0,0,0,0,0,0,0,0,0,0
20052,2,1,0,0,0,0,0,0,0,0,0,0
20053,0,1,0,0,18,0,25,24,0,0,17,13
20053,1,1,0,0,0,0,0,0,0,0,0,0
20054,1,1,0,0,0,0,0,0,0,0,0,0
20054,2,1,0,0,0,0,0,0,0,0,0,0
20055,0,1,21,21,21,21,21,21,21,21,21,21
20055,1,1,0,0,0,0,0,0,0,0,0,0
20056,1,1,0,0,0,0,0,0,0,0,0,0
20056,2,1,0,0,0,0,0,0,0,0,0,0
20057,0,1,18,17,34,6,8,21,0,0,19,0
20057,1,1,16,6,0,19,0,17,0,0,12,14
20058,1,1,29,29,29,29,29,29,29,29,29,29
20059,1,1,15,15,15,15,15,15,15,15,15,15
20059,2,1,24,24,24,24,24,24,24,24,24,24
20060,0,1,0,0,0,0,0,0,0,0,0,0
20060,1,1,0,0,0,0,0,0,0,0,0,0
20061,0,1,20,0,8,0,0,0,21,0,0,0
20061,1,1,0,24,13,0,0,0,18,0,0,0
20062,1,1,15,15,15,15,15,15,15,15,15,15
20063,0,1,0,0,0,0,0,0,0,0,0,0
20063,1,1,0,0,0,0,0,0,0,0,0,0
20064,1,1,0,0,0,0,0,0,0,0,0,0
20064,2,1,0,0,0,0,0,0,0,0,0,0
20065,0,1,0,0,0,0,0,0,0,0,0,0
20065,1,1,0,0,0,0,0,0,0,0,0,0
20066,1,1,0,0,0,0,0,0,0,0,0,0
20066,2,1,0,0,0,0,0,0,0,0,0,0
20067,1,1,0,0,0,0,0,0,0,0,0,0
20067,2,1,0,0,0,0,0,0,0,0,0,0
20068,1,1,0,0,0,0,0,0,0,0,0,0
20068,2,1,19,19,19,19,19,19,19,19,19,19
20069,1,1,0,0,1,0,0,10,0,0,0,0
20070,1,1,0,0,0,0,0,0,0,0,0,0
20071,1,1,11,4,0,0,0,35,38,0,16,0
20072,1,1,31,31,31,31,31,31,31,31,31,31
20073,0,1,7,16,18,20,40,31,26,0,14,16
20073,1,1,0,0,0,0,0,0,0,0,0,0
20074,1,1,15,14,0,26,26,21,0,0,20,6
20075,1,1,12,12,12,12,12,12,12,12,12,12
40001,1,1,16,20,0,14,19,9,10,7,36,39
40001,2,1,0,0,0,0,0,0,0,0,0,0
40002,1,1,0,0,0,29,0,0,0,0,0,0
40003,1,1,0,12,0,0,0,0,0,0,16,0
40004,1,1,0,0,0,0,0,0,0,0,0,0
40005,1,1,0,0,0,0,0,0,0,0,0,0
40005,2,1,0,0,0,0,0,0,0,0,0,0
40006,1,1,0,0,14,0,0,0,0,0,0,0
40006,2,1,0,0,0,0,0,0,0,0,0,0
40007,0,1,0,0,0,0,0,0,0,0,0,0
40007,1,1,0,0,0,0,0,0,0,0,0,0
40008,1,1,0,0,0,0,0,0,0,0,0,0
40008,2,1,0,0,0,0,0,0,0,0,0,0
40008,3,1,0,0,0,0,0,29,0,0,0,0
40009,1,1,0,0,0,0,0,0,0,0,0,0
40010,1,1,0,0,0,0,0,0,0,0,0,0
40010,2,1,0,0,0,0,0,0,0,0,0,0
40010,3,1,0,0,0,0,0,0,0,0,0,0
40011,1,1,0,10,0,0,0,22,0,0,0,0
40011,2,1,0,0,0,0,0,0,0,0,0,0
40012,1,1,0,0,0,0,0,0,24,0,0,0
40012,2,1,0,0,0,0,0,0,0,0,0,0
40013,1,1,0,0,0,0,0,0,0,0,0,0
40013,2,1,0,0,0,0,0,0,0,0,0,0
40014,1,1,20,0,0,0,0,0,0,0,10,0
40014,2,1,0,0,0,0,0,0,0,0,0,0
40016,0,1,0,0,0,0,0,0,0,0,0,0
40016,1,1,0,0,0,0,0,0,0,0,0,0
40017,1,1,24,24,24,24,24,24,24,24,24,24
40018,0,1,0,0,14,0,0,0,0,0,0,24
40018,1,1,28,28,28,28,28,28,28,28,28,28
40018,2,1,0,0,0,0,0,0,0,0,0,0
40019,1,1,36,36,36,36,36,36,36,36,36,36
40019,2,1,0,0,0,0,0,0,0,0,4,0
40020,1,1,0,0,0,0,0,0,0,0,0,0
40020,2,1,0,0,0,0,0,0,0,0,0,0
40021,0,1,34,34,34,34,34,34,34,34,34,34
40021,1,1,10,22,11,26,16,29,16,18,8,21
40022,1,1,0,0,0,0,0,0,0,0,0,0
40023,0,1,0,0,0,0,0,0,0,0,0,0
40023,1,1,0,0,0,0,0,0,0,0,0,0
40024,0,1,0,0,0,0,0,0,0,0,0,0
40024,1,1,0,0,0,0,0,0,0,0,0,0
40025,1,1,18,18,18,18,18,18,18,18,18,18
40026,1,1,0,0,0,0,0,0,0,0,16,0
40026,2,1,0,0,0,0,18,0,0,0,0,0
40026,3,1,0,0,0,0,0,0,0,0,0,0
40027,1,1,0,0,0,0,0,0,0,0,0,0
40028,0,1,12,0,31,40,0,0,23,0,38,0
40028,1,1,0,0,0,0,0,0,0,0,0,0
40028,2,1,0,0,0,0,0,0,0,0,12,0
40029,1,1,0,0,0,0,0,0,0,0,0,0
40029,2,1,0,0,0,0,0,0,0,0,0,0
40030,1,1,0,0,0,0,0,0,0,0,0,14
40031,1,1,0,0,0,0,0,0,0,0,0,0
40032,0,1,0,0,0,0,0,0,0,0,0,0
40032,1,1,0,0,0,0,0,0,0,0,0,0
40033,1,1,4,18,14,3,15,26,18,12,27,15
40033,2,1,12,0,0,0,0,0,0,0,0,0
40034,0,1,17,17,17,17,17,17,17,17,17,17
40034,1,1,0,0,0,0,4,0,0,0,0,0
40035,1,1,10,10,10,10,10,10,10,10,10,10
40036,1,1,25,25,25,25,25,25,25,25,25,25
40037,1,1,0,24,7,13,24,10,30,19,0,0
40038,1,1,0,9,0,0,0,0,0,0,0,0
40039,1,1,0,19,16,0,0,0,15,0,0,21
40039,2,1,0,0,0,0,0,0,0,0,0,0
40040,1,1,0,0,0,0,0,0,0,0,0,0
40040,2,1,0,0,0,0,0,0,0,0,0,0
40040,3,1,0,0,0,0,0,0,0,0,0,0
40040,4,1,0,0,0,0,0,0,0,0,0,0
40041,1,1,0,0,0,7,0,0,0,0,17,0
40041,2,1,8,0,0,0,0,11,0,0,0,0
40042,1,1,0,0,0,0,0,0,0,0,20,8
40043,1,1,0,0,0,0,0,0,0,10,19,0
40044,0,1,0,0,0,0,0,0,0,0,0,0
40044,1,1,0,0,0,0,0,0,0,0,0,0
40045,1,1,28,28,28,28,28,28,28,28,28,28
40046,1,1,0,0,0,0,0,0,0,0,0,0
40046,2,1,0,0,0,0,0,0,0,0,0,0
40047,0,1,24,24,24,24,24,24,24,24,24,24
40047,1,1,0,0,0,0,0,0,0,0,0,0