ST_CASE,VEH_NO,PER_NO,P1,P2,P3,P4,P5,P6,P7,P8,P9,P10
40350,0,1,0,0,0,0,0,0,0,0,0,0
40350,1,1,0,0,0,0,0,0,0,0,0,0
40351,1,2,16,17,26,13,17,0,15,0,12,20
40352,1,1,16,16,16,16,16,16,16,16,16,16
40353,1,1,31,31,31,31,31,31,31,31,31,31
40353,2,1,0,0,0,0,0,0,0,0,0,0
40354,1,1,0,0,0,0,0,0,0,0,0,0
40354,2,1,0,0,0,0,0,0,0,0,0,0
40355,0,1,23,23,23,23,23,23,23,23,23,23
40355,1,1,0,0,16,27,0,0,27,0,16,0
40356,0,1,0,0,0,0,0,0,0,0,0,0
40356,1,1,0,0,0,0,0,0,0,0,0,0
40356,2,1,0,0,0,0,0,0,0,0,0,0
40357,1,1,0,0,0,0,0,0,0,0,0,0
40357,2,1,0,0,0,0,0,0,0,0,0,0
40358,1,1,20,20,20,20,20,20,20,20,20,20
40359,1,1,0,0,0,0,0,0,0,0,0,0
40359,2,1,0,0,0,0,0,0,0,0,0,0
40359,3,1,0,0,0,0,0,0,0,0,0,0
40360,0,1,0,0,0,0,0,0,0,0,0,0
40360,1,1,0,0,0,0,0,0,0,0,0,0
40360,2,1,0,0,0,0,0,0,0,0,0,10
40361,0,1,0,0,0,0,0,0,0,0,0,0
40361,1,1,16,0,0,13,3,0,0,0,0,0
40362,1,1,32,7,20,25,15,14,16,17,19,22
40363,1,1,0,0,0,0,0,0,0,0,0,0
40363,2,1,8,8,8,8,8,8,8,8,8,8
40364,1,1,0,0,0,0,0,0,0,0,0,0
40364,2,1,0,0,0,0,0,0,0,0,0,0
40365,1,1,0,0,22,0,0,0,0,0,0,0
40365,2,1,0,0,0,0,0,7,14,0,0,10
40366,0,1,0,0,0,0,0,0,0,0,0,0
40366,1,1,11,0,10,0,31,13,8,0,11,19
40367,1,1,0,0,0,0,0,0,0,0,0,0
40367,2,1,0,0,0,0,0,0,0,0,0,0
40368,0,1,32,32,32,32,32,32,32,32,32,32
40368,1,1,0,0,0,27,0,0,0,0,0,0
40369,0,1,0,0,0,0,0,0,0,0,0,0
40369,1,1,0,0,0,0,0,0,0,0,29,0
40370,1,1,17,17,17,17,17,17,17,17,17,17
40371,1,1,0,0,0,0,0,0,0,0,0,0
40371,2,1,0,0,0,0,0,0,0,0,0,0
40372,0,1,0,0,0,0,0,0,0,0,0,0
40372,1,1,0,0,0,0,0,0,0,0,0,0
40373,1,1,0,28,22,14,0,0,0,0,2,0
40375,1,1,21,21,21,21,21,21,21,21,21,21
40375,2,1,0,0,0,0,0,0,0,0,0,0
40376,1,1,0,0,0,0,0,0,0,0,0,0
40376,2,1,0,0,0,0,0,0,0,0,0,0
40377,0,1,0,0,0,0,0,23,6,0,0,19
40377,1,1,0,0,0,0,0,0,0,0,0,0
40378,1,1,0,0,0,0,0,0,0,0,0,0
40378,2,1,0,0,0,0,0,0,0,0,0,0
40379,1,1,0,0,0,0,0,0,0,0,0,0
40379,2,1,0,0,0,0,0,0,0,0,0,0
40380,1,1,0,0,0,0,0,0,0,0,0,0
40380,2,1,0,0,0,0,0,0,0,0,0,0
40381,1,1,0,0,0,0,0,0,0,0,0,0
40381,2,1,0,0,0,0,0,0,0,0,0,0
40382,1,1,16,16,16,16,16,16,16,16,16,16
40382,2,1,0,0,0,0,0,0,0,0,0,0
40383,1,1,19,19,19,19,19,19,19,19,19,19
40385,1,1,6,6,6,6,6,6,6,6,6,6
40386,0,1,0,0,0,0,0,0,0,0,0,0
40386,1,1,0,0,0,0,0,0,0,0,0,0
40387,0,1,28,28,28,28,28,28,28,28,28,28
40387,1,1,0,25,19,22,0,0,0,0,0,0
40388,1,1,0,0,0,0,0,0,0,0,0,0
40389,0,1,0,0,0,0,0,0,0,0,0,0
40389,1,1,0,0,0,0,0,0,0,0,0,0
40390,1,1,2,2,2,2,2,2,2,2,2,2
40391,1,1,9,9,9,9,9,9,9,9,9,9
40392,1,1,30,20,16,11,0,15,16,10,17,17
40392,2,1,0,0,0,0,0,0,0,0,0,0
40392,3,1,22,13,17,13,16,13,3,7,18,18
40393,1,1,32,32,32,32,32,32,32,32,32,32
40394,1,1,0,0,0,0,0,0,0,0,0,0
40395,1,1,22,22,22,22,22,22,22,22,22,22
40396,0,1,0,0,0,0,0,0,0,0,0,0
40396,1,1,0,0,0,0,0,0,0,0,0,0
40397,1,1,0,0,0,0,0,0,0,0,0,0
40397,2,1,0,0,0,0,0,0,0,0,0,0
40398,1,1,0,0,0,0,0,0,0,0,0,0
40398,2,1,0,0,0,0,0,0,0,0,0,0
40399,1,1,0,0,0,0,0,0,0,0,0,0
40400,1,1,0,0,0,0,0,0,0,0,0,0
40401,1,1,0,0,0,17,0,0,0,0,0,0
40401,2,1,0,0,0,0,0,0,0,0,0,0
40402,1,1,0,0,0,0,0,0,0,0,6,7
40403,1,1,13,0,0,0,0,0,0,0,0,0
40403,2,1,0,20,0,0,0,0,0,0,0,0
40403,3,1,0,0,0,0,0,0,0,0,0,0
40404,0,1,33,18,13,30,41,22,15,6,16,0
40404,1,1,21,37,35,15,26,32,11,9,6,15
40405,1,1,0,0,0,0,0,0,0,0,0,0
40406,1,1,0,0,0,20,8,0,0,0,0,0
40407,0,1,0,14,0,0,11,22,0,0,22,19
40407,1,1,11,0,22,29,0,20,0,0,21,0
40408,0,1,19,19,19,19,19,19,19,19,19,19
40408,0,2,13,23,19,26,38,16,12,13,20,4
40408,1,1,0,0,0,0,0,0,0,0,31,0
40409,0,1,20,20,20,20,20,20,20,20,20,20
40409,1,1,0,0,0,0,0,0,14,0,0,17
40410,1,1,4,4,4,4,4,4,4,4,4,4
40411,0,1,13,17,0,0,16,30,0,8,0,0
40411,1,1,0,0,0,23,9,0,10,0,0,24
40412,1,1,16,16,16,16,16,16,16,16,16,16
40412,2,1,14,14,14,14,14,14,14,14,14,14
40413,0,1,0,0,0,0,0,0,9,0,0,0
40413,1,1,0,0,0,0,0,0,0,0,0,0
40414,0,1,0,0,0,0,0,0,0,0,0,0
40414,1,1,0,15,10,0,0,0,0,0,0,0
40415,0,1,33,33,33,33,33,33,33,33,33,33
40415,1,1,0,0,0,0,0,0,0,0,0,0
40416,1,1,22,22,22,22,22,22,22,22,22,22
40416,2,1,0,0,0,0,0,0,0,0,0,0
40416,3,1,0,0,0,0,0,0,0,0,0,0
40417,1,1,0,0,0,0,0,0,0,0,0,0
40418,1,1,0,0,0,0,0,0,0,0,0,0
40419,1,1,0,0,0,0,0,0,0,21,0,0
40419,2,1,13,0,0,0,0,0,0,0,0,0
40420,1,1,0,0,0,0,0,0,0,0,0,0
40422,0,1,0,0,0,0,0,0,0,0,0,0
40422,1,1,0,0,0,0,0,0,0,0,0,0
40422,2,1,0,0,0,0,0,0,0,0,0,0
40423,1,1,0,0,0,0,0,0,0,0,0,0
40423,2,1,25,25,25,25,25,25,25,25,25,25
40424,1,1,0,0,0,0,0,0,0,0,0,0
40424,2,1,0,0,0,0,9,0,0,0,0,0
40425,0,1,0,0,0,0,0,0,0,0,0,0
40425,1,1,0,0,0,0,0,0,0,0,0,0
40426,0,1,29,29,29,29,29,29,29,29,29,29
40426,1,1,0,0,11,0,0,0,5,33,0,0
40427,1,1,11,17,25,19,21,10,11,14,24,16
40428,1,1,45,0,0,0,0,0,0,6,0,0
40429,1,1,0,0,0,0,0,0,0,0,0,0
40429,2,1,0,0,0,0,0,0,0,0,0,0
40429,3,1,0,0,0,0,0,0,0,0,0,0
40430,1,1,0,11,18,24,21,15,15,41,30,7
40430,2,1,0,0,0,0,0,0,0,0,0,0
40431,0,1,0,0,0,0,0,0,0,0,0,0
40431,1,1,0,0,0,0,0,0,0,0,0,0
40432,0,1,0,0,0,0,0,0,0,0,0,0
40432,1,1,0,0,0,0,0,0,0,0,0,0
40433,0,1,0,0,0,0,0,0,0,0,0,0
40433,1,1,20,0,0,0,17,0,0,0,0,0
40434,1,1,0,0,0,0,0,0,0,0,0,0
40434,2,1,0,0,0,0,0,0,0,0,0,0
40435,1,1,16,18,0,14,9,2,10,0,17,0
40435,2,1,13,0,0,0,0,0,0,0,13,0
40436,0,1,0,0,0,0,0,0,0,0,0,0
40436,1,1,0,0,0,0,0,0,0,0,0,0
40437,1,1,0,0,0,0,0,0,0,0,0,0
40437,2,1,0,0,0,0,0,0,0,0,0,0
40437,3,1,11,0,0,0,0,0,0,0,0,0
40437,4,1,0,0,0,0,0,0,0,0,0,0
40438,1,1,0,0,0,0,0,0,0,0,0,0
40439,1,1,20,20,20,20,20,20,20,20,20,20
40440,0,1,28,28,28,28,28,28,28,28,28,28
40440,1,1,6,15,13,21,0,0,0,0,0,0
40441,0,1,0,0,0,0,0,0,0,0,0,0
40441,1,1,0,10,0,0,0,0,0,0,0,0
40442,1,1,0,0,0,0,0,0,0,0,0,0
40442,2,1,0,0,0,0,0,0,0,0,0,0
40443,0,1,1,1,1,1,1,1,1,1,1,1
40443,1,1,0,0,0,0,0,0,0,0,0,0
40444,1,1,29,29,29,29,29,29,29,29,29,29
40445,1,1,19,19,19,19,19,19,19,19,19,19
40445,2,1,0,0,0,0,0,0,0,0,0,0
40446,1,1,0,0,0,0,0,0,0,0,0,0
40446,2,1,0,0,0,0,0,0,0,0,0,0
40447,1,1,15,15,15,15,15,15,15,15,15,15
40448,1,1,0,0,0,0,0,0,0,0,0,0
40449,1,1,5,0,0,0,0,0,0,0,0,0
40450,1,1,0,0,0,0,0,0,0,0,0,0
40450,2,1,0,0,0,0,0,0,0,0,0,0
40451,1,1,0,11,0,25,14,27,16,23,0,9
40452,1,1,0,27,16,0,26,5,0,7,11,16
40453,1,1,17,17,17,17,17,17,17,17,17,17
40453,2,1,0,0,0,0,0,0,0,0,0,0
40453,3,1,0,0,0,0,0,0,0,0,0,0
40453,4,1,0,0,0,0,0,0,0,0,0,20
40453,5,1,0,0,0,0,0,0,0,0,0,0
40454,0,1,2,2,2,2,2,2,2,2,2,2
40454,1,1,18,0,0,0,0,0,0,21,0,16
40455,1,1,0,0,0,0,0,0,0,0,0,0
40456,0,1,0,0,0,0,0,0,0,0,0,0
40456,1,1,25,0,0,0,0,0,9,0,0,0
40457,1,1,0,0,0,0,0,0,0,0,0,0
40457,2,1,0,0,0,0,0,0,0,0,0,0
40458,0,1,31,0,0,12,12,18,0,23,23,0
40458,1,1,0,18,0,0,0,0,9,0,0,0
40459,1,1,1,1,1,1,1,1,1,1,1,1
40459,2,1,0,0,0,0,0,0,0,0,0,0
40460,1,1,0,0,0,0,0,0,0,0,0,0
40460,2,1,0,0,0,0,0,0,0,0,0,0
40461,1,1,0,0,0,0,0,0,0,0,0,0
40461,2,1,0,0,0,0,0,0,7,0,0,0
40462,1,1,11,11,11,11,11,11,11,11,11,11
40462,2,1,0,0,0,0,0,0,0,0,0,0
40462,3,1,0,0,0,0,0,0,0,0,0,0
40463,1,1,0,0,0,0,0,0,0,0,0,0
40463,2,1,0,0,0,0,0,0,0,0,0,0
40463,3,1,0,0,0,0,0,0,0,0,0,0
40463,4,1,0,0,0,0,0,0,0,0,0,0
40464,1,1,0,0,0,0,0,0,0,0,0,0
40464,2,1,0,0,0,0,0,0,0,0,0,0
40465,1,1,20,20,20,20,20,20,20,20,20,20
40465,2,1,0,0,0,0,0,0,0,0,7,0
40466,1,1,0,0,0,0,0,0,0,0,0,0
40466,2,1,0,0,0,0,0,0,0,0,0,0
40467,1,1,7,7,7,7,7,7,7,7,7,7
40467,2,1,0,0,0,0,0,0,0,0,0,0
40468,0,1,0,0,0,0,0,0,0,0,0,0
40468,1,1,0,0,0,0,5,0,0,0,0,0
40469,0,1,0,0,0,0,0,0,0,0,0,0
40469,1,1,0,0,0,0,0,0,0,0,0,0
40470,1,1,3,3,3,3,3,3,3,3,3,3
40471,1,1,4,4,4,4,4,4,4,4,4,4
40472,1,1,0,0,0,0,0,12,0,0,0,0
40472,2,1,0,0,0,0,0,0,0,0,0,0
40473,1,1,0,0,0,0,0,0,0,0,0,0
40473,2,1,0,0,0,0,0,0,0,0,0,0
40474,1,1,0,0,0,0,0,0,0,0,0,0
40475,1,1,0,0,23,0,0,0,0,0,18,0
40476,1,1,0,0,0,0,0,0,0,0,0,0
40477,0,1,0,0,0,0,0,0,0,0,0,0
40477,1,1,28,0,0,0,0,9,0,0,0,0
40478,1,1,0,0,0,0,0,0,0,0,0,0
40478,2,1,0,0,0,0,0,0,0,0,0,0
40479,1,1,30,30,30,30,30,30,30,30,30,30
40480,1,1,0,0,0,0,0,0,0,0,0,0
40480,2,1,0,0,0,0,0,0,0,0,0,0
40480,3,1,0,0,0,0,0,0,0,0,0,0
40481,0,1,0,0,0,0,0,0,0,0,0,0
40481,0,2,0,0,0,0,0,0,0,0,0,0
40481,1,1,0,0,0,0,0,0,0,0,0,0
40482,1,1,0,0,0,0,0,0,0,0,0,0
40483,1,1,31,31,31,31,31,31,31,31,31,31
40483,2,1,5,0,0,0,0,0,0,0,20,0
40484,1,1,21,21,21,21,21,21,21,21,21,21
40485,1,1,23,23,23,23,23,23,23,23,23,23
40486,1,1,0,0,0,0,0,0,0,0,0,0
40487,0,1,25,25,25,25,25,25,25,25,25,25
40487,1,1,0,0,0,27,0,0,0,0,0,0
40488,1,1,0,0,0,0,0,0,0,0,0,0
40488,2,1,0,19,0,0,0,0,0,0,6,7
40489,1,1,0,0,0,0,0,0,0,0,0,0
40489,2,1,0,0,0,0,0,0,0,0,0,0
40490,0,1,14,14,14,14,14,14,14,14,14,14
40490,1,1,6,6,6,6,6,6,6,6,6,6
40491,1,1,0,0,0,21,0,0,0,0,0,0
40491,2,1,0,0,0,0,0,0,0,0,0,0
40491,3,1,0,0,0,0,0,0,0,0,0,0
40492,1,1,0,0,0,3,0,0,0,0,0,0
40493,1,1,0,0,0,0,0,0,0,0,0,0
40494,0,1,0,0,0,0,0,0,0,0,0,0
40494,1,1,0,0,12,28,0,14,0,0,7,0
40495,1,1,0,0,0,0,0,0,0,0,0,0
40495,2,1,11,0,16,0,0,0,0,0,0,0
40495,3,1,0,0,0,0,0,0,0,0,0,0
40495,4,1,0,0,0,0,12,0,0,0,0,0
40496,1,1,0,0,0,0,0,0,0,0,0,0
40496,2,1,0,0,0,0,0,0,0,0,0,0
40497,1,1,0,0,0,0,0,0,0,0,0,0
40497,2,1,0,0,0,0,0,0,0,0,0,0
40497,3,1,0,0,0,0,0,0,0,0,18,0
40497,4,1,0,0,0,0,0,19,0,0,0,0
40497,5,1,0,0,0,0,0,0,0,0,0,0
40497,6,1,0,0,0,0,0,0,0,8,0,0
40498,0,1,0,0,0,0,0,0,0,0,0,0
40498,1,1,0,0,0,0,0,0,13,21,0,20
40499,0,1,0,0,0,0,0,0,0,0,0,0
40499,1,1,0,0,0,0,0,0,0,0,0,0
40500,1,1,7,7,7,7,7,7,7,7,7,7
40500,2,1,0,0,0,0,0,0,0,0,0,0
40501,0,1,21,21,21,21,21,21,21,21,21,21
40501,1,1,0,0,0,0,0,0,0,0,0,0
40502,1,1,0,0,0,0,0,0,0,0,0,0
40502,2,1,0,0,0,0,0,0,0,0,0,0
40503,0,1,7,0,30,8,0,0,30,0,53,8
40503,1,1,8,26,12,0,32,18,24,0,32,0
40504,1,1,0,0,0,0,0,0,0,0,0,0
40504,2,1,0,0,0,0,0,0,0,0,3,0
40505,1,1,20,20,20,20,20,20,20,20,20,20
40506,1,1,22,22,22,22,22,22,22,22,22,22
40507,1,1,12,12,12,12,12,12,12,12,12,12
40507,2,1,17,17,17,17,17,17,17,17,17,17
40509,1,1,0,0,0,0,0,0,0,0,0,0
40509,2,1,0,0,0,0,0,0,0,16,0,8
40510,1,1,0,0,0,0,0,0,0,0,0,0
40510,2,1,0,0,0,0,0,0,0,0,0,0
40511,1,1,0,0,0,0,0,0,0,0,0,0
40512,1,1,10,10,10,10,10,10,10,10,10,10
40514,1,1,30,30,30,30,30,30,30,30,30,30
40514,2,1,19,19,19,19,19,19,19,19,19,19
40515,1,1,0,0,0,0,0,0,0,0,0,0
40516,1,1,0,0,0,0,0,0,0,0,0,0
40516,2,1,0,0,0,0,0,0,0,0,0,0
40517,1,1,0,0,0,0,0,0,0,0,0,0
40517,2,1,7,7,7,7,7,7,7,7,7,7
40518,1,1,0,8,0,0,0,0,0,0,0,0
40518,2,1,0,0,0,0,0,0,0,0,0,0
40519,1,1,1,1,1,1,1,1,1,1,1,1
40520,1,1,0,0,0,0,0,0,0,0,0,0
40520,2,1,0,0,0,0,0,0,0,0,0,0
40521,1,1,0,0,0,0,0,0,0,0,0,0
40521,2,1,0,0,0,0,0,0,0,0,0,0
40522,1,1,0,0,0,0,0,0,0,0,0,0
40523,1,1,0,0,0,0,0,0,0,11,0,12
40524,1,1,0,0,0,0,0,0,31,0,0,0
40525,1,1,17,17,17,17,17,17,17,17,17,17
40525,2,1,0,0,0,0,0,0,0,0,0,0
40526,1,1,0,0,13,0,0,13,0,22,0,0
40527,1,1,0,0,0,0,0,0,0,0,0,0
40528,1,1,0,0,0,0,0,0,0,0,0,0
40529,1,1,0,0,0,0,0,0,0,0,0,0
40529,2,1,0,0,0,0,0,0,0,0,0,0
40529,3,1,0,0,0,0,0,0,0,0,0,0
40529,4,1,0,21,26,0,0,0,7,0,0,0
40529,5,1,0,0,0,0,0,0,0,0,0,0
40530,1,1,0,0,0,0,0,0,0,0,0,0
40530,2,1,0,0,0,0,0,0,0,0,0,0
40531,1,1,8,8,8,8,8,8,8,8,8,8
40531,2,1,8,8,8,8,8,8,8,8,8,8
40532,1,1,0,0,0,0,0,0,0,0,0,0
40533,1,1,0,0,0,0,0,0,0,0,0,0
40533,2,1,0,0,0,0,0,27,13,0,0,0
40534,1,1,0,19,5,0,17,16,0,0,0,33
40535,1,1,18,18,18,18,18,18,18,18,18,18
40535,2,1,0,0,0,0,0,0,0,0,0,0
40536,1,1,20,16,2,11,17,19,0,28,17,0
40537,1,1,7,8,0,24,15,17,12,0,34,11
40537,2,1,0,0,0,0,0,0,0,0,0,0
40538,0,1,0,0,0,0,0,0,0,0,0,0
40538,1,1,0,0,0,0,0,0,0,0,0,0
40539,0,1,9,9,9,9,9,9,9,9,9,9
40539,1,1,0,0,0,0,0,0,0,0,0,0
40540,0,1,0,34,0,22,6,0,0,0,10,0
40540,1,1,0,0,0,0,28,0,0,0,0,0
40541,1,1,0,0,0,0,0,0,0,0,0,0
40541,2,1,0,0,0,0,0,0,0,0,0,0
40542,1,1,0,0,0,0,0,0,0,0,0,0
40543,1,1,0,0,0,0,0,0,0,0,0,2
40544,1,1,0,0,0,0,0,0,0,0,0,0
40545,1,1,0,0,0,0,0,0,0,0,0,0
40546,1,1,13,13,13,13,13,13,13,13,13,13
40547,1,1,0,0,0,0,0,0,0,0,0,0
40547,2,1,0,0,0,0,0,0,0,0,0,0
40548,1,1,0,0,19,0,11,0,0,0,0,0
40548,2,1,0,0,0,0,0,0,0,0,0,0
40549,1,1,0,0,0,0,0,0,0,0,0,0
40549,2,1,0,0,0,0,0,0,0,0,0,0
40550,1,1,24,24,24,24,24,24,24,24,24,24
40551,1,1,18,18,18,18,18,18,18,18,18,18
40552,1,2,0,23,0,0,0,0,0,0,5,26
40553,1,1,0,18,0,0,0,0,0,0,0,0
40554,1,1,16,0,17,0,0,0,13,0,0,0
40555,0,1,7,7,7,7,7,7,7,7,7,7
40555,1,1,20,16,11,0,0,0,0,0,18,0
40556,1,1,0,0,0,0,0,0,0,0,0,0
40556,2,1,19,0,21,29,0,11,0,25,0,13
40557,1,1,0,0,0,0,0,0,0,0,0,0
40558,1,1,0,0,0,0,0,0,0,0,0,17
40558,2,1,0,0,0,0,0,0,0,0,0,0
40559,0,1,0,0,0,0,0,0,0,0,0,0
40559,1,1,0,0,0,0,0,0,0,0,0,0
40560,1,1,0,0,0,0,0,0,0,0,0,0
40561,1,1,0,0,0,0,0,0,0,0,0,0
40562,0,1,0,0,0,0,0,0,0,0,0,0
40562,1,1,6,0,24,24,9,13,27,0,30,0
40563,0,1,0,0,0,0,0,0,0,0,0,0
40563,1,1,0,0,0,0,0,0,0,0,0,0
40564,0,1,0,0,0,0,0,0,0,0,0,0
40564,1,1,0,0,0,0,0,0,0,0,0,0
40565,0,1,0,0,0,0,0,0,0,0,0,0
40565,1,1,19,19,19,19,19,19,19,19,19,19
40566,1,1,14,14,14,14,14,14,14,14,14,14
40566,2,1,0,0,0,0,0,0,0,16,0,0
40567,1,1,10,10,10,10,10,10,10,10,10,10
40567,2,1,13,13,13,13,13,13,13,13,13,13
40568,0,1,29,0,0,0,0,7,18,19,12,0
40568,1,1,12,0,0,0,18,18,0,0,6,27
40569,1,1,0,0,0,0,0,0,0,0,0,0
40570,1,1,35,35,35,35,35,35,35,35,35,35
40570,2,1,0,0,0,0,0,0,0,0,0,0
40571,1,1,35,35,35,35,35,35,35,35,35,35
40572,1,1,15,15,15,15,15,15,15,15,15,15
40572,2,1,0,0,0,0,0,0,0,0,0,0
40573,1,1,16,16,16,16,16,16,16,16,16,16
40573,2,1,0,0,0,0,5,0,0,0,0,0
40574,1,1,0,0,0,0,0,0,0,0,0,0
40574,2,1,0,0,0,0,0,0,0,0,0,0
40575,1,1,22,22,22,22,22,22,22,22,22,22
40575,2,1,0,0,0,0,0,0,0,0,0,0
40576,1,1,18,18,18,18,18,18,18,18,18,18
40577,1,1,0,0,0,0,0,0,0,0,0,0
40578,1,1,19,14,0,14,0,0,13,0,0,0
40578,2,1,0,0,0,0,0,0,0,0,0,0
40579,0,1,25,25,25,25,25,25,25,25,25,25
40579,1,1,0,0,0,0,0,0,0,0,0,0
40580,1,1,0,0,0,0,0,0,0,0,0,0
40581,0,1,0,0,0,0,0,0,0,0,0,0
40581,1,1,0,0,0,0,0,0,0,0,0,0
40582,1,1,40,40,40,40,40,40,40,40,40,40
40583,1,1,0,0,0,0,0,0,0,0,0,0
40583,2,1,0,0,0,0,0,0,0,0,0,0
40584,1,1,0,0,0,0,0,0,0,0,0,0
40584,2,1,0,8,0,0,0,0,0,0,8,0
40585,1,1,0,0,0,0,0,0,0,0,0,0
40585,2,1,0,0,0,0,0,0,0,0,0,0
40587,1,1,0,0,0,0,0,0,0,0,0,0
40588,1,1,13,13,13,13,13,13,13,13,13,13
40589,0,1,0,0,0,0,0,0,0,0,0,0
40589,1,1,0,0,0,0,0,0,0,0,0,0
40590,1,1,0,0,0,0,0,0,0,0,0,0
40591,1,1,0,0,0,0,0,0,0,0,4,0
40591,2,1,0,0,0,18,0,0,14,0,0,0
40591,3,1,0,0,0,0,0,0,0,0,0,0
40591,4,1,0,0,0,0,0,0,0,0,0,0
40591,5,1,0,0,0,0,0,0,0,0,0,0
40592,1,1,0,0,0,0,0,0,0,0,0,0
40593,1,1,0,0,0,0,0,0,0,0,0,0
40594,0,1,22,22,22,22,22,22,22,22,22,22
40594,1,1,18,18,18,18,18,18,18,18,18,18
40595,1,1,19,19,19,19,19,19,19,19,19,19
40596,1,1,0,0,26,0,0,0,0,0,0,0
40596,2,1,0,0,0,0,0,0,0,0,0,0
40598,1,1,0,0,0,0,0,17,0,0,0,0
40599,1,1,0,0,0,12,0,0,21,0,0,39
40600,1,2,0,0,0,0,0,0,0,0,15,0
40601,1,1,0,0,0,0,0,0,0,0,0,0
40601,2,1,0,0,0,0,0,0,0,0,0,0
40602,1,1,0,0,0,0,0,0,0,0,0,0
40602,2,1,0,0,0,0,0,0,0,0,0,0
40603,1,1,0,0,0,0,0,0,0,0,0,0
40604,1,1,2,2,2,2,2,2,2,2,2,2
40605,1,1,0,0,0,0,0,0,0,0,0,0
40605,2,1,0,0,0,0,0,0,0,0,0,0
40606,1,1,0,0,0,0,0,0,0,0,0,0
40606,2,1,0,0,0,0,0,0,0,0,0,0
40607,0,1,0,0,0,0,0,0,0,0,0,0
40607,1,1,0,0,0,0,0,0,0,0,0,0
40608,1,1,3,3,3,3,3,3,3,3,3,3
40608,2,1,0,0,0,0,0,0,0,0,11,0
40609,0,1,0,0,0,46,0,0,0,0,0,0
40609,1,1,0,0,0,0,0,0,0,0,0,0
40610,1,1,22,22,22,22,22,22,22,22,22,22
40610,2,1,2,2,2,2,2,2,2,2,2,2
40611,1,1,0,0,0,0,0,0,0,0,0,0
40611,2,1,0,0,0,0,0,0,0,0,0,0
40612,0,1,0,0,0,0,0,0,0,0,0,0
40612,1,1,0,0,0,0,0,0,0,0,0,21
40613,1,1,14,14,14,14,14,14,14,14,14,14
40613,2,1,0,0,0,0,0,0,0,0,0,0
40614,1,1,0,0,0,0,0,0,0,0,0,0
40614,2,1,17,17,17,17,17,17,17,17,17,17
40615,0,1,0,17,0,13,0,10,0,0,0,0
40615,1,1,0,0,0,0,0,0,0,0,0,0
40616,1,1,31,31,31,31,31,31,31,31,31,31
40616,2,1,0,0,0,0,0,0,0,0,0,0
40617,0,1,0,0,0,0,0,0,0,0,17,0
40617,1,1,0,0,0,0,0,0,0,0,0,0
40618,1,1,2,2,2,2,2,2,2,2,2,2
40619,0,1,0,0,0,0,0,0,0,0,0,0
40619,1,1,0,0,0,11,0,0,0,0,0,0
40620,1,1,0,0,0,0,0,0,0,0,0,0
40620,2,1,0,0,0,0,0,0,0,0,0,0
40621,0,1,0,0,0,0,0,20,0,0,20,0
40621,1,1,0,0,0,0,0,0,0,0,0,0
40622,1,1,0,0,0,0,0,0,0,0,0,0
40622,2,1,14,0,0,0,0,0,0,0,0,0
40623,0,1,0,0,0,0,0,0,0,0,0,0
40623,1,1,16,22,13,0,0,0,0,0,30,0
40624,1,1,0,0,0,0,0,0,0,0,0,0
40625,1,1,0,0,0,0,0,0,0,0,0,0
40626,1,1,0,0,0,0,0,0,0,0,0,0
40626,2,1,0,0,0,0,0,0,0,0,0,0
40627,0,1,0,0,0,0,0,0,0,0,0,0
40627,1,1,0,0,0,0,0,0,0,0,0,0
40628,1,1,4,4,4,4,4,4,4,4,4,4
40628,2,1,5,5,5,5,5,5,5,5,5,5
40629,1,1,0,0,0,0,0,0,0,0,0,0
40629,2,1,0,18,0,0,0,0,0,0,0,0
40630,1,1,30,30,30,30,30,30,30,30,30,30
40631,1,1,25,25,25,25,25,25,25,25,25,25
40632,1,1,0,0,0,0,0,0,0,0,0,0
40632,2,1,0,0,0,0,0,0,0,0,0,0
40633,1,1,0,0,33,0,0,0,0,0,0,0
40633,2,1,0,0,0,0,0,0,0,0,0,0
40634,1,1,0,0,0,0,0,0,0,0,0,0
40634,2,1,0,0,0,0,0,0,0,0,0,0
40634,3,1,0,0,0,0,0,0,0,0,0,0
40635,1,1,0,0,0,0,0,0,0,0,0,0
40636,1,1,0,0,0,0,0,0,0,0,0,0
40636,2,1,0,0,0,0,0,0,12,0,0,0
40637,1,1,15,15,15,15,15,15,15,15,15,15
40638,1,1,20,20,20,20,20,20,20,20,20,20
40638,2,1,0,0,0,0,0,0,0,26,0,0
40639,1,1,0,0,0,0,0,0,0,0,0,0
40639,2,1,0,0,0,0,0,0,0,0,0,0
40640,1,1,9,9,9,9,9,9,9,9,9,9
40642,0,1,0,0,0,0,0,0,0,0,0,0
40642,1,1,0,0,0,0,0,0,0,0,0,0
40643,1,1,18,0,0,0,0,0,0,0,0,0
40643,2,1,0,0,0,0,0,0,0,0,0,0
40644,1,1,0,0,0,0,0,0,0,0,0,0
40645,0,1,0,0,0,0,0,0,0,0,0,0
40645,0,2,0,0,0,0,0,0,0,0,23,0
40645,1,1,0,11,13,0,0,0,0,0,0,4
40646,0,1,0,0,0,0,0,0,0,0,0,0
40646,1,1,0,0,0,0,0,0,0,0,0,0
40647,1,1,21,21,21,21,21,21,21,21,21,21
40648,1,1,0,0,0,0,0,0,0,0,0,0
40648,2,1,0,0,0,0,0,0,0,0,0,0
40649,1,1,0,0,9,18,24,0,0,18,0,0
40650,0,1,25,25,25,25,25,25,25,25,25,25
40650,1,1,0,18,17,18,35,0,30,0,0,12
40651,1,1,0,0,0,0,0,0,0,0,0,0
40652,1,1,18,18,18,18,18,18,18,18,18,18
40652,2,1,0,0,0,15,0,0,0,19,7,0
40655,0,1,0,0,0,0,0,0,0,0,0,0
40655,1,1,0,36,0,0,2,0,0,0,19,0
40656,1,1,23,23,23,23,23,23,23,23,23,23
40656,2,1,0,0,0,0,0,0,0,0,0,0
40657,1,1,0,0,0,0,0,0,0,0,0,0
40657,2,1,0,0,0,0,0,0,0,0,0,0
40658,0,1,11,11,11,11,11,11,11,11,11,11
40658,1,1,0,0,0,0,0,0,0,0,0,0