ST_CASE,VEH_NO,PER_NO,P1,P2,P3,P4,P5,P6,P7,P8,P9,P10
120060,1,1,0,0,0,0,25,0,0,0,0,0
120061,1,1,0,0,0,0,0,0,0,0,0,0
120062,1,1,25,25,25,25,25,25,25,25,25,25
120063,1,1,0,0,0,0,0,0,0,0,0,0
120063,2,1,0,0,0,0,0,0,0,0,0,0
120064,1,1,0,0,0,0,0,0,0,0,0,0
120064,2,1,0,0,0,0,0,0,22,0,0,0
120065,1,1,0,0,0,0,0,0,0,0,0,0
120065,2,1,0,0,0,0,0,0,0,0,0,0
120066,0,1,15,15,15,15,15,15,15,15,15,15
120066,1,1,0,0,0,0,0,0,0,0,0,0
120066,2,1,0,38,0,0,4,0,0,0,0,0
120067,1,1,0,0,0,0,0,0,0,0,0,0
120067,2,1,0,0,0,0,0,0,0,0,0,0
120069,1,1,5,5,20,0,11,18,38,26,24,17
120069,2,1,0,0,0,0,0,0,0,0,0,0
120070,0,1,27,27,27,27,27,27,27,27,27,27
120070,1,1,0,0,0,0,0,0,0,0,0,0
120071,1,1,0,0,0,0,0,0,0,0,0,0
120071,2,1,0,0,0,0,0,0,0,0,0,0
120071,3,1,0,0,0,0,0,0,0,0,0,0
120072,1,1,0,0,0,0,0,0,0,0,0,0
120072,2,1,0,0,0,0,0,0,0,0,0,0
120073,1,1,0,0,0,0,0,0,0,0,0,0
120073,2,1,0,0,0,0,0,0,0,0,0,0
120073,3,1,0,0,0,0,0,0,38,0,0,0
120074,0,1,0,0,0,0,0,0,0,0,0,0
120074,1,1,0,0,0,25,0,0,0,0,0,0
120075,0,1,0,0,0,0,0,0,32,0,0,0
120075,1,1,0,0,0,0,0,0,0,0,0,0
120076,0,1,0,0,0,0,0,0,0,0,0,0
120076,1,1,0,0,0,0,0,0,0,0,0,0
120077,1,1,0,0,0,0,0,0,0,0,0,0
120077,2,1,0,0,0,0,0,0,0,0,0,0
120078,1,1,14,14,14,14,14,14,14,14,14,14
120078,2,1,0,0,0,0,0,0,0,0,0,0
120078,3,1,0,0,0,0,19,0,0,0,0,0
120079,1,1,0,0,0,0,0,0,0,0,0,0
120079,2,1,0,0,0,0,0,0,0,0,0,0
120080,1,1,18,18,18,18,18,18,18,18,18,18
120080,2,1,0,0,0,0,0,0,0,0,0,0
120081,1,1,0,0,0,0,0,0,0,0,0,0
120081,2,1,0,0,0,0,0,0,0,0,0,0
120082,1,1,25,25,25,25,25,25,25,25,25,25
120083,1,1,11,11,11,11,11,11,11,11,11,11
120084,1,1,0,0,0,0,0,0,0,0,0,0
120085,0,1,0,0,0,0,0,0,0,0,0,0
120085,1,1,0,0,0,0,0,0,7,0,17,0
120085,2,1,0,0,0,0,0,0,0,0,0,0
120087,1,1,0,0,0,0,0,0,0,0,0,0
120087,2,1,1,1,1,1,1,1,1,1,1,1
120088,1,1,27,27,27,27,27,27,27,27,27,27
120088,2,1,0,0,0,0,0,0,0,0,0,0
120088,3,1,0,0,0,0,0,0,0,0,0,0
120089,0,1,20,0,0,0,0,0,0,0,0,0
120089,1,1,0,0,0,0,0,0,0,0,0,0
120090,1,1,0,0,0,0,4,0,0,0,0,0
120090,2,1,0,0,0,0,0,0,19,4,0,0
120091,1,1,0,0,0,27,0,0,0,0,0,0
120091,2,1,0,0,0,0,0,0,0,0,0,0
120092,1,1,0,0,0,0,0,0,0,0,0,0
120092,2,1,0,0,0,0,0,0,0,0,0,0
120095,1,1,0,0,0,0,0,0,0,13,0,0
120096,1,1,15,0,0,0,0,0,0,0,19,0
120097,1,1,0,0,0,0,0,0,0,0,0,0
120097,2,1,0,0,0,0,0,0,11,0,0,0
120098,0,1,0,0,0,0,0,0,0,0,0,0
120098,1,1,0,0,0,0,0,0,0,0,0,0
120099,1,1,0,0,0,10,0,0,0,0,0,0
120099,2,1,0,0,0,0,0,0,0,0,0,41
120100,1,1,0,0,0,0,20,0,0,0,0,0
120100,2,1,0,0,0,0,0,0,0,0,0,0
120100,3,1,0,0,0,16,0,0,0,0,0,0
120100,4,1,0,0,0,0,0,0,0,0,0,0
120101,1,1,0,0,0,0,0,0,0,0,0,0
120101,2,1,0,0,0,0,0,0,0,0,0,0
120102,0,1,0,0,0,0,0,0,0,0,0,0
120102,1,1,0,13,0,0,0,0,0,0,0,20
120103,1,1,17,14,14,29,12,2,10,11,26,18
120104,1,1,0,13,18,5,13,0,16,14,7,11
120104,2,1,0,0,0,0,0,0,0,0,0,0
120105,1,1,0,0,0,0,0,0,0,0,0,0
120105,2,1,0,0,0,0,0,0,0,0,0,0
120106,1,1,0,0,0,0,0,0,0,0,0,0
120106,2,1,0,0,0,0,0,0,0,0,0,0
120107,1,1,0,0,0,0,0,0,0,0,0,0
120107,2,1,0,0,0,0,0,0,21,0,0,0
120108,1,1,0,0,0,0,0,0,0,0,0,0
120108,2,1,0,0,22,0,0,0,0,0,0,0
120109,1,1,0,0,0,0,0,0,0,0,0,0
120109,2,1,7,0,0,11,0,0,29,0,0,2
120110,1,1,6,6,6,6,6,6,6,6,6,6
120110,2,1,12,12,12,12,12,12,12,12,12,12
120111,1,1,0,0,0,0,0,0,0,0,0,0
120111,2,1,0,0,0,0,0,0,0,0,0,0
120112,1,1,0,0,0,0,0,0,0,0,0,0
120112,2,1,0,0,0,0,0,0,0,0,0,0
120113,0,1,19,19,19,19,19,19,19,19,19,19
120113,1,1,0,0,0,17,0,0,0,0,0,0
120114,0,1,0,0,0,0,0,0,0,0,0,0
120114,1,1,0,0,0,0,0,0,0,0,0,0
120115,1,1,4,34,26,9,18,23,3,17,47,16
120115,2,1,0,0,0,0,0,0,0,0,0,0
120115,3,1,0,0,0,0,0,0,0,0,0,0
120116,1,1,0,0,0,0,0,0,0,0,0,0
120116,2,1,0,0,0,0,0,0,0,0,0,0
120117,1,1,28,28,28,28,28,28,28,28,28,28
120118,1,1,2,2,2,2,2,2,2,2,2,2
120119,1,1,6,6,6,6,6,6,6,6,6,6
120119,2,1,0,0,0,0,0,0,0,0,0,0
120120,0,1,0,0,0,0,0,0,0,0,0,0
120120,1,1,0,0,0,0,0,0,0,0,0,0
120121,1,1,0,0,0,0,0,0,0,0,0,0
120121,2,1,0,0,0,0,0,0,0,0,0,0
120122,0,1,12,12,12,12,12,12,12,12,12,12
120122,1,1,0,0,0,0,0,0,0,0,0,0
120123,0,1,0,0,0,0,0,0,0,0,0,0
120123,1,1,0,27,0,0,0,8,0,0,29,13
120124,1,1,0,0,0,0,0,0,0,0,17,8
120124,2,1,0,0,0,0,0,0,0,0,0,0
120125,0,1,20,20,20,20,20,20,20,20,20,20
120125,1,1,0,0,0,0,0,0,0,0,0,0
120126,1,1,0,0,0,0,0,0,0,0,0,0
120126,2,1,0,0,0,0,0,0,0,0,0,0
120127,1,1,16,16,16,16,16,16,16,16,16,16
120128,1,1,26,26,26,26,26,26,26,26,26,26
120128,2,1,0,0,18,0,0,13,0,0,0,0
120129,1,1,0,0,0,0,0,0,0,0,0,0
120129,2,1,0,0,0,0,0,7,0,0,0,8
120130,0,1,24,24,24,24,24,24,24,24,24,24
120130,1,1,0,0,0,0,0,0,0,0,0,0
120131,1,1,0,0,0,0,0,0,0,0,0,0
120132,1,1,0,0,0,0,0,0,0,0,0,0
120132,2,1,0,0,11,0,0,0,0,0,0,0
120132,3,1,0,28,0,0,0,0,0,0,0,0
120132,4,1,0,0,0,0,0,0,0,0,0,0
120133,0,1,0,0,0,0,0,0,0,0,0,0
120133,1,1,0,0,0,0,0,0,0,0,0,11
120134,1,1,14,14,14,14,14,14,14,14,14,14
120135,1,1,1,1,1,1,1,1,1,1,1,1
120135,2,1,0,0,0,0,0,0,0,0,0,0
120136,1,1,12,16,9,0,0,4,0,6,3,0
120137,0,1,0,0,0,0,0,0,15,0,0,0
120137,1,1,0,0,0,0,0,0,0,0,0,0
120138,1,1,0,0,0,0,0,0,0,0,0,0
120139,1,1,0,0,0,0,0,0,0,0,0,0
120139,2,1,0,0,0,0,0,0,0,0,0,0
120140,1,1,18,18,18,18,18,18,18,18,18,18
120140,2,1,0,0,0,0,0,0,0,0,0,0
120141,0,1,0,0,0,0,0,0,0,0,0,0
120141,1,1,0,0,0,0,0,0,0,0,0,0
120142,1,1,0,0,0,0,0,0,0,0,0,0
120142,2,1,0,0,0,0,0,0,0,0,0,0
120142,3,1,0,0,0,11,0,0,0,0,7,0
120142,4,1,0,0,0,17,0,0,16,0,14,0
120143,1,1,0,0,0,0,0,0,0,0,0,0
120143,2,1,0,0,0,0,0,0,0,0,0,0
120144,1,1,0,0,0,0,0,0,0,0,0,0
120144,2,1,0,0,0,0,0,0,0,0,0,0
120144,3,1,0,0,0,0,0,0,0,0,0,0
120144,4,1,0,0,0,0,0,0,0,0,0,0
120145,1,1,0,0,23,0,22,0,0,0,0,0
120145,2,1,0,0,0,0,0,0,0,0,0,0
120146,1,1,0,0,0,0,0,0,0,0,0,0
120146,2,1,0,0,0,0,0,0,0,0,0,0
120147,1,1,0,0,0,0,0,0,0,0,0,0
120147,2,1,0,0,0,0,0,0,0,0,0,0
120148,1,1,0,0,0,0,0,0,0,0,0,14
120148,2,1,0,0,0,0,0,0,0,0,0,0
120149,1,1,0,0,0,0,0,0,0,0,0,0
120149,2,1,0,0,0,0,0,0,0,0,0,0
120150,1,1,13,13,13,13,13,13,13,13,13,13
120151,0,1,0,16,0,0,20,5,15,0,41,0
120151,1,1,0,0,0,0,0,0,0,0,0,0
120151,2,1,0,0,0,0,0,0,0,0,6,0
120152,1,1,16,16,16,16,16,16,16,16,16,16
120153,1,1,0,0,0,0,0,0,0,0,0,0
120153,2,1,0,0,0,0,0,6,0,0,0,0
120154,1,1,20,20,20,20,20,20,20,20,20,20
120155,1,1,0,0,0,0,0,0,0,0,0,0
120155,2,1,11,11,11,11,11,11,11,11,11,11
120156,1,1,13,13,13,13,13,13,13,13,13,13
120157,1,1,31,31,31,31,31,31,31,31,31,31
120158,0,1,5,5,5,5,5,5,5,5,5,5
120158,1,1,0,0,0,0,0,0,0,0,0,0
120158,2,1,0,0,17,14,7,11,24,0,0,0
120159,1,1,21,21,21,21,21,21,21,21,21,21
120159,2,1,0,0,0,0,0,0,0,0,0,0
120160,0,1,0,14,0,0,0,0,0,0,0,0
120160,1,1,0,0,0,0,0,0,0,0,0,0
120161,0,1,0,0,19,18,0,11,0,0,0,13
120161,1,1,0,0,0,0,0,0,0,0,0,0
120162,0,1,21,14,0,7,0,0,0,9,20,0
120162,1,1,0,0,18,12,0,0,28,0,0,0
120163,1,1,0,0,0,0,0,9,0,12,0,0
120163,2,1,0,0,0,0,0,0,0,0,0,0
120163,3,1,0,0,0,0,0,0,0,0,0,0
120164,0,1,0,0,0,0,0,0,0,17,0,0
120164,1,1,0,0,0,0,0,0,0,0,0,0
120165,1,1,0,0,0,0,0,0,0,0,0,0
120165,2,1,11,0,0,0,0,0,0,0,0,0
120165,3,1,0,0,0,0,0,0,0,0,0,0
120166,1,1,0,0,0,0,0,0,0,0,0,0
120166,2,1,0,0,0,0,0,0,0,0,0,0
120167,1,1,21,21,21,21,21,21,21,21,21,21
120167,2,1,0,0,0,0,0,0,0,0,0,0
120168,0,1,0,0,0,0,0,0,0,0,0,0
120168,1,1,0,0,0,0,0,0,0,0,0,0
120169,0,1,11,11,11,11,11,11,11,11,11,11
120169,1,1,0,0,0,0,0,0,0,0,0,0
120169,2,1,0,0,0,0,0,0,0,0,0,0
120169,3,1,0,0,0,0,0,0,0,0,0,0
120170,1,1,16,17,14,24,25,27,16,0,0,0
120171,1,1,8,8,8,8,8,8,8,8,8,8
120172,1,1,0,0,0,0,0,0,0,0,0,0
120172,2,1,0,0,0,0,0,0,0,0,0,0
120173,0,1,0,0,0,0,0,17,0,0,0,0
120173,1,1,0,0,0,0,27,0,0,0,0,0
120174,1,1,0,0,10,0,0,0,8,0,0,23
120175,1,1,0,0,0,0,0,0,0,0,0,0
120176,1,1,13,13,13,13,13,13,13,13,13,13
120176,2,1,0,0,0,0,0,0,0,0,0,0
120177,1,1,0,0,0,0,0,0,0,0,0,0
120177,2,1,0,0,0,0,0,0,0,0,0,0
120178,1,1,23,23,23,23,23,23,23,23,23,23
120179,1,1,0,0,0,0,0,0,0,0,0,0
120180,1,1,0,0,0,0,0,0,0,0,0,0
120180,2,1,0,0,0,0,0,0,0,0,0,0
120181,1,1,0,0,0,0,0,0,0,0,0,0
120181,2,1,0,0,0,0,0,0,0,0,0,0
120182,1,1,0,0,20,0,0,0,0,0,0,0
120182,2,1,0,0,0,0,0,0,0,0,0,0
120183,1,1,18,18,18,18,18,18,18,18,18,18
120184,0,1,0,0,0,0,0,0,0,0,0,0
120184,1,1,0,0,0,0,0,0,0,0,0,0
120185,1,1,0,0,0,0,15,9,0,0,0,0
120185,2,1,14,0,0,0,0,0,0,0,0,0
120186,1,1,0,0,0,0,0,0,0,0,0,28
120187,1,1,0,0,0,0,0,0,0,0,13,0
120187,2,1,0,0,0,0,0,0,0,0,0,0
120188,1,1,0,0,0,0,0,20,0,0,0,20
120191,0,1,0,0,0,0,0,0,0,0,0,0
120191,1,1,0,0,0,0,0,0,0,0,0,0
120191,3,1,0,0,0,0,0,0,0,0,0,0
120192,1,1,0,0,0,0,0,0,0,0,0,0
120192,2,1,0,0,0,0,0,0,0,0,0,0
120193,0,1,26,25,0,0,0,0,0,17,45,31
120193,1,1,0,0,0,0,0,0,0,0,0,0
120194,0,1,0,0,0,0,0,0,0,0,0,0
120194,1,1,0,0,0,0,0,0,0,0,0,0
120195,0,1,18,18,18,18,18,18,18,18,18,18
120195,1,1,0,0,0,14,0,0,9,0,0,0
120195,2,1,0,23,0,0,0,0,0,0,0,0
120196,0,1,0,0,0,0,0,0,0,0,0,0
120196,1,1,20,8,15,36,4,19,28,6,27,0
120197,1,1,0,0,0,0,0,0,0,0,0,0
120199,1,1,0,0,0,0,0,0,0,0,0,0
120199,2,1,0,0,0,0,0,0,10,0,0,0
120200,0,1,0,0,10,0,0,0,0,0,0,0
120200,1,1,0,0,0,0,0,0,0,0,0,0
120201,0,1,25,25,25,25,25,25,25,25,25,25
120201,1,1,0,0,0,0,0,0,0,0,13,0
120202,1,1,22,22,22,22,22,22,22,22,22,22
120202,2,1,0,0,0,0,0,0,0,0,0,0
120204,1,1,0,0,0,0,0,0,0,0,0,0
120204,2,1,0,0,0,0,0,0,0,0,0,0
120205,1,1,0,0,0,0,0,0,0,19,0,0
120206,1,1,0,0,0,0,0,0,0,0,0,0
120206,2,1,0,0,0,0,0,0,0,0,0,0
120207,0,1,41,41,41,41,41,41,41,41,41,41
120207,1,1,0,0,0,0,0,0,0,0,0,0
120209,1,1,0,0,0,0,0,0,0,0,0,0
120209,2,1,0,0,0,0,0,0,4,0,0,12
120210,1,1,0,0,0,0,0,0,0,0,0,0
120210,2,1,0,0,0,0,0,0,0,0,0,0
120211,0,1,0,0,0,0,13,0,0,0,0,0
120211,1,1,0,16,0,0,0,0,0,11,0,0
120212,1,1,0,0,0,0,0,0,0,0,0,0
120213,1,1,19,19,19,19,19,19,19,19,19,19
120214,1,1,11,3,14,21,13,10,7,10,12,9
120214,2,1,0,0,0,0,0,0,0,0,0,0
120215,1,1,0,0,0,0,16,0,0,0,0,0
120215,2,1,0,0,0,0,0,0,0,0,0,0
120216,1,1,0,0,0,0,0,0,0,0,0,0
120217,1,1,0,0,0,0,0,0,0,0,0,0
120221,1,1,17,17,17,17,17,17,17,17,17,17
120223,1,1,0,0,0,0,0,0,0,0,0,0
120223,2,1,0,0,0,0,0,0,0,0,0,0
120224,1,1,10,0,22,7,22,14,36,0,0,0
120224,2,1,0,0,0,0,0,0,0,0,0,0
120225,0,1,0,0,0,0,0,0,0,0,0,0
120225,1,1,0,0,0,0,0,0,0,0,0,0
120225,2,1,0,0,0,0,0,29,0,0,0,0
120226,1,1,29,29,29,29,29,29,29,29,29,29
120228,1,1,23,23,23,23,23,23,23,23,23,23
120229,1,1,27,27,27,27,27,27,27,27,27,27
120230,1,1,16,16,16,16,16,16,16,16,16,16
120231,1,1,0,11,0,0,0,0,0,0,15,0
120231,2,1,0,0,0,0,0,11,0,0,0,0
120232,0,1,0,0,0,0,0,0,0,0,0,0
120232,1,1,0,0,0,0,0,0,0,0,0,0
120233,1,1,9,9,9,9,9,9,9,9,9,9
120234,1,1,0,0,0,0,0,0,0,0,0,0
120235,1,1,0,0,0,0,23,0,0,18,0,23
120235,2,1,9,0,0,0,0,0,0,0,0,0
120236,1,1,0,0,0,0,8,0,0,0,0,0
120236,2,1,0,0,0,0,0,0,0,0,0,0
120237,1,1,0,0,0,0,0,20,0,0,0,0
120238,1,1,0,0,0,0,9,0,0,0,0,0
120240,0,1,0,0,0,0,0,0,0,0,0,0
120240,1,1,15,12,0,0,0,0,14,0,0,0
120241,0,1,0,0,0,0,0,0,0,0,0,0
120241,1,1,0,0,0,0,0,0,0,0,0,0
120242,1,1,0,12,20,0,0,23,0,10,0,0
120242,2,1,0,0,0,0,0,26,0,0,0,0
120244,1,1,16,16,16,16,16,16,16,16,16,16
120245,1,1,17,17,17,17,17,17,17,17,17,17
120246,0,1,0,0,0,0,0,0,0,0,0,0
120246,1,1,0,0,0,0,0,0,21,0,0,0
120247,1,1,10,10,10,10,10,10,10,10,10,10
120247,2,1,5,35,6,0,22,0,26,0,1,0
120248,1,1,0,13,0,0,20,12,2,21,11,0
120249,1,1,0,0,0,0,0,0,0,0,0,0
120249,2,1,0,0,7,0,13,3,0,0,0,6
120250,1,1,0,0,0,0,12,0,8,0,0,0
120250,2,1,0,0,0,0,0,0,0,0,7,0
120251,0,1,0,32,21,38,29,23,17,9,0,31
120251,1,1,0,0,0,0,0,0,0,0,0,0
120252,1,1,0,0,0,0,0,0,16,0,0,0
120252,2,1,10,9,0,0,0,0,0,0,16,0
120253,1,1,0,0,0,0,0,0,0,0,17,0
120253,2,1,0,6,0,30,0,0,0,0,0,0
120254,1,1,0,0,0,0,0,0,0,0,0,0
120255,1,1,0,0,0,0,0,0,0,0,0,0
120256,0,1,0,0,0,0,26,0,9,0,32,35
120256,1,1,0,0,0,0,20,0,0,0,0,0
120257,1,1,12,17,0,0,0,0,0,0,18,0
120258,0,1,0,0,0,0,0,0,0,0,0,0
120258,1,1,0,0,0,0,0,0,0,0,0,0
120259,1,1,0,0,0,0,0,0,0,0,0,0
120259,2,1,0,0,0,0,0,0,0,0,0,0
120260,1,1,0,0,0,0,0,0,0,0,0,0
120260,2,1,0,0,0,0,0,0,0,0,0,0
120260,3,1,0,0,0,0,0,0,0,0,0,0
120260,4,1,0,0,0,0,0,0,0,0,0,0
120260,5,1,0,0,0,0,0,0,0,0,0,0
120261,0,1,0,20,0,0,21,0,0,0,0,20
120261,1,1,0,19,0,0,0,0,0,0,0,0
120262,1,1,0,7,0,0,0,22,0,0,0,0
120262,2,1,0,0,0,0,11,0,0,0,0,0
120263,1,1,23,23,23,23,23,23,23,23,23,23
120263,2,1,0,0,0,0,0,0,0,0,0,0
120264,0,1,22,8,28,36,15,18,12,11,11,40
120264,0,2,0,0,0,0,0,0,0,0,0,0
120264,1,1,19,21,15,17,0,11,12,30,30,8
120265,1,1,0,0,0,0,0,0,0,0,0,0
120265,2,1,0,0,0,0,0,0,0,0,0,0
120265,3,1,0,0,0,0,0,0,0,0,0,0
120266,0,1,0,0,0,0,0,0,0,0,17,16
120266,1,1,0,0,0,0,0,0,0,0,0,0
120266,2,1,0,0,0,0,0,0,0,0,0,0
120267,1,1,0,0,0,0,0,0,0,0,0,0
120267,2,1,0,0,0,12,0,0,0,0,0,0
120268,1,1,15,23,23,0,14,0,15,0,10,3
120269,0,1,0,0,0,0,0,0,0,0,0,0
120269,1,1,0,0,0,0,0,0,0,0,0,0
120270,1,1,0,0,0,0,0,0,0,0,0,0
120270,2,1,0,0,0,0,0,0,0,18,0,0
120271,1,1,0,0,0,0,0,0,0,0,0,0
120271,2,1,0,0,0,0,0,0,0,0,0,0
120272,1,1,0,0,0,0,0,0,0,0,0,0
120273,0,1,21,21,21,21,21,21,21,21,21,21
120273,1,1,25,12,0,21,17,14,0,12,24,28
120274,1,1,9,0,0,0,0,0,0,0,0,0
120275,0,1,27,27,27,27,27,27,27,27,27,27
120275,1,1,0,0,15,0,0,0,0,0,16,0
120276,0,1,0,0,0,0,0,0,0,0,0,0
120276,1,1,0,11,0,9,24,0,0,0,0,0
120277,0,1,0,0,0,0,17,0,0,0,0,0
120277,1,1,9,0,0,0,12,8,23,0,11,17
120278,1,1,0,0,18,0,18,0,0,0,0,0
120278,2,1,0,0,0,0,0,0,0,0,0,0
120279,0,1,11,11,11,11,11,11,11,11,11,11
120279,1,1,6,0,0,0,15,0,0,0,0,0
120280,1,1,22,22,22,22,22,22,22,22,22,22
120281,0,1,0,0,0,0,0,0,0,0,0,0
120281,1,1,0,0,0,0,0,0,0,0,0,0
120282,0,1,0,0,0,0,0,0,0,0,0,0
120282,1,1,0,0,0,0,0,0,0,0,0,0
120283,0,1,9,4,9,0,18,20,31,20,30,0
120283,1,1,0,0,0,0,0,12,0,0,0,0
120284,0,1,0,0,0,0,0,0,0,0,0,0
120284,1,1,0,0,0,0,0,0,0,0,0,0
120285,1,1,0,0,21,8,4,0,0,25,12,0
120285,2,1,0,0,0,0,0,0,0,0,0,0
120286,1,1,18,20,12,17,0,25,9,10,15,10
120287,1,1,0,0,0,10,0,5,0,0,0,0
120287,2,1,0,0,0,13,18,0,0,0,0,0
120287,3,1,0,0,0,0,0,0,0,0,0,11
120287,4,1,0,0,20,0,0,0,0,0,0,20
120288,0,1,0,0,20,18,23,0,0,0,16,0
120288,1,1,0,0,0,0,0,0,0,0,0,0
120289,1,1,0,0,0,0,0,0,0,0,0,0
120290,1,1,26,26,26,26,26,26,26,26,26,26
120291,1,1,9,20,19,10,10,26,26,23,17,15
120292,1,1,21,21,21,21,21,21,21,21,21,21
120292,2,1,0,0,0,0,0,0,0,0,0,0
120293,0,1,0,28,0,0,0,0,0,0,0,0
120293,1,1,17,0,0,0,0,0,0,0,0,0
120294,0,1,0,0,0,0,0,0,0,0,0,0
120294,2,1,0,0,0,0,0,0,0,0,0,0
120295,0,1,14,0,0,0,0,0,0,0,0,0
120295,1,1,0,0,0,0,0,0,0,0,0,0
120296,0,1,31,31,31,31,31,31,31,31,31,31
120296,1,1,0,0,0,0,0,0,0,12,0,0
120297,1,1,0,0,0,0,0,0,0,0,0,0
120297,2,1,16,0,0,0,0,0,0,0,0,0
120298,0,1,0,0,0,0,0,0,0,0,0,0
120298,1,1,0,0,0,0,0,0,0,0,0,7
120299,0,1,0,0,0,0,0,0,0,0,0,0
120299,1,1,0,0,0,0,0,0,0,0,0,0
120300,1,1,10,10,10,10,10,10,10,10,10,10
120301,1,1,6,28,17,0,20,8,14,12,9,14
120301,2,1,0,0,0,0,0,0,0,14,0,0
120301,3,1,0,0,0,0,0,0,0,0,0,0
120301,4,1,0,0,0,0,0,0,0,0,0,0
120302,1,1,0,0,0,0,0,0,0,0,0,0
120303,0,1,0,0,0,0,0,0,0,0,0,0
120303,1,1,0,0,0,27,0,0,0,0,0,0
120304,1,1,10,10,10,10,10,10,10,10,10,10
120305,1,1,0,0,0,0,0,0,0,0,0,0
120307,1,1,0,0,0,0,0,8,0,0,0,0
120308,1,1,0,0,0,0,0,0,0,0,0,0
120309,1,1,18,18,18,18,18,18,18,18,18,18
120309,2,1,21,21,21,21,21,21,21,21,21,21
120310,1,1,0,0,0,0,0,0,0,0,0,0
120310,2,1,0,0,0,0,0,0,0,0,0,0
120311,1,1,17,17,17,17,17,17,17,17,17,17
120311,2,1,0,0,0,0,0,0,0,0,0,0
120313,0,1,0,0,0,0,0,0,0,0,0,0
120313,1,1,0,0,0,0,0,0,0,0,0,0
120314,0,1,0,0,0,0,0,0,0,0,0,0
120314,1,1,0,0,0,0,0,0,0,0,0,0
120315,0,1,0,0,0,0,0,0,0,0,10,0
120315,1,1,0,0,0,0,0,0,0,0,0,0
120316,1,1,0,15,10,0,0,7,0,10,0,14
120317,1,1,49,5,28,10,19,7,16,0,11,19
120318,1,1,0,8,33,34,0,0,0,0,0,12
120319,1,1,0,0,0,0,0,0,0,0,0,0
120320,0,1,0,0,0,0,0,0,0,0,0,0
120320,1,1,0,0,0,0,0,0,0,0,0,0
120321,0,1,0,0,0,0,0,0,0,0,0,0
120321,1,1,0,0,0,33,0,26,12,0,0,0
120322,1,1,0,0,0,0,0,0,0,0,0,0
120322,2,1,0,0,0,0,0,0,0,0,0,0
120323,1,1,0,0,0,0,0,0,0,0,0,0
120324,1,1,20,20,20,20,20,20,20,20,20,20
120325,1,1,0,0,0,0,0,0,0,0,0,0
120325,2,1,0,0,0,0,0,0,0,0,0,0
120326,0,1,0,0,0,0,0,0,0,0,0,0
120326,1,1,0,0,0,0,0,0,0,0,0,0
120328,1,1,16,22,20,10,0,18,18,29,19,10
120328,2,1,0,0,0,0,0,0,0,0,0,0
120329,1,1,0,0,0,0,0,0,0,0,0,0
120329,2,1,0,0,0,0,0,0,0,0,0,0
120330,0,1,0,0,0,24,0,0,0,0,0,0
120330,1,1,0,0,0,0,0,0,0,0,0,0
120331,1,1,10,10,10,10,10,10,10,10,10,10
120332,0,1,25,25,25,25,25,25,25,25,25,25
120332,1,1,0,0,0,0,0,0,0,0,0,0
120333,1,1,0,0,0,0,0,0,0,0,0,0
120333,2,1,0,10,0,0,0,0,0,0,0,0
120334,1,1,0,0,0,0,0,0,13,0,13,13
120334,2,1,0,0,0,0,0,0,0,1,0,0
120335,1,1,16,16,16,16,16,16,16,16,16,16
120336,1,1,30,30,30,30,30,30,30,30,30,30
120337,0,1,0,0,0,0,0,0,0,0,0,0
120337,1,1,0,27,0,14,0,0,0,0,0,0
120338,1,1,0,0,0,0,0,0,0,0,0,0
120338,2,1,0,0,0,13,0,0,0,5,0,0
120340,1,1,0,0,0,0,0,0,0,24,0,0
120341,1,1,0,0,0,0,0,0,0,0,0,20
120342,0,1,0,0,0,0,0,10,0,0,18,0
120342,1,1,0,0,0,0,0,0,0,0,0,0
120343,0,1,0,20,0,0,0,0,0,0,4,0
120343,1,1,0,0,0,0,0,0,0,0,0,0
120344,0,1,0,0,0,0,0,0,0,0,0,0
120344,1,1,0,0,0,13,0,0,0,0,0,0
120345,1,1,4,4,4,4,4,4,4,4,4,4
120346,0,1,0,31,0,0,0,0,0,14,0,15
120346,1,1,0,0,0,0,0,0,0,0,0,0
120347,1,1,12,12,12,12,12,12,12,12,12,12
120348,1,1,0,0,0,0,0,0,0,0,0,0
120349,1,1,0,0,0,0,0,0,0,0,0,0
120349,2,1,0,0,0,0,0,0,0,0,0,0
120350,1,1,0,0,0,0,0,0,0,0,0,0
120351,0,1,0,0,0,0,0,0,0,0,0,0
120351,1,1,0,0,0,0,0,0,0,0,0,0
120352,0,1,0,0,0,0,0,0,0,0,0,0
120352,1,1,0,0,40,0,0,0,0,0,0,25
120353,1,1,15,15,15,15,15,15,15,15,15,15
120353,2,1,0,0,0,0,0,0,0,0,0,0
120354,1,1,0,24,0,0,0,0,0,0,13,0
120356,1,1,6,0,28,21,19,0,24,29,21,0
120357,1,1,0,0,0,0,0,0,0,0,0,0
120357,2,1,0,0,0,0,0,0,0,0,24,0
120358,1,1,25,13,12,15,0,6,24,12,14,13
120358,2,1,0,0,0,0,0,26,0,0,0,0
120359,0,1,20,0,0,0,28,0,31,0,0,0
120359,1,1,0,0,0,0,0,0,0,0,7,0
120360,1,1,0,0,0,0,13,0,24,0,31,0
120361,0,1,0,0,0,0,0,0,0,0,0,0
120361,1,1,0,0,0,0,0,0,0,0,0,0
120362,1,1,0,0,0,0,0,0,0,0,0,0