ST_CASE,VEH_NO,PER_NO,P1,P2,P3,P4,P5,P6,P7,P8,P9,P10
120363,1,1,0,0,0,0,0,0,0,21,0,0
120363,2,1,0,0,0,0,0,0,0,0,0,0
120364,1,1,17,17,17,17,17,17,17,17,17,17
120365,0,1,17,15,0,0,29,0,18,0,0,0
120365,1,1,0,0,0,0,0,0,0,0,0,11
120366,1,1,0,0,0,0,0,0,0,0,0,0
120366,2,1,0,0,0,0,0,0,0,0,0,0
120367,1,1,0,0,0,0,0,0,0,0,0,11
120367,2,1,0,0,0,0,0,0,0,0,0,0
120368,1,1,13,0,0,10,0,0,0,0,18,20
120368,2,1,0,0,0,0,0,0,14,0,0,0
120369,0,1,0,0,0,19,0,0,24,0,0,35
120369,1,1,26,0,0,0,0,0,0,0,18,0
120369,2,1,0,0,0,0,0,0,0,0,0,0
120370,1,1,13,13,13,13,13,13,13,13,13,13
120371,1,1,0,0,0,0,0,0,0,0,0,0
120372,1,1,0,0,0,0,0,0,0,0,0,0
120373,1,1,0,0,0,0,0,0,0,0,0,0
120374,1,1,0,0,0,18,0,0,0,0,17,0
120375,0,1,0,0,0,0,0,0,0,0,0,0
120375,1,1,0,0,0,0,0,0,0,0,0,0
120376,1,1,34,34,34,34,34,34,34,34,34,34
120376,2,1,0,6,17,0,0,30,6,16,13,0
120377,1,1,0,9,0,0,0,0,0,0,0,0
120377,2,1,0,0,0,0,0,0,0,0,0,0
120378,0,1,31,31,31,31,31,31,31,31,31,31
120378,1,1,0,0,0,0,0,0,0,0,0,0
120378,2,1,0,0,0,0,0,0,0,0,0,21
120378,3,1,0,0,0,0,0,0,0,0,0,0
120378,4,1,0,0,0,0,0,0,9,0,0,0
120378,5,1,0,0,0,0,20,0,0,0,0,0
120379,0,1,28,0,0,0,31,0,0,0,0,0
120379,1,1,0,0,0,0,0,0,0,0,0,0
120380,1,1,0,10,0,0,16,0,0,0,0,0
120380,2,1,0,0,0,0,0,0,0,0,0,22
120381,1,1,0,0,0,0,0,0,34,0,10,0
120381,2,1,0,0,0,0,0,0,0,0,0,0
120382,1,1,0,0,0,0,0,0,0,0,0,0
120382,2,1,0,0,0,0,0,0,0,7,5,0
120383,1,1,0,0,0,0,0,0,0,0,0,0
120383,2,1,0,0,0,0,0,0,0,0,0,0
120384,1,1,0,0,0,0,0,0,0,19,0,25
120384,2,1,0,0,0,0,0,0,0,0,0,0
120385,1,1,29,0,0,0,0,0,17,0,0,0
120386,1,1,24,24,24,24,24,24,24,24,24,24
120387,1,1,0,0,0,0,0,0,0,0,0,0
120387,2,1,0,9,0,0,0,0,0,0,0,0
120387,3,1,0,0,0,0,0,0,0,0,0,0
120388,1,1,0,0,0,0,0,0,0,0,0,0
120388,2,1,0,0,0,0,0,0,0,0,0,0
120389,0,1,0,12,0,0,0,0,0,0,0,0
120389,1,1,0,0,0,0,0,0,0,9,0,0
120391,1,1,0,0,0,0,0,0,0,0,0,0
120392,1,1,0,0,0,0,0,0,0,0,0,0
120392,2,1,20,20,20,20,20,20,20,20,20,20
120392,3,1,0,0,0,0,0,0,0,0,0,0
120393,0,1,0,0,0,0,0,0,0,0,0,0
120393,1,1,0,0,0,8,12,0,15,0,0,14
120394,1,1,0,0,0,8,0,0,0,10,8,0
120394,2,1,0,14,0,0,0,0,0,0,0,0
120395,1,1,0,0,0,0,0,0,0,0,0,0
120395,2,1,0,0,0,0,0,0,0,0,0,0
120395,3,1,0,0,0,0,0,0,0,0,0,0
120396,1,1,0,0,0,0,0,0,0,0,0,0
120396,2,1,0,0,0,0,0,0,0,0,0,0
120397,1,1,20,20,20,20,20,20,20,20,20,20
120397,2,1,0,0,0,0,0,0,0,0,0,0
120399,0,1,0,0,0,0,0,0,0,0,0,0
120399,1,1,10,10,10,10,10,10,10,10,10,10
120400,1,1,0,0,0,0,0,0,0,0,0,0
120400,2,1,0,0,0,0,0,0,0,0,0,0
120401,0,1,0,0,0,0,0,0,0,0,0,0
120401,1,1,0,0,0,0,0,0,0,0,0,0
120403,1,1,6,6,6,6,6,6,6,6,6,6
120404,1,1,29,0,11,30,0,0,0,6,0,0
120404,2,1,0,0,0,0,0,0,0,0,0,0
120405,1,1,0,0,0,0,0,0,0,0,0,0
120405,2,1,0,0,0,0,0,0,0,0,0,0
120406,0,1,0,35,5,0,0,0,0,0,0,24
120406,1,1,0,0,0,0,0,0,0,0,0,0
120407,1,1,0,7,10,34,0,0,0,0,0,0
120408,1,1,0,0,0,0,0,0,0,15,21,0
120408,2,1,0,0,0,0,4,19,0,0,0,0
120409,1,1,0,0,0,0,0,0,0,0,0,0
120409,2,1,0,0,0,11,0,0,0,0,0,0
120410,0,1,0,0,0,12,14,0,0,0,0,13
120410,1,1,0,0,0,0,0,0,0,0,0,0
120411,1,1,0,0,0,0,0,0,0,0,0,0
120412,0,1,0,0,0,0,34,0,0,0,0,0
120412,1,1,0,0,0,0,0,0,0,0,0,0
120413,1,1,0,0,0,0,0,0,0,0,0,0
120413,2,1,0,0,0,0,0,0,0,0,0,0
120414,1,1,0,0,0,0,0,0,0,0,0,0
120414,2,1,0,0,0,0,0,0,0,0,0,0
120415,1,1,0,0,0,0,0,0,0,0,0,0
120415,2,1,0,0,0,0,0,0,0,0,0,0
120417,0,1,0,0,0,0,0,0,0,0,0,0
120417,1,1,0,9,12,9,0,18,0,0,0,0
120418,0,1,24,24,24,24,24,24,24,24,24,24
120418,1,1,0,0,0,0,0,0,0,0,0,0
120419,1,1,19,19,19,19,19,19,19,19,19,19
120420,1,1,0,0,0,0,0,0,6,0,0,0
120421,1,1,0,0,0,23,0,0,0,0,0,0
120422,1,1,0,0,0,0,0,0,0,0,0,0
120422,2,1,0,0,0,0,0,0,0,0,0,0
120423,0,1,31,0,0,0,0,0,0,0,0,11
120423,1,1,0,0,0,0,0,0,0,0,0,0
120424,0,1,3,17,17,18,17,18,23,12,15,24
120424,1,1,0,0,0,14,0,0,0,0,0,0
120425,1,1,0,0,0,0,0,0,0,0,0,0
120425,2,1,0,0,0,0,0,0,14,0,5,0
120425,3,1,0,0,0,0,0,0,0,0,0,0
120426,1,1,0,0,13,18,0,0,0,13,0,11
120427,1,1,7,2,0,0,0,0,0,0,0,0
120428,0,1,22,0,0,0,0,0,0,0,0,0
120428,1,1,0,0,0,0,0,0,0,0,0,0
120429,1,1,0,12,0,0,0,0,0,0,0,16
120429,2,1,0,0,0,0,0,0,0,0,0,0
120430,1,1,0,0,0,0,0,0,0,0,0,0
120430,2,1,0,0,0,0,0,0,0,0,0,0
120431,1,1,0,0,0,0,0,0,0,0,0,0
120432,1,1,37,37,37,37,37,37,37,37,37,37
120432,2,1,0,0,0,0,0,0,0,0,0,0
120434,0,1,8,18,22,0,0,0,0,0,0,13
120434,1,1,0,0,0,0,0,9,15,0,19,0
120435,1,1,0,0,0,0,0,0,0,0,0,0
120435,2,1,0,0,0,0,0,0,5,0,0,0
120435,3,1,0,0,0,0,0,0,0,0,0,0
120435,4,1,0,0,0,0,0,0,0,0,0,0
120436,1,1,18,18,18,18,18,18,18,18,18,18
120437,1,1,0,0,0,0,0,0,0,0,0,0
120438,1,1,0,0,0,11,0,0,0,0,0,0
120439,0,1,0,0,0,0,0,0,0,0,0,0
120439,1,1,0,0,0,19,0,0,0,0,0,0
120440,1,1,0,0,0,0,0,0,0,0,0,0
120440,2,1,14,0,0,0,0,15,0,11,19,0
120441,1,1,24,6,5,33,20,13,3,27,12,19
120441,2,1,0,0,0,0,0,0,21,0,0,0
120442,1,1,13,13,13,13,13,13,13,13,13,13
120443,1,1,13,23,0,0,0,0,0,0,30,0
120443,2,1,0,0,0,0,0,0,0,0,0,0
120444,1,1,0,0,0,0,0,0,0,42,0,0
120444,2,1,0,0,0,0,0,0,0,0,0,0
120445,1,1,0,0,0,0,0,0,0,0,0,0
120445,2,1,0,0,0,0,0,0,0,0,0,0
120446,1,1,16,16,16,16,16,16,16,16,16,16
120446,2,1,0,0,0,0,0,0,0,0,0,0
120447,1,1,0,0,0,0,0,0,0,0,0,0
120448,1,1,0,0,0,0,0,0,0,0,0,0
120448,2,1,0,0,0,0,0,0,0,0,8,0
120449,1,1,0,0,0,0,0,0,0,0,0,0
120450,1,1,0,0,0,0,0,0,0,0,0,0
120450,2,1,0,0,0,0,0,0,0,0,0,0
120450,3,1,0,0,0,0,0,0,11,0,0,0
120450,4,1,0,0,0,0,0,0,0,0,0,0
120450,5,1,0,12,0,0,0,0,0,0,0,0
120450,6,1,0,0,9,11,0,0,0,0,0,0
120451,0,1,0,14,0,0,0,0,0,0,0,0
120451,1,1,0,0,0,0,0,0,0,0,0,0
120452,1,1,0,0,0,10,0,0,0,0,28,0
120452,2,1,0,0,0,7,0,0,0,0,0,0
120454,1,1,21,21,21,21,21,21,21,21,21,21
120455,1,1,21,21,21,21,21,21,21,21,21,21
120456,0,1,0,0,0,0,0,0,0,0,0,0
120456,1,1,5,5,5,5,5,5,5,5,5,5
120457,1,1,0,0,0,0,0,0,0,0,0,0
120457,3,1,0,0,0,7,10,32,24,0,0,14
120458,1,1,0,0,0,0,0,0,0,0,0,0
120458,2,1,0,0,0,0,0,0,0,0,0,0
120459,1,1,0,0,0,0,0,0,0,0,0,0
120459,2,1,0,0,0,0,0,0,0,0,0,0
120459,3,1,9,8,6,7,0,9,11,4,13,9
120460,0,1,0,0,0,0,0,0,0,0,0,0
120460,1,1,0,0,0,0,0,0,0,0,0,0
120460,2,1,0,0,20,0,0,0,0,0,0,13
120461,0,1,0,0,0,0,0,0,0,0,0,0
120461,1,1,0,0,0,0,0,0,0,0,0,0
120462,0,1,0,0,0,0,0,0,0,0,0,0
120462,1,1,0,0,0,17,35,0,0,0,0,0
120463,0,1,0,0,0,0,0,0,0,0,0,0
120463,1,1,0,0,13,0,0,19,9,0,0,9
120464,1,1,26,0,0,11,24,0,18,9,18,0
120465,1,1,18,0,0,0,0,17,26,0,0,0
120465,2,1,0,0,0,25,0,0,8,0,0,0
120465,3,1,0,0,0,0,0,0,0,0,0,0
120466,1,1,21,21,21,21,21,21,21,21,21,21
120467,1,1,0,0,0,0,0,0,0,0,0,0
120467,2,1,0,0,0,0,0,0,0,0,0,0
120468,1,1,0,0,0,0,0,0,0,0,0,0
120469,1,1,9,9,9,9,9,9,9,9,9,9
120469,2,1,0,0,0,0,0,0,0,0,0,0
120470,0,1,0,0,0,0,8,0,0,0,0,0
120470,1,1,0,0,0,0,0,0,0,0,0,0
120471,1,1,11,11,11,11,11,11,11,11,11,11
120472,1,1,16,16,16,16,16,16,16,16,16,16
120473,1,1,50,50,50,50,50,50,50,50,50,50
120473,2,1,12,0,0,0,0,0,0,0,0,0
120474,0,1,5,19,0,0,0,0,0,15,4,0
120474,1,1,0,0,0,0,0,0,17,0,0,33
120475,1,1,14,7,10,0,13,0,9,0,0,0
120476,0,1,0,0,0,0,0,0,0,0,0,0
120476,1,1,0,0,0,0,0,18,0,0,0,32
120477,0,1,17,17,17,17,17,17,17,17,17,17
120477,1,1,0,0,10,0,0,0,0,0,0,0
120478,1,1,0,0,0,0,0,0,0,0,0,0
120479,0,1,0,0,0,0,0,0,0,0,0,0
120479,1,1,0,0,0,0,0,0,0,0,0,0
120480,1,1,0,0,0,0,0,0,0,0,0,0
120480,2,1,0,0,0,0,11,0,2,0,0,2
120481,1,1,0,0,0,0,0,0,0,0,0,0
120481,2,1,0,0,0,0,0,0,0,0,0,0
120481,3,1,0,0,0,0,0,0,0,0,0,0
120481,4,1,0,0,0,0,0,0,0,0,0,0
120482,0,1,0,0,0,0,0,0,0,0,0,0
120482,1,1,0,0,0,0,0,0,0,0,0,0
120483,1,1,0,0,0,0,0,0,0,0,0,0
120483,2,1,0,0,0,0,0,0,0,0,0,0
120484,1,1,9,0,17,27,11,0,12,0,0,18
120485,1,1,0,0,0,0,0,0,0,0,0,0
120485,2,1,0,6,15,0,0,0,0,0,0,0
120486,1,1,0,0,0,0,0,0,0,0,0,0
120486,2,1,9,9,9,9,9,9,9,9,9,9
120487,1,1,24,24,24,24,24,24,24,24,24,24
120488,1,1,0,0,0,0,0,0,0,0,0,0
120488,2,1,0,6,0,0,0,0,0,0,0,0
120489,1,1,0,0,0,0,0,0,0,0,0,0
120489,2,1,0,0,0,0,0,0,0,0,0,0
120490,1,1,0,0,0,0,0,0,0,0,0,0
120491,1,1,0,0,0,0,0,0,0,0,0,0
120491,2,1,0,0,0,0,0,16,0,0,0,0
120491,3,1,0,0,0,0,0,0,0,0,0,0
120492,1,1,0,0,0,0,0,0,0,0,0,0
120493,1,1,0,0,0,0,0,0,0,0,0,0
120493,2,1,0,0,0,0,0,0,0,0,0,0
120494,1,1,0,0,0,0,0,0,0,0,0,0
120494,2,1,0,0,0,0,0,0,0,0,0,0
120495,1,1,0,0,0,0,0,0,0,0,0,0
120495,2,1,0,0,0,0,0,0,0,0,0,0
120496,1,1,18,0,23,0,0,20,0,0,21,29
120497,0,1,12,0,0,0,0,0,21,0,0,0
120497,0,2,0,0,0,0,0,0,0,0,0,0
120497,1,1,0,0,0,0,0,0,0,0,0,0
120498,1,1,0,0,0,0,0,0,0,0,0,0
120498,2,1,0,0,0,0,0,0,0,0,0,0
120499,1,1,0,0,0,0,0,0,0,0,0,0
120500,1,1,0,0,0,6,17,18,13,0,0,0
120500,2,1,0,0,0,0,0,0,0,0,0,0
120501,1,1,0,0,0,0,0,0,0,0,0,0
120501,2,1,0,0,0,0,0,0,0,0,0,0
120502,1,1,0,0,0,0,0,0,0,19,0,0
120502,2,1,0,0,0,0,0,0,0,0,0,0
120503,1,1,9,9,9,9,9,9,9,9,9,9
120503,2,1,0,0,0,0,0,0,0,0,0,0
120503,3,1,0,0,0,0,0,0,0,0,0,0
120503,4,1,0,0,0,0,0,0,0,0,0,0
120504,1,1,0,0,0,0,17,27,0,0,10,0
120504,2,1,0,0,0,0,0,0,0,0,0,0
120505,1,1,0,0,0,0,0,0,0,0,0,0
120505,2,1,26,26,26,26,26,26,26,26,26,26
120506,1,1,0,0,0,0,0,0,0,0,0,0
120506,2,1,0,0,0,0,0,0,0,0,0,0
120507,1,1,0,0,0,0,0,0,0,0,0,0
120508,0,1,0,0,0,0,0,0,0,0,0,0
120508,1,1,0,0,0,0,0,0,0,0,0,0
120509,0,1,0,0,0,0,0,0,0,20,0,0
120509,1,1,0,0,0,0,0,0,0,0,0,0
120510,0,1,0,0,0,0,0,0,0,0,0,0
120510,1,1,0,0,0,0,0,0,0,0,0,0
120511,1,1,7,7,7,7,7,7,7,7,7,7
120512,0,1,0,0,0,0,13,0,0,0,0,0
120512,0,2,25,0,0,0,0,0,0,0,0,0
120512,1,1,0,0,0,0,0,0,0,0,0,0
120513,1,1,0,0,0,0,0,0,0,0,9,0
120513,2,1,6,6,6,6,6,6,6,6,6,6
120514,1,1,0,32,28,22,0,0,0,0,19,39
120515,1,1,0,0,0,0,0,0,0,0,0,0
120516,1,1,0,0,0,0,0,0,0,0,0,0
120517,1,1,8,8,8,8,8,8,8,8,8,8
120517,2,1,10,10,10,10,10,10,10,10,10,10
120518,1,1,0,0,0,0,0,0,0,0,0,0
120518,2,1,0,0,0,0,6,0,0,0,0,0
120518,3,1,0,0,0,0,0,0,0,0,0,0
120518,4,1,0,0,0,0,0,0,0,0,0,0
120519,1,1,16,25,13,0,0,15,0,17,0,0
120520,1,1,3,0,9,26,7,0,17,19,18,23
120521,1,1,0,0,0,0,0,40,0,0,0,25
120521,2,1,0,7,0,0,0,0,0,0,0,0
120522,1,1,13,13,13,13,13,13,13,13,13,13
120523,1,1,0,0,0,0,0,0,0,0,0,0
120524,0,1,0,0,0,0,0,0,0,0,0,0
120524,0,2,0,0,0,0,0,0,0,0,0,0
120524,1,1,0,0,0,0,0,0,0,0,0,0
120525,0,1,2,2,2,2,2,2,2,2,2,2
120525,1,1,0,0,0,0,0,0,0,0,0,0
120526,0,1,23,23,23,23,23,23,23,23,23,23
120526,1,1,6,6,6,6,6,6,6,6,6,6
120527,1,1,21,21,21,21,21,21,21,21,21,21
120527,2,1,0,0,0,0,0,0,0,0,0,0
120528,1,1,0,0,0,0,0,0,0,0,0,0
120528,3,1,0,0,13,0,0,0,0,0,0,0
120529,1,1,0,0,0,0,8,0,0,0,0,0
120529,2,1,0,0,0,0,0,0,0,0,0,0
120530,1,1,0,0,0,0,0,0,0,0,0,0
120531,0,1,0,0,0,0,0,0,0,0,0,0
120531,1,1,0,0,0,0,0,0,0,0,0,0
120532,1,1,27,27,27,27,27,27,27,27,27,27
120533,1,1,0,0,0,0,0,0,0,0,0,0
120534,1,1,0,0,0,0,0,0,0,0,0,0
120534,2,1,0,0,0,0,8,0,0,27,0,0
120535,0,1,9,0,0,0,11,0,11,0,0,0
120535,1,1,0,0,0,0,0,16,0,16,0,25
120536,1,1,0,0,0,0,0,0,0,0,0,0
120537,1,1,0,11,14,0,15,12,0,33,0,19
120538,0,1,0,0,0,0,0,0,0,0,0,0
120538,1,1,0,0,28,0,0,0,0,0,0,0
120539,1,1,0,0,0,0,0,0,0,0,0,0
120540,1,1,0,0,0,0,0,0,0,0,0,0
120540,2,1,0,0,0,0,0,0,0,0,0,0
120540,3,1,0,0,0,0,0,0,0,0,0,0
120541,0,1,0,0,0,0,0,0,0,0,0,0
120541,1,1,0,0,0,0,0,18,0,0,0,0
120542,1,1,0,0,0,0,0,0,0,0,0,0
120543,1,1,15,15,15,15,15,15,15,15,15,15
120543,2,1,0,0,0,0,0,0,0,0,0,0
120544,0,1,25,0,0,0,0,0,0,0,24,0
120544,1,1,0,0,0,0,0,0,0,0,0,0
120545,1,1,0,0,13,0,28,0,8,0,16,29
120546,1,1,21,21,21,21,21,21,21,21,21,21
120547,1,1,0,0,0,0,0,0,0,0,0,0
120548,1,1,0,0,0,0,0,0,0,0,0,0
120548,2,1,0,0,0,0,0,0,0,0,0,0
120549,1,1,15,15,15,15,15,15,15,15,15,15
120550,1,1,17,17,17,17,17,17,17,17,17,17
120551,1,1,9,9,9,9,9,9,9,9,9,9
120552,1,1,8,16,0,41,0,25,25,16,0,0
120553,0,1,0,15,0,0,16,0,0,0,16,0
120553,1,1,0,0,0,0,0,0,0,0,0,0
120554,1,1,0,0,0,0,12,0,0,0,0,0
120555,1,1,0,0,25,0,0,0,0,0,0,0
120555,2,1,0,0,0,0,0,0,0,0,0,0
120556,1,1,0,0,0,0,8,21,0,0,11,0
120556,2,1,0,0,0,0,0,0,0,15,0,0
120557,1,1,0,36,10,0,0,0,0,0,0,0
120557,2,1,13,13,13,13,13,13,13,13,13,13
120558,1,1,0,0,0,0,0,0,0,0,0,0
120558,2,1,0,0,0,0,0,0,0,0,0,0
120558,3,1,0,0,0,0,0,0,0,0,0,0
120558,4,1,0,0,0,0,0,0,0,0,0,0
120559,1,1,10,10,10,10,10,10,10,10,10,10
120559,2,1,0,0,0,0,0,0,0,0,0,0
120560,0,1,27,27,27,27,27,27,27,27,27,27
120560,1,1,0,0,0,0,0,0,0,0,0,0
120561,1,1,8,0,0,41,0,0,0,0,0,0
120561,2,1,0,0,0,0,0,0,0,0,0,0
120562,0,1,0,0,0,0,23,0,17,0,0,0
120562,1,1,0,0,0,0,0,0,0,0,14,0
120563,1,1,0,0,0,0,0,0,0,0,0,0
120564,1,1,17,17,17,17,17,17,17,17,17,17
120564,2,1,0,0,0,0,0,0,15,0,0,0
120564,3,1,0,0,0,0,0,0,0,0,17,0
120564,4,1,0,0,0,0,0,0,0,0,0,0
120564,5,1,0,0,0,0,22,0,0,0,0,0
120564,6,1,0,0,0,0,0,0,0,14,0,0
120564,7,1,0,0,0,0,0,0,0,0,0,0
120565,1,1,0,0,0,0,0,0,0,0,0,0
120565,2,1,0,0,0,0,0,0,0,0,0,0
120566,1,1,0,0,0,0,0,0,0,0,0,0
120566,2,1,0,0,0,0,0,0,0,0,0,0
120567,0,1,11,11,11,11,11,11,11,11,11,11
120567,0,2,0,12,0,15,0,0,0,0,0,0
120567,1,1,0,15,0,0,0,0,0,0,0,0
120568,0,1,0,0,29,0,0,0,20,0,0,0
120568,1,1,0,0,0,0,0,0,0,0,0,0
120569,1,1,0,0,0,0,0,0,0,0,0,0
120569,2,1,0,20,27,0,0,0,0,0,0,0
120570,0,1,0,0,0,0,0,0,0,13,0,0
120570,1,1,0,0,0,0,0,0,0,0,0,0
120571,1,1,6,28,11,14,18,7,2,12,6,16
120571,2,1,25,18,13,5,9,17,5,8,21,7
120572,1,1,0,0,0,0,0,0,0,0,0,0
120572,2,1,0,0,0,0,0,0,0,0,0,0
120573,1,1,22,14,24,19,27,9,10,15,0,27
120574,0,1,0,0,0,0,0,0,0,0,0,0
120574,1,1,0,0,0,0,0,0,28,0,0,0
120575,0,1,0,0,0,0,0,0,0,0,32,0
120575,1,1,0,0,0,0,0,0,0,0,0,0
120576,1,1,0,0,0,0,0,0,0,0,0,0
120577,1,1,0,0,0,0,0,0,0,0,0,0
120577,2,1,0,0,0,0,0,0,0,0,0,0
120578,1,1,0,0,0,0,0,0,0,0,0,0
120578,2,1,0,0,0,0,0,0,0,0,0,0
120579,1,1,11,11,11,11,11,11,11,11,11,11
120579,2,1,0,11,0,0,0,0,0,0,0,0
120580,0,1,34,34,34,34,34,34,34,34,34,34
120580,1,1,0,0,0,0,0,0,0,0,0,0
120581,1,1,0,0,0,0,0,0,0,0,0,0
120581,2,1,0,0,0,32,0,0,0,0,0,0
120582,1,1,0,0,0,0,0,0,0,0,0,0
120582,2,1,0,13,17,0,0,0,0,0,0,0
120583,1,1,0,0,0,0,0,0,0,0,0,0
120584,1,1,8,8,8,8,8,8,8,8,8,8
120585,1,1,0,0,0,0,0,19,0,0,26,0
120585,2,1,0,0,0,0,0,0,0,0,31,27
120586,1,1,23,0,0,0,0,0,44,0,0,0
120587,0,1,0,0,0,0,15,0,18,0,0,0
120587,1,1,0,0,5,0,10,0,0,0,0,0
120588,1,1,20,20,20,20,20,20,20,20,20,20
120589,0,1,0,0,0,0,0,0,0,0,0,0
120589,1,1,0,0,0,0,0,0,0,0,0,0
120590,1,1,29,29,29,29,29,29,29,29,29,29
120590,2,1,0,0,0,0,0,0,16,0,0,11
120591,1,1,0,0,0,0,0,12,0,0,0,0
120592,1,1,0,0,0,9,0,0,0,0,0,0
120592,2,1,0,0,19,0,0,0,0,0,0,22
120594,1,1,3,2,11,0,15,23,14,18,24,7
120594,2,1,0,0,0,0,0,15,12,0,0,0
120595,0,1,0,9,37,29,14,21,0,0,0,0
120595,1,1,0,0,7,0,0,0,0,0,0,0
120596,1,1,7,0,27,0,7,0,8,0,0,0
120596,2,1,0,0,0,0,0,0,0,0,0,0
120596,3,1,0,0,0,0,0,0,0,0,0,0
120597,1,1,0,0,0,0,0,0,0,0,0,0
120597,2,1,0,0,0,0,0,0,0,0,0,0
120598,1,1,23,23,23,23,23,23,23,23,23,23
120599,0,1,0,0,0,0,0,0,0,0,0,0
120599,1,1,0,0,0,0,0,0,0,0,0,0
120600,1,1,0,0,0,0,0,0,0,0,0,0
120600,2,1,0,0,0,0,0,0,0,0,0,0
120601,1,1,0,0,0,0,0,0,0,0,0,0
120601,2,1,2,0,0,0,0,0,0,0,0,0
120602,1,1,0,0,20,0,0,0,0,0,0,0
120602,2,1,0,0,0,0,0,0,0,0,0,0
120603,1,1,0,0,0,0,0,0,0,0,0,0
120603,2,1,0,0,0,0,0,0,0,0,0,13
120604,1,1,0,0,0,0,0,0,11,0,0,0
120604,2,1,0,0,0,0,8,0,0,0,0,0
120605,1,1,0,0,0,0,0,0,0,0,0,0
120605,2,1,0,0,0,0,0,0,0,0,0,0
120606,0,1,33,33,33,33,33,33,33,33,33,33
120606,1,1,0,0,0,0,0,0,0,0,0,0
120607,1,1,0,0,0,0,0,0,0,0,0,0
120607,2,1,0,0,0,0,0,0,0,0,0,0
120608,1,1,0,0,0,0,0,0,12,0,0,0
120608,2,1,0,0,0,0,0,0,0,0,0,0
120609,1,1,10,10,10,10,10,10,10,10,10,10
120610,1,1,0,0,0,0,0,0,0,0,0,0
120611,1,1,0,0,0,0,0,0,0,0,0,0
120611,2,1,0,0,0,0,5,0,0,0,0,0
120612,0,1,0,0,0,0,0,0,0,0,0,0
120612,1,1,0,11,0,0,0,0,0,0,0,0
120613,1,1,0,0,0,0,0,0,0,0,0,0
120613,2,1,0,0,0,0,0,0,0,0,0,0
120613,3,1,0,0,0,0,0,31,0,0,0,0
120614,1,1,0,0,0,0,0,0,0,0,0,0
120614,2,1,0,0,0,0,0,0,0,0,0,0
120614,3,1,0,0,0,0,0,0,0,0,0,0
120614,4,1,0,0,0,0,0,0,0,0,0,0
120614,5,1,0,0,10,0,0,0,0,0,0,0
120614,6,1,0,0,0,0,0,0,0,0,0,0
120615,1,1,5,5,0,15,5,27,0,7,0,17
120616,1,1,0,0,0,0,0,0,0,0,0,0
120616,2,1,0,0,0,0,0,0,0,0,0,0
120617,1,1,10,24,15,13,13,33,8,3,15,6
120617,2,1,0,0,0,0,0,10,5,0,0,0
120618,1,1,13,13,13,13,13,13,13,13,13,13
120619,0,1,27,0,0,31,0,0,0,0,0,18
120619,1,1,18,10,30,0,14,13,13,11,22,13
120620,1,1,16,16,16,16,16,16,16,16,16,16
120621,1,1,9,17,7,15,14,29,13,8,33,24
120621,2,1,0,0,0,20,0,0,0,0,0,0
120622,1,1,0,0,9,20,0,0,0,0,18,0
120623,1,1,27,27,27,27,27,27,27,27,27,27
120624,0,1,0,5,32,0,0,22,20,13,0,0
120624,1,1,0,0,0,0,0,0,0,0,0,0
120626,1,1,0,0,0,0,0,0,0,0,0,0
120628,1,1,0,0,0,0,0,0,0,0,0,0
120628,2,1,0,0,0,0,0,0,0,0,0,0
120629,0,1,25,25,25,25,25,25,25,25,25,25
120629,1,1,0,0,16,0,0,0,0,0,0,0
120630,1,1,0,0,0,0,0,0,26,0,0,0
120630,2,1,2,2,2,2,2,2,2,2,2,2
120631,0,1,0,0,0,0,0,0,0,0,0,0
120631,1,1,0,0,0,0,0,0,0,0,0,0
120632,0,1,0,0,0,0,0,0,0,0,0,0
120632,1,1,0,0,0,0,0,0,0,0,0,0
120633,1,1,17,17,17,17,17,17,17,17,17,17
120634,1,1,0,0,0,0,0,0,0,0,14,0
120635,1,1,20,20,20,20,20,20,20,20,20,20
120636,1,1,0,0,0,0,0,0,0,0,0,0
120636,2,1,0,0,0,0,0,0,0,0,0,0
120637,1,1,0,0,0,0,0,0,0,0,0,0
120637,2,1,0,0,0,0,0,0,0,0,0,0
120638,1,1,0,0,0,0,0,0,0,0,0,0
120638,2,1,0,0,0,0,0,0,0,0,0,0
120640,1,1,3,3,3,3,3,3,3,3,3,3
120640,2,1,0,0,0,0,0,0,0,0,0,0
120641,0,1,8,8,8,8,8,8,8,8,8,8
120641,1,1,0,0,0,0,0,0,0,0,0,0
120642,0,1,14,14,14,14,14,14,14,14,14,14
120642,1,1,0,0,0,0,0,0,0,0,0,0
120643,0,1,0,0,0,0,0,0,0,0,0,0
120643,1,1,0,0,0,0,0,0,0,0,0,0
120644,1,1,0,0,0,0,0,0,0,0,0,0
120644,2,1,0,0,0,0,0,0,7,0,2,0
120645,1,1,0,0,0,0,0,0,0,0,0,0
120645,2,1,0,0,0,0,0,0,0,0,0,0
120646,1,1,15,15,15,15,15,15,15,15,15,15
120647,1,1,0,0,0,0,0,0,0,0,0,0
120647,2,1,0,0,0,0,0,0,0,0,0,0
120648,0,1,0,0,0,0,0,0,0,0,0,0
120648,1,1,0,0,0,0,0,0,0,0,0,0
120649,0,1,0,0,0,0,0,0,0,0,0,0
120649,1,1,14,4,19,25,23,30,31,0,0,9
120650,1,1,0,0,0,0,0,0,0,0,17,0
120651,1,1,6,6,6,6,6,6,6,6,6,6
120651,2,1,0,14,0,0,0,0,0,0,0,31
120651,3,1,0,0,0,0,0,0,0,0,0,18
120652,0,1,0,0,0,0,0,0,0,0,0,0
120652,1,1,0,10,0,0,0,0,0,0,0,9