ST_CASE,VEH_NO,PER_NO,P1,P2,P3,P4,P5,P6,P7,P8,P9,P10
120653,1,1,0,3,15,19,0,0,6,0,0,0
120653,2,1,25,0,0,0,13,0,0,0,0,0
120654,0,1,0,0,0,0,0,0,12,0,0,23
120654,1,1,0,0,0,0,0,0,0,0,0,0
120655,1,1,0,0,0,0,13,0,0,0,0,9
120655,2,1,0,0,0,0,0,0,0,0,0,0
120655,3,1,0,0,0,0,0,0,0,0,0,0
120655,4,1,0,0,0,24,0,21,0,11,0,0
120655,5,1,36,0,0,0,0,0,0,0,11,0
120655,6,1,0,0,0,0,0,0,0,0,0,0
120656,1,1,0,0,0,0,0,0,0,0,0,0
120656,2,1,0,0,0,0,0,0,0,0,0,0
120657,0,1,33,33,33,33,33,33,33,33,33,33
120657,1,1,0,0,0,0,9,0,0,0,0,0
120658,1,1,0,0,0,0,0,0,0,0,0,0
120658,2,1,0,0,0,0,0,0,0,0,0,0
120659,1,1,0,0,0,0,0,0,0,0,0,0
120660,1,1,0,0,0,0,0,0,0,0,0,22
120660,2,1,0,0,0,0,0,0,0,15,0,0
120661,1,1,0,10,6,0,33,25,0,0,0,0
120662,1,1,0,0,0,0,0,0,0,0,0,0
120662,2,1,33,0,0,0,0,0,0,0,14,5
120663,1,1,0,0,0,0,0,0,0,0,0,0
120663,2,1,0,0,0,0,0,0,0,0,0,0
120664,1,1,0,0,0,0,0,0,0,12,0,0
120665,1,1,0,17,41,0,24,0,0,32,2,10
120666,0,1,24,19,0,0,0,0,43,23,0,0
120666,1,1,0,23,0,0,0,0,0,0,34,0
120667,1,1,0,0,0,0,0,0,0,0,0,0
120667,2,1,0,0,0,0,0,0,0,0,0,0
120669,1,1,0,0,5,0,0,0,0,0,0,0
120669,2,1,0,0,0,0,17,0,0,0,0,0
120670,1,1,0,0,0,0,0,0,0,0,0,0
120670,2,1,0,0,0,0,0,0,0,0,0,0
120671,1,1,0,0,0,0,0,0,0,0,0,0
120671,2,1,0,0,0,0,0,0,0,0,0,0
120671,3,1,0,0,0,0,0,0,0,8,0,0
120672,1,1,0,0,0,0,0,0,0,0,0,0
120672,2,1,0,0,0,0,0,0,0,0,0,0
120673,1,1,8,8,8,8,8,8,8,8,8,8
120674,1,1,0,0,0,0,0,0,0,0,0,0
120674,2,1,0,0,0,0,0,0,0,0,0,0
120674,3,1,0,17,0,0,0,0,0,0,0,0
120675,0,1,0,12,0,0,23,0,0,0,0,0
120675,1,1,0,0,0,0,0,0,0,0,0,0
120676,0,1,0,0,0,0,0,0,0,0,0,0
120676,1,1,0,0,0,0,0,0,0,0,0,0
120677,0,1,0,0,0,0,0,0,0,0,0,0
120677,1,1,0,0,0,0,0,0,0,0,0,0
120678,0,1,0,14,0,0,0,0,0,0,0,0
120678,0,2,0,0,0,0,0,0,0,0,0,0
120678,1,1,0,0,0,0,0,0,0,0,0,0
120678,2,1,0,0,0,0,0,0,0,0,0,0
120679,1,1,0,0,0,0,0,0,0,0,0,0
120679,2,1,0,0,0,0,0,0,0,0,0,0
120680,1,1,0,0,0,0,0,0,0,0,0,0
120680,2,1,0,0,0,0,0,0,0,0,0,0
120681,1,1,32,32,32,32,32,32,32,32,32,32
120682,1,1,0,0,0,0,0,0,0,0,0,0
120683,1,1,24,24,24,24,24,24,24,24,24,24
120684,1,1,0,0,0,0,0,0,0,0,0,0
120684,2,1,0,0,0,0,0,0,0,0,0,0
120685,1,1,0,0,0,0,0,0,0,0,0,0
120685,2,1,0,0,0,0,0,0,15,0,0,14
120686,1,1,2,2,2,2,2,2,2,2,2,2
120687,1,1,0,0,0,0,0,0,0,0,0,0
120688,1,1,0,0,0,0,0,0,0,0,0,0
120689,1,1,0,0,0,0,0,0,0,0,0,0
120689,2,1,0,0,0,0,0,0,0,0,0,0
120690,1,1,0,0,0,0,0,0,0,0,0,0
120691,1,1,2,2,2,2,2,2,2,2,2,2
120692,1,1,0,0,0,0,0,0,0,0,0,0
120692,2,1,0,0,0,0,0,0,0,0,0,0
120692,3,1,0,0,0,0,0,0,0,0,0,0
120693,1,1,0,0,0,0,0,0,0,0,0,0
120693,2,1,0,0,0,0,0,0,0,0,14,0
120694,0,1,12,12,12,12,12,12,12,12,12,12
120694,1,1,0,0,0,0,0,0,0,0,0,0
120695,1,1,0,0,5,21,22,15,0,16,18,0
120696,1,1,0,0,0,0,0,0,0,0,0,0
120696,2,1,0,0,0,0,0,0,0,0,0,0
120696,3,1,0,0,0,0,0,0,0,0,0,0
120696,4,1,0,0,0,0,0,0,0,0,0,0
120696,5,1,0,0,0,0,0,0,0,0,0,0
120696,6,1,0,0,0,0,0,10,0,0,0,0
120696,7,1,0,0,0,0,0,0,0,0,0,0
120697,0,1,0,0,0,0,0,0,0,0,0,0
120697,1,1,0,0,0,0,0,0,0,0,0,0
120698,0,1,32,25,40,20,25,0,0,8,16,0
120698,1,1,0,0,0,0,0,0,17,0,0,0
120699,0,1,14,14,14,14,14,14,14,14,14,14
120699,1,1,0,0,0,0,0,0,0,0,0,0
120700,1,1,0,0,0,0,18,0,0,0,0,0
120701,0,1,15,0,0,0,0,0,0,0,0,9
120701,1,1,0,0,0,0,0,0,14,0,19,34
120702,1,1,0,0,0,0,0,0,0,0,0,0
120703,1,1,24,24,24,24,24,24,24,24,24,24
120704,1,1,0,0,0,0,0,0,0,0,0,0
120704,2,1,0,0,0,0,0,0,0,0,0,0
120705,1,1,10,10,10,10,10,10,10,10,10,10
120705,2,1,0,0,0,0,0,0,0,0,0,0
120706,1,1,0,0,0,0,0,0,0,0,0,0
120707,1,1,0,0,0,0,0,0,0,0,0,0
120707,2,1,0,0,0,0,0,0,0,0,0,0
120708,1,1,16,7,16,22,17,10,6,28,35,11
120709,0,1,0,0,0,0,40,0,0,0,0,0
120709,1,1,0,22,0,23,7,0,0,0,0,0
120710,0,1,0,0,0,0,0,0,0,0,0,0
120710,1,1,0,0,0,0,0,0,0,0,0,0
120711,1,1,18,18,18,18,18,18,18,18,18,18
120712,1,1,0,0,0,0,0,0,0,0,0,0
120713,1,1,0,0,0,0,0,0,0,0,0,0
120713,2,1,0,0,0,0,0,0,0,0,0,0
120713,3,1,0,0,0,0,0,0,0,0,0,0
120714,0,1,0,0,0,0,0,0,0,0,0,0
120714,1,1,0,0,0,0,0,0,0,0,0,0
120715,1,1,20,20,20,20,20,20,20,20,20,20
120715,2,1,0,0,0,0,0,0,0,0,0,0
120716,1,1,0,0,0,0,0,0,0,0,0,0
120716,2,1,0,0,0,0,0,0,0,0,0,0
120717,0,1,0,0,0,0,0,0,0,0,0,0
120717,1,1,0,0,0,0,0,0,0,0,0,0
120718,1,1,0,0,0,0,0,0,0,0,0,0
120720,1,1,0,0,0,0,0,0,0,0,0,0
120721,0,1,0,0,0,0,0,0,0,0,0,0
120721,1,1,0,0,0,0,0,0,0,0,0,0
120722,1,1,19,19,19,19,19,19,19,19,19,19
120723,1,1,0,0,0,0,0,0,0,0,0,0
120723,2,1,0,0,0,0,0,0,0,0,0,0
120723,3,1,0,0,0,0,0,0,0,0,0,0
120724,0,1,0,0,0,0,0,0,0,0,0,0
120724,1,1,0,0,0,0,0,0,0,6,0,0
120725,0,1,32,32,32,32,32,32,32,32,32,32
120725,1,1,0,0,0,0,0,0,0,0,0,0
120726,1,1,3,3,3,3,3,3,3,3,3,3
120726,2,1,0,0,0,0,0,0,0,22,0,0
120727,0,1,0,0,0,0,0,0,0,0,0,0
120727,1,1,0,0,0,0,0,0,0,0,0,0
120728,1,1,0,0,0,0,0,0,0,0,0,0
120728,2,1,0,0,28,16,0,0,0,5,0,0
120729,1,1,0,16,9,19,20,11,12,34,8,16
120729,2,1,0,0,0,0,0,0,0,0,0,0
120731,0,1,0,0,0,0,0,22,0,0,23,0
120731,0,2,0,43,0,27,0,0,0,0,0,0
120731,1,1,0,0,0,0,0,28,0,0,36,9
120732,0,1,0,32,0,16,0,0,14,8,0,0
120732,1,1,0,0,0,0,0,0,15,0,0,0
120733,1,1,0,0,0,0,0,0,0,0,0,0
120733,2,1,15,0,0,0,0,0,0,0,0,0
120734,1,1,0,0,0,0,0,0,0,0,0,0
120736,1,1,14,20,23,8,15,6,11,27,22,19
120736,2,1,0,0,24,0,0,0,0,0,0,0
120737,1,1,0,0,0,0,0,0,0,0,0,0
120738,0,1,7,7,7,7,7,7,7,7,7,7
120738,1,1,0,0,0,0,0,0,0,0,0,0
120739,1,1,0,0,0,0,0,0,2,0,0,0
120739,2,1,0,0,0,0,0,0,0,0,0,0
120740,1,1,0,0,0,0,0,0,0,0,0,0
120740,2,1,0,0,0,0,0,0,0,0,0,0
120740,3,1,0,0,0,0,0,0,0,0,0,0
120741,1,1,0,0,0,0,0,0,0,0,0,0
120741,2,1,0,0,0,0,0,0,0,0,0,0
120742,1,1,0,0,0,0,0,0,0,0,0,0
120743,0,1,0,18,0,28,24,0,0,34,0,6
120743,1,1,0,0,0,0,16,0,0,0,0,0
120744,0,1,23,0,0,0,20,23,0,16,0,0
120744,1,1,0,0,0,0,0,0,0,0,0,0
120745,1,1,0,0,0,0,0,0,0,0,0,0
120745,2,1,0,0,0,0,0,0,0,0,0,0
120746,1,1,0,0,13,0,0,9,0,0,0,11
120747,1,1,0,0,0,0,0,0,0,6,0,30
120747,2,1,0,0,0,0,0,0,0,0,0,0
120748,1,1,0,0,27,0,0,0,0,0,0,0
120748,2,1,14,0,0,0,0,0,0,0,7,0
120748,3,1,0,0,0,0,0,0,0,0,0,0
120748,4,1,0,0,0,0,0,0,0,0,0,0
120749,1,1,11,7,12,0,0,0,19,8,0,19
120749,2,1,0,0,0,0,0,0,0,0,0,0
120750,0,1,0,0,0,0,0,0,0,22,0,0
120750,1,1,0,0,0,0,0,0,0,0,0,0
120751,1,1,19,19,19,19,19,19,19,19,19,19
120752,1,1,22,22,22,22,22,22,22,22,22,22
120753,1,1,0,0,0,0,0,0,0,0,0,16
120754,0,1,19,15,24,12,19,22,14,18,4,17
120754,1,1,0,0,0,0,0,0,0,0,0,0
120755,1,1,0,0,0,0,0,0,0,0,0,0
120755,2,1,0,0,0,0,0,0,0,0,0,0
120756,1,1,0,0,0,0,0,0,0,0,0,0
120756,2,1,0,0,0,0,0,0,0,0,0,0
120757,1,1,0,0,0,0,0,0,0,0,0,0
120757,2,1,0,0,0,0,0,0,0,0,0,0
120758,1,1,0,0,0,0,0,0,0,0,0,0
120758,2,1,0,0,0,0,0,0,0,0,0,0
120759,0,1,29,7,17,19,0,29,0,19,13,0
120759,1,1,0,0,0,0,8,0,0,8,0,0
120760,1,1,0,0,0,0,0,0,0,0,0,0
120761,1,1,20,20,20,20,20,20,20,20,20,20
120761,2,1,0,0,0,0,0,0,0,14,0,0
120762,1,1,24,24,24,24,24,24,24,24,24,24
120762,2,1,0,0,0,0,0,0,0,0,0,0
120762,3,1,0,0,0,0,0,0,0,0,0,0
120763,1,1,21,21,21,21,21,21,21,21,21,21
120764,0,1,0,0,0,0,0,0,0,0,0,0
120764,1,1,0,0,0,0,0,0,0,0,0,0
120765,1,1,0,0,0,0,0,0,0,0,0,0
120765,2,1,0,0,0,0,0,0,0,0,0,0
120766,1,1,0,0,0,0,0,0,0,0,0,0
120767,1,1,0,0,0,0,0,0,0,0,0,0
120767,2,1,0,0,0,0,0,0,0,0,0,0
120768,0,1,0,0,0,0,0,0,0,0,0,0
120768,1,1,15,0,0,0,0,0,0,0,0,0
120769,1,1,0,0,0,0,0,0,0,0,0,0
120769,2,1,0,0,0,0,0,0,0,0,0,0
120770,1,1,15,0,0,0,0,0,26,17,0,0
120770,2,1,0,0,0,0,0,0,0,0,0,0
120770,3,1,0,0,0,0,0,0,0,0,0,0
120772,1,1,0,31,5,0,0,0,14,19,0,0
120772,2,1,0,0,0,0,0,0,0,0,0,0
120773,1,1,0,17,0,0,0,0,0,0,0,0
120774,0,1,0,0,0,25,0,0,0,0,0,0
120774,1,1,0,0,0,0,0,0,0,0,0,0
120775,0,1,0,12,0,0,19,0,0,0,0,0
120775,1,1,0,0,0,0,0,0,0,0,0,0
120776,0,1,0,0,0,0,0,0,0,0,0,0
120776,1,1,0,0,0,0,0,0,0,0,0,0
120777,1,1,18,38,10,18,0,24,13,17,2,11
120777,2,1,0,0,0,0,0,0,0,0,0,10
120778,0,1,0,12,0,0,0,0,0,0,0,0
120778,1,1,29,29,29,29,29,29,29,29,29,29
120779,1,1,0,0,0,0,0,0,0,0,0,0
120779,2,1,0,0,0,0,0,0,0,0,0,0
120781,0,1,0,0,0,0,0,0,0,0,0,0
120781,1,1,0,0,0,0,0,0,0,0,0,0
120782,1,1,11,18,0,17,5,0,0,0,15,0
120783,0,1,0,39,27,22,18,23,38,0,13,0
120783,1,1,9,0,0,0,0,0,0,0,0,0
120784,0,1,0,0,0,0,0,0,0,0,0,0
120784,1,1,0,0,0,0,0,0,0,0,0,0
120785,1,1,0,22,0,0,30,10,17,13,0,0
120786,1,1,10,4,26,0,0,14,12,34,0,0
120786,2,1,0,0,0,0,11,0,0,9,0,0
120787,1,1,12,12,12,12,12,12,12,12,12,12
120788,0,1,0,0,0,0,39,0,27,0,0,0
120788,0,2,0,0,0,0,0,0,0,0,0,0
120788,1,1,0,0,0,0,0,0,0,0,0,0
120788,2,1,0,0,0,0,0,0,0,0,0,0
120789,1,1,17,17,17,17,17,17,17,17,17,17
120790,0,1,0,0,0,0,0,0,0,0,0,0
120790,1,1,0,0,0,0,0,0,0,0,0,0
120791,1,1,0,23,5,10,29,37,16,4,8,31
120793,1,1,0,0,0,0,0,0,0,0,0,0
120794,1,1,0,0,0,0,0,0,0,0,0,0
120795,1,1,0,0,0,0,0,0,0,0,0,0
120796,0,1,0,0,0,0,0,0,0,0,0,0
120796,0,2,35,0,0,17,0,0,0,27,0,0
120796,1,1,0,0,0,0,0,0,0,0,0,0
120796,2,1,0,10,0,0,31,0,0,24,0,0
120797,1,1,0,0,0,0,0,0,10,0,0,17
120798,1,1,0,0,0,0,0,0,0,0,0,0
120798,2,1,0,0,0,0,0,0,0,0,0,0
120799,1,1,15,15,15,15,15,15,15,15,15,15
120800,1,1,0,0,0,0,0,0,0,0,0,0
120800,2,1,0,0,0,0,0,0,0,0,0,0
120800,3,1,0,0,0,0,0,0,0,0,0,0
120801,1,1,11,0,12,0,12,24,0,7,0,17
120802,1,1,22,22,22,22,22,22,22,22,22,22
120803,1,1,0,0,0,0,0,0,0,0,0,0
120804,1,1,21,21,21,21,21,21,21,21,21,21
120805,1,1,0,0,0,0,0,0,0,0,0,0
120805,2,1,0,0,0,0,0,28,7,0,0,17
120806,1,1,15,15,15,15,15,15,15,15,15,15
120806,2,1,0,0,0,0,0,0,0,0,0,0
120806,3,1,0,0,0,0,0,0,0,0,0,0
120807,1,1,0,8,0,13,0,0,0,0,0,0
120808,1,1,0,0,0,0,20,0,15,24,0,24
120809,1,1,0,0,0,0,0,0,0,0,0,0
120810,0,1,15,15,0,0,0,0,0,16,18,14
120810,1,1,0,15,0,0,0,0,0,28,24,0
120811,1,1,29,34,15,25,16,11,24,18,21,19
120812,1,1,0,0,0,0,0,0,0,0,0,0
120812,2,1,0,0,0,0,0,0,0,0,0,0
120813,1,1,7,0,0,0,0,0,0,0,0,0
120813,2,1,0,0,0,0,0,0,0,0,0,0
120814,1,1,0,0,0,0,0,0,0,0,0,0
120814,2,1,0,0,0,0,0,0,0,0,0,0
120815,1,1,0,0,0,0,0,0,0,0,0,5
120815,2,1,0,0,0,0,0,0,0,0,0,0
120816,1,1,0,0,0,0,0,0,0,0,0,0
120816,2,1,0,0,0,0,0,0,0,0,0,0
120817,1,1,0,0,0,0,0,0,0,0,0,0
120817,2,1,0,0,0,0,0,0,0,0,0,0
120819,0,1,0,0,10,29,0,0,0,0,0,0
120819,1,1,0,0,0,0,23,0,0,26,13,0
120820,0,1,0,0,0,0,0,0,0,0,11,0
120820,1,1,0,0,0,0,0,0,0,0,0,0
120821,1,1,0,0,0,0,0,0,0,0,0,0
120821,2,1,0,0,0,0,0,0,0,0,0,0
120822,1,1,0,0,7,0,17,29,0,0,0,0
120822,2,1,36,36,36,36,36,36,36,36,36,36
120823,0,1,22,0,0,0,0,0,0,15,12,0
120823,1,1,0,0,0,0,0,0,47,0,0,0
120824,1,1,21,21,21,21,21,21,21,21,21,21
120825,1,1,5,5,5,5,5,5,5,5,5,5
120826,1,1,0,0,0,0,0,0,0,0,0,0
120826,2,1,6,6,6,6,6,6,6,6,6,6
120827,1,1,19,19,19,19,19,19,19,19,19,19
120827,2,1,0,0,0,0,0,0,0,0,0,12
120829,1,1,0,0,0,0,25,0,29,0,18,0
120829,2,1,0,0,0,0,0,0,0,0,0,0
120830,1,1,0,0,0,0,0,0,0,0,0,0
120830,2,1,0,0,0,0,0,0,0,0,0,0
120832,0,1,0,0,0,0,0,0,19,27,40,0
120832,1,1,0,0,0,0,0,0,0,0,8,0
120833,1,1,0,0,0,27,0,0,0,23,0,0
120833,2,1,0,0,0,12,0,15,14,0,0,11
120834,1,1,0,0,0,0,0,0,0,0,0,0
120835,0,1,0,0,0,0,0,0,0,0,0,0
120835,1,1,8,6,2,5,0,0,0,0,19,0
120836,0,1,0,0,0,0,0,0,0,0,0,0
120836,1,1,0,0,0,0,0,0,0,0,0,0
120837,0,1,30,25,37,0,0,15,0,9,0,0
120837,1,1,0,0,0,38,0,0,0,0,0,5
120838,1,1,0,0,0,0,0,0,0,0,0,0
120839,1,1,0,11,0,19,0,17,0,9,0,0
120839,2,1,0,0,0,0,0,0,0,0,0,0
120840,1,1,0,0,0,0,0,0,0,0,0,0
120840,2,1,0,0,0,0,0,0,0,28,0,0
120841,1,1,0,0,0,14,23,0,0,0,0,0
120841,2,1,0,0,0,0,0,0,0,0,0,0
120842,1,1,0,0,0,0,0,0,0,0,0,0
120843,1,1,0,0,0,0,0,0,0,0,0,0
120843,2,1,0,0,0,0,0,0,0,0,0,0
120844,1,1,0,0,0,9,0,0,0,5,0,0
120844,2,1,0,0,0,0,0,0,0,0,0,0
120844,3,1,0,0,0,0,0,0,0,0,0,0
120845,1,1,0,8,0,0,0,11,0,0,0,0
120845,2,1,0,0,0,0,0,0,0,25,0,0
120846,1,1,0,0,0,0,0,0,0,0,4,0
120846,2,1,11,11,11,11,11,11,11,11,11,11
120847,1,1,22,8,0,0,0,0,0,0,0,11
120848,0,1,22,22,22,22,22,22,22,22,22,22
120848,1,1,0,0,0,0,0,0,0,0,0,0
120849,1,1,0,0,0,0,0,0,0,0,0,0
120849,2,1,0,0,0,0,0,0,0,0,0,0
120850,1,1,0,0,0,0,0,0,0,0,0,0
120851,1,1,0,0,0,0,0,0,0,0,0,0
120851,2,1,0,0,0,0,0,0,0,0,0,0
120852,1,1,0,16,12,0,20,17,25,0,0,24
120853,1,1,23,23,23,23,23,23,23,23,23,23
120854,1,1,0,0,0,0,0,0,0,0,0,0
120855,1,1,36,36,36,36,36,36,36,36,36,36
120856,1,1,0,0,0,0,0,0,0,0,0,0
120856,2,1,0,0,0,0,0,0,0,0,0,0
120857,0,1,0,0,0,0,0,0,0,0,0,0
120857,1,1,0,23,18,11,11,12,6,23,8,21
120858,1,1,0,0,0,0,0,0,0,0,0,0
120858,2,1,2,2,2,2,2,2,2,2,2,2
120858,3,1,0,0,0,0,0,0,0,0,0,0
120859,1,1,0,0,0,0,0,0,0,0,0,0
120859,2,1,0,0,0,0,5,0,0,0,0,0
120859,3,1,0,0,0,0,0,0,0,0,0,0
120859,4,1,0,0,0,0,0,0,0,0,0,0
120860,1,1,9,5,0,16,0,10,0,0,16,0
120860,2,1,0,0,0,0,0,0,0,0,8,0
120861,1,1,22,22,22,22,22,22,22,22,22,22
120861,2,1,0,0,0,0,0,0,14,7,0,0
120862,1,1,0,0,0,0,0,0,0,0,0,0
120863,0,1,18,0,0,0,0,0,0,0,0,0
120863,1,1,0,0,15,0,0,0,0,0,0,0
120864,0,1,0,0,0,0,0,0,0,0,0,0
120864,1,1,0,0,0,0,0,0,0,0,0,0
120866,1,1,26,26,26,26,26,26,26,26,26,26
120867,1,1,0,0,0,0,0,0,0,0,0,10
120867,2,1,0,0,0,0,0,0,0,0,0,0
120868,1,1,15,15,15,15,15,15,15,15,15,15
120869,1,1,0,0,0,0,0,0,0,0,0,0
120869,2,1,0,0,0,0,0,0,0,0,0,0
120870,1,1,0,0,19,22,12,0,0,0,0,0
120871,1,1,0,0,0,0,0,0,0,0,0,0
120871,2,1,0,0,0,0,0,0,0,0,0,0
120872,1,1,0,0,0,0,0,0,0,0,0,0
120873,1,1,34,18,20,0,18,0,0,0,16,26
120875,1,1,0,0,0,0,0,0,0,0,0,0
120875,2,1,0,0,0,0,0,0,0,0,0,0
120876,1,1,15,15,15,15,15,15,15,15,15,15
120878,1,1,0,0,15,0,0,0,0,0,0,0
120878,2,1,0,0,0,0,0,5,0,0,0,0
120879,0,1,29,29,29,29,29,29,29,29,29,29
120879,1,1,0,0,0,0,0,0,0,0,0,0
120880,1,1,0,0,0,0,0,0,0,0,0,0
120880,2,1,0,0,0,0,0,0,29,0,0,0
120881,1,1,22,22,22,22,22,22,22,22,22,22
120882,1,1,0,0,0,0,0,0,0,0,0,0
120883,0,1,0,0,0,0,0,0,0,0,0,0
120883,1,1,0,0,0,0,0,0,0,0,0,0
120884,0,1,0,0,0,0,0,0,0,0,0,0
120884,1,1,7,0,0,0,0,25,0,0,0,0
120885,1,1,0,0,0,0,0,0,0,0,0,0
120885,2,1,0,0,0,0,0,0,0,15,0,0
120886,1,1,10,20,15,5,10,15,15,24,20,32
120887,1,1,0,0,0,0,0,0,0,0,0,0
120887,2,1,0,0,0,0,0,0,0,0,0,0
120888,0,1,0,0,0,0,0,11,13,7,6,1
120888,1,1,14,0,16,0,0,0,19,8,17,11
120889,0,1,16,16,16,16,16,16,16,16,16,16
120889,1,1,0,0,0,0,0,0,0,9,0,0
120890,1,1,14,0,0,0,0,0,27,16,12,0
120891,1,1,29,0,16,0,0,6,0,0,0,0
120891,2,1,0,0,0,0,0,0,0,0,8,0
120892,1,1,11,11,11,11,11,11,11,11,11,11
120893,1,1,0,0,0,0,0,0,0,0,0,0
120894,1,1,11,0,0,0,0,0,0,7,0,0
120894,2,1,4,4,4,4,4,4,4,4,4,4
120896,1,1,0,0,0,0,0,0,0,0,0,0
120896,2,1,0,0,0,0,0,0,0,0,0,0
120897,1,1,0,0,0,12,0,0,0,0,0,0
120897,2,1,0,0,0,0,0,0,0,0,0,0
120898,1,1,29,29,29,29,29,29,29,29,29,29
120899,1,1,28,28,28,28,28,28,28,28,28,28
120900,1,1,0,12,0,0,0,0,0,29,0,24
120901,1,1,5,5,5,5,5,5,5,5,5,5
120901,2,1,26,19,20,13,10,25,39,11,25,3
120902,1,1,0,0,18,0,0,0,0,0,0,0
120902,2,1,0,0,0,0,11,0,0,0,31,12
120903,1,1,0,15,0,0,0,0,0,0,0,0
120904,0,1,7,24,0,0,0,17,30,17,13,18
120904,1,1,15,0,22,21,0,35,0,0,0,0
120905,1,1,0,0,27,0,0,0,29,0,36,0
120905,2,1,0,0,0,0,0,0,0,25,0,0
120906,1,1,10,0,0,0,0,0,0,0,0,0
120907,1,1,0,0,0,0,0,0,0,0,0,0
120907,2,1,0,0,0,0,0,0,0,0,0,0
120908,1,1,31,24,16,32,11,26,22,11,0,25
120908,2,1,0,0,0,0,3,2,19,0,0,26
120908,3,1,0,0,0,0,0,0,0,0,0,0
120908,4,1,0,13,0,0,0,0,0,16,0,0
120908,5,1,0,0,0,0,0,0,0,0,0,0
120908,6,1,0,0,0,0,0,0,0,0,0,0
120908,7,1,0,0,0,0,0,0,0,0,0,0
120909,1,1,0,0,0,0,0,0,0,0,0,0
120910,1,1,0,0,0,0,0,0,0,0,0,0
120910,2,1,0,0,0,10,0,0,0,0,0,0
120911,1,1,0,0,0,0,0,0,0,0,0,0
120912,0,1,0,0,0,0,0,0,0,0,0,0
120912,1,1,0,0,0,0,0,0,0,0,0,0
120913,0,1,0,32,0,0,0,0,0,35,0,18
120913,1,1,0,0,0,0,0,0,0,0,0,0
120914,1,1,0,0,0,0,0,0,0,0,0,0
120914,2,1,0,0,0,0,0,0,0,0,0,0
120914,3,1,0,0,0,0,0,0,0,0,0,0
120914,4,1,0,0,0,0,0,0,0,0,0,0
120915,1,1,16,16,16,16,16,16,16,16,16,16
120915,2,1,0,0,0,0,0,0,0,0,0,0
120916,1,1,0,0,0,0,0,0,0,0,0,0
120917,0,1,0,0,0,0,0,0,0,0,0,0
120917,1,1,0,0,0,0,0,0,0,0,0,25
120918,1,1,0,0,0,0,0,0,0,0,0,0
120919,1,1,0,0,0,0,0,0,0,0,0,0
120919,2,1,0,0,0,0,0,0,0,0,0,0
120920,0,1,0,10,0,0,0,0,0,0,0,0
120920,1,1,0,0,0,0,0,0,0,0,0,0
120921,1,1,10,10,10,10,10,10,10,10,10,10
120922,1,1,20,20,20,20,20,20,20,20,20,20
120922,2,1,0,0,0,0,0,0,0,0,0,0
120923,1,1,0,0,0,0,0,0,0,0,0,0
120924,1,1,24,24,24,24,24,24,24,24,24,24
120924,2,1,0,0,0,0,0,9,0,0,0,0
120925,0,1,0,0,21,0,0,0,0,0,9,0
120925,1,1,0,0,0,0,0,0,0,0,0,0
120926,1,1,15,15,15,15,15,15,15,15,15,15
120926,2,1,0,0,0,0,0,0,0,0,0,0
120926,3,1,0,0,0,0,0,0,0,0,0,0
120926,4,1,0,0,0,0,0,0,0,0,0,0
120927,1,1,21,21,21,21,21,21,21,21,21,21
120928,1,1,0,0,0,0,0,0,0,0,0,0
120928,2,1,0,0,0,0,0,0,0,0,0,0
120929,1,1,2,2,2,2,2,2,2,2,2,2
120930,1,1,29,0,11,0,16,7,17,13,10,25
120930,2,1,0,0,0,0,0,0,0,0,0,0
120931,0,1,0,0,0,0,0,0,0,0,0,0
120931,0,2,0,0,0,0,0,0,0,0,0,0
120931,0,3,0,0,0,0,0,0,0,0,0,0
120931,0,4,0,0,0,0,0,0,16,0,0,0
120931,0,5,0,0,0,0,0,0,0,0,0,0
120931,1,1,0,0,0,0,0,0,0,0,0,0
120932,1,1,30,0,0,0,36,0,0,0,0,0
120933,0,1,2,2,2,2,2,2,2,2,2,2
120933,1,1,0,0,0,0,0,0,0,0,0,0
120934,0,1,21,21,21,21,21,21,21,21,21,21
120934,1,1,13,13,13,13,13,13,13,13,13,13
120935,1,1,0,0,0,0,0,0,0,0,0,0
120935,2,1,0,0,0,0,0,0,0,0,0,0
120936,1,1,0,0,0,0,0,0,0,0,0,0
120936,2,1,0,0,0,0,0,0,0,0,0,0
120937,1,1,0,0,0,0,0,0,0,0,0,0
120938,1,1,0,0,0,0,0,0,0,0,0,0
120938,2,1,0,0,0,0,0,0,0,0,0,0
120939,1,1,20,20,20,20,20,20,20,20,20,20
120940,1,1,0,0,0,0,0,0,0,0,0,0
120940,2,1,0,18,0,0,0,0,0,0,0,0
120941,0,1,0,0,0,0,0,0,0,0,0,0
120941,1,1,0,0,0,0,0,0,0,0,0,0
120942,1,1,10,10,10,10,10,10,10,10,10,10
120943,1,1,0,0,0,0,0,0,0,0,0,0
120943,2,1,0,0,0,0,15,0,0,0,9,0
120944,0,1,0,0,0,0,0,0,0,0,0,0
120944,1,1,0,0,0,0,0,0,0,0,0,0
120945,1,1,0,0,0,0,0,22,20,19,0,0
120946,0,1,0,0,0,0,0,0,0,0,0,0
120946,1,1,0,0,7,0,9,0,0,0,0,0
120947,0,1,8,0,16,0,17,0,0,17,0,0
120948,1,1,0,0,0,0,0,0,0,0,0,0
120948,2,1,0,0,0,0,0,0,0,0,0,0
120949,1,1,0,0,0,0,0,0,0,0,0,0
120949,2,1,0,0,0,0,0,0,0,0,0,0
120950,1,1,0,0,0,0,0,0,0,0,0,0
120951,1,1,0,0,0,0,0,0,0,0,0,0
120952,1,1,0,0,0,0,0,0,0,0,0,0
120953,1,1,0,0,0,0,0,0,0,0,0,0