ST_CASE,VEH_NO,PER_NO,P1,P2,P3,P4,P5,P6,P7,P8,P9,P10
121545,1,1,0,0,0,0,0,0,0,0,0,0
121546,1,1,0,0,0,0,0,0,0,0,0,0
121547,1,1,0,0,0,0,0,0,0,0,0,0
121547,2,1,0,0,0,0,0,0,0,0,0,0
121548,1,1,0,0,0,0,0,0,0,0,0,0
121548,2,1,0,0,0,0,0,0,0,0,21,0
121549,1,1,0,0,0,0,8,0,0,0,20,0
121550,1,1,0,0,0,0,0,0,0,0,0,0
121551,1,1,0,0,0,0,0,0,0,0,0,0
121551,2,1,0,0,0,0,0,0,0,0,0,0
121552,1,1,12,0,0,0,0,10,0,0,0,0
121552,2,1,0,0,0,0,0,0,0,0,0,0
121553,0,1,19,19,19,19,19,19,19,19,19,19
121553,1,1,0,0,0,0,0,0,0,0,0,0
121554,0,1,15,0,0,0,0,0,0,13,20,0
121554,1,1,0,0,0,0,0,0,0,0,9,0
121555,1,1,0,0,0,0,0,0,0,0,0,0
121556,1,1,0,0,0,0,0,0,0,0,0,0
121557,1,1,2,2,2,2,2,2,2,2,2,2
121557,2,1,0,0,0,0,0,0,0,0,0,0
121558,1,1,5,5,5,5,5,5,5,5,5,5
121558,2,1,0,0,0,0,0,0,0,0,0,0
121559,1,1,3,3,3,3,3,3,3,3,3,3
121560,1,1,0,0,0,0,0,0,0,0,0,0
121560,2,1,11,0,0,0,0,0,0,0,0,0
121561,0,1,12,12,12,12,12,12,12,12,12,12
121561,1,1,0,0,0,0,0,0,0,0,0,0
121562,1,1,16,16,16,16,16,16,16,16,16,16
121562,2,1,0,0,0,44,16,0,0,0,0,0
121563,0,1,21,0,24,2,12,14,15,13,7,10
121563,1,1,8,12,8,5,13,0,9,10,11,16
121564,0,1,0,0,0,0,0,0,0,0,0,0
121564,0,2,0,0,0,0,0,0,0,0,0,0
121564,1,1,0,0,0,0,0,0,0,0,0,0
121565,1,1,0,0,0,0,0,0,0,0,0,0
121565,2,1,0,0,0,0,0,0,0,0,0,0
121566,0,1,0,0,0,0,0,0,0,0,0,0
121566,1,1,0,0,0,0,0,0,0,0,0,0
121567,1,1,0,0,0,0,0,0,10,0,0,0
121567,2,1,0,0,0,11,0,0,0,0,0,18
121567,3,1,0,0,0,0,0,0,0,0,0,0
121568,1,1,8,0,18,18,3,0,3,18,5,10
121568,2,1,0,12,0,0,16,0,0,0,0,0
121568,3,1,0,0,0,4,0,0,0,0,0,0
121568,4,1,0,0,0,0,0,11,0,0,0,0
121569,1,1,20,20,20,20,20,20,20,20,20,20
121570,0,1,0,0,0,0,0,0,0,0,0,0
121570,1,1,0,12,0,0,0,0,0,0,0,0
121571,0,1,0,0,0,0,0,0,0,0,0,0
121571,1,1,28,22,0,0,0,11,7,0,0,0
121572,1,1,0,0,0,5,9,0,9,0,15,17
121572,2,1,0,6,5,0,0,0,0,13,0,0
121573,1,1,0,0,0,0,0,0,0,0,0,0
121573,2,1,0,0,0,9,0,18,0,3,0,0
121574,0,1,0,0,0,0,0,0,0,0,0,0
121574,1,1,0,13,0,0,10,0,10,0,0,0
121575,0,1,45,18,0,15,25,0,0,11,0,0
121575,1,1,0,0,0,9,0,0,0,0,0,0
121576,1,1,0,0,0,0,0,22,0,0,0,0
121576,2,1,0,0,0,0,0,0,0,0,0,0
121577,0,1,0,0,0,0,25,0,0,0,0,0
121577,1,1,28,0,0,0,0,0,0,0,15,0
121578,0,1,28,28,28,28,28,28,28,28,28,28
121578,1,1,0,0,0,0,0,0,0,0,0,0
121579,1,1,0,0,0,0,0,0,0,0,0,0
121579,2,1,0,0,0,0,0,0,0,0,0,0
121579,3,1,0,0,0,12,3,0,0,0,0,0
121580,1,1,0,0,0,0,0,0,0,0,0,0
121580,2,1,0,0,0,0,0,0,0,0,0,0
121581,1,1,7,7,7,7,7,7,7,7,7,7
121581,2,1,7,7,7,7,7,7,7,7,7,7
121582,1,1,12,19,26,12,0,7,15,25,10,19
121582,2,1,0,0,0,0,0,0,0,0,0,0
121583,1,1,0,0,0,0,0,0,0,0,0,0
121583,2,1,0,0,0,0,0,0,0,0,4,0
121584,1,1,0,0,0,0,0,0,17,0,0,0
121584,2,1,0,0,0,0,0,0,0,0,0,0
121584,3,1,0,0,0,0,0,0,31,0,0,0
121585,1,1,0,0,0,0,0,0,0,0,0,0
121586,1,1,0,0,0,0,0,0,0,0,0,0
121586,2,1,0,0,0,0,0,0,0,0,0,0
121587,1,1,0,0,0,0,0,11,20,0,0,0
121587,2,1,16,0,0,8,0,0,0,0,0,0
121588,1,1,0,0,0,0,0,0,0,0,0,0
121588,2,1,0,0,0,0,0,0,0,0,0,0
121589,1,1,25,25,25,25,25,25,25,25,25,25
121590,1,1,0,30,20,41,0,0,29,10,22,9
121591,1,1,20,20,20,20,20,20,20,20,20,20
121591,2,1,0,0,0,0,27,0,0,0,0,0
121592,1,1,0,0,0,0,0,0,0,0,0,0
121593,1,1,27,27,27,27,27,27,27,27,27,27
121594,1,1,17,17,17,17,17,17,17,17,17,17
121594,2,1,0,0,0,28,0,0,0,0,0,0
121595,1,1,0,0,0,0,0,0,0,0,0,0
121595,2,1,0,0,0,0,17,0,0,0,0,0
121596,1,1,0,0,0,0,0,0,0,0,0,0
121596,2,1,0,0,0,0,0,0,0,0,0,0
121596,3,1,0,0,0,0,0,0,0,0,0,0
121596,4,1,0,0,0,0,0,0,0,0,0,3
121597,0,1,0,0,0,0,0,0,0,0,0,0
121597,1,1,0,0,0,0,0,0,0,0,0,0
121598,1,1,22,22,22,22,22,22,22,22,22,22
121599,0,1,38,12,29,13,13,20,11,20,20,6
121599,1,1,21,4,0,0,17,0,8,0,36,28
121600,1,1,0,0,0,0,0,0,0,0,0,0
121600,2,1,0,0,0,0,0,0,0,0,0,0
121600,3,1,0,10,0,0,0,0,0,0,0,0
121600,4,1,0,9,18,0,0,0,0,0,0,0
121601,1,1,0,0,0,0,0,0,0,0,0,0
121601,2,1,0,0,0,0,0,0,0,0,0,0
121602,0,1,0,0,0,0,0,0,24,0,0,11
121602,1,1,0,0,0,0,0,0,0,0,0,0
121603,0,1,0,19,0,0,0,0,0,31,0,0
121603,1,1,0,20,0,0,0,0,0,13,0,0
121604,0,1,0,0,0,0,0,0,0,0,0,0
121604,1,1,0,0,0,0,0,0,21,0,0,0
121605,1,1,28,28,28,28,28,28,28,28,28,28
121605,2,1,0,0,0,0,0,0,0,0,0,0
121606,1,1,16,16,16,16,16,16,16,16,16,16
121606,2,1,0,0,0,0,0,0,0,0,0,0
121607,1,1,0,0,0,0,0,0,0,0,0,0
121607,2,1,0,0,0,0,0,0,11,0,0,0
121608,1,1,0,0,0,0,0,0,0,0,0,0
121608,2,1,19,0,0,0,0,0,0,0,0,0
121608,3,1,0,0,0,0,0,0,0,0,0,0
121609,1,1,0,0,0,0,0,0,0,0,0,0
121610,1,1,0,0,0,0,0,0,0,0,0,0
121610,2,1,0,0,0,0,0,0,0,0,0,0
121611,1,1,4,4,4,4,4,4,4,4,4,4
121612,0,1,4,4,4,4,4,4,4,4,4,4
121612,1,1,24,10,10,31,4,24,17,13,0,30
121613,1,1,0,0,0,0,0,0,0,0,0,0
121613,2,1,0,0,0,0,0,0,0,0,0,0
121613,3,1,0,0,0,0,22,0,0,0,0,0
121615,1,1,35,35,35,35,35,35,35,35,35,35
121615,2,1,0,0,0,0,0,0,0,0,0,0
121616,1,1,13,13,13,13,13,13,13,13,13,13
121616,2,1,0,0,0,0,0,0,0,0,0,0
121617,1,1,0,0,0,0,0,0,0,0,0,0
121618,0,1,34,34,34,34,34,34,34,34,34,34
121618,0,2,33,26,0,57,22,23,17,16,34,23
121618,1,1,0,0,0,0,0,0,0,0,0,0
121619,1,1,0,0,0,0,0,0,0,0,0,0
121620,1,1,0,0,0,0,0,0,0,0,0,0
121620,2,1,0,0,0,0,0,0,0,0,18,0
121621,1,1,0,0,0,0,0,0,0,0,0,0
121621,2,1,0,0,0,0,0,0,0,0,0,0
121622,0,1,0,23,0,0,40,18,30,0,19,7
121622,1,1,0,31,0,0,0,0,0,0,0,0
121623,1,1,0,0,0,0,0,0,0,0,0,0
121624,1,1,0,0,0,0,0,0,0,0,0,0
121624,2,1,0,0,0,0,0,0,0,0,0,0
121625,0,1,20,0,0,0,0,0,0,0,0,0
121625,1,1,0,0,0,0,0,0,0,0,0,0
121626,0,1,0,0,0,0,9,0,23,0,12,0
121626,1,1,0,0,0,0,0,0,0,0,0,0
121627,1,1,0,17,12,0,0,0,0,0,0,0
121628,1,1,0,0,0,0,0,0,0,0,0,0
121628,2,1,0,0,0,0,0,0,0,0,0,0
121629,1,1,0,0,0,0,0,0,0,0,0,0
121629,2,1,0,0,0,0,0,0,0,0,0,0
121629,3,1,0,0,0,0,0,0,0,49,0,0
121631,1,1,13,13,13,13,13,13,13,13,13,13
121632,1,1,0,0,0,0,0,0,0,0,0,0
121632,2,1,0,0,0,0,0,0,0,0,0,0
121633,1,1,20,20,20,20,20,20,20,20,20,20
121634,1,1,5,5,5,5,5,5,5,5,5,5
121634,2,1,0,0,0,0,5,0,0,0,0,15
121635,1,1,0,0,0,0,0,0,0,0,0,0
121635,2,1,0,0,0,0,0,0,0,0,0,0
121635,3,1,0,0,0,0,10,13,0,0,0,0
121636,1,1,0,0,0,0,0,0,0,0,0,0
121636,2,1,0,0,0,0,0,0,0,0,0,0
121637,1,1,0,0,0,0,0,0,0,0,0,0
121637,2,1,0,13,0,0,0,0,12,0,13,0
121637,3,1,0,0,0,0,0,0,0,0,0,0
121637,4,1,0,0,7,0,0,0,6,0,0,11
121639,0,1,0,0,0,0,0,0,0,0,0,0
121639,1,1,0,0,0,0,0,0,0,0,0,0
121640,1,1,0,18,0,0,27,0,0,0,0,0
121640,2,1,0,0,0,6,0,0,0,0,0,0
121640,3,1,0,0,0,0,0,0,0,0,0,0
121640,4,1,0,0,0,0,0,0,0,0,0,0
121641,0,1,0,0,0,0,0,0,0,0,0,0
121641,1,1,0,0,35,0,0,0,0,0,28,0
121642,1,1,0,0,0,0,0,0,0,0,0,0
121642,2,1,7,7,7,7,7,7,7,7,7,7
121643,0,1,0,0,0,0,0,0,0,0,0,0
121643,1,1,0,0,0,0,29,0,0,0,0,37
121643,2,1,0,7,0,0,0,0,10,0,0,0
121644,1,1,0,16,0,0,0,0,0,0,0,0
121644,2,1,0,0,0,10,0,0,0,0,0,0
121645,1,1,19,19,19,19,19,19,19,19,19,19
121646,1,1,0,0,0,0,0,0,0,0,30,0
121647,0,1,0,0,0,0,0,0,0,9,0,0
121647,1,1,0,0,0,0,0,0,0,0,0,0
121648,1,1,0,0,16,0,0,0,0,0,0,0
121649,1,1,0,0,0,0,0,0,0,0,0,0
121650,1,1,2,2,2,2,2,2,2,2,2,2
121651,1,1,16,16,16,16,16,16,16,16,16,16
121652,0,1,0,0,22,0,0,0,0,0,0,0
121652,0,2,0,0,3,6,0,0,0,32,0,0
121652,1,1,0,0,0,0,0,0,0,0,0,0
121653,1,1,0,0,0,0,0,0,0,0,0,0
121653,2,1,0,0,0,0,0,0,0,0,0,0
121653,3,1,0,0,0,0,0,0,0,0,0,0
121654,1,1,0,0,0,0,0,0,0,0,0,0
121654,2,1,0,0,0,0,0,0,0,0,0,0
121655,1,1,25,25,25,25,25,25,25,25,25,25
121656,1,1,0,0,11,0,16,0,9,19,0,0
121656,2,1,0,0,4,0,0,0,6,0,20,0
121657,1,1,9,9,9,9,9,9,9,9,9,9
121657,2,1,2,0,0,0,0,0,0,0,0,0
121658,1,1,0,0,0,0,0,0,0,0,0,0
121658,2,1,0,0,0,0,0,0,0,0,0,0
121659,1,1,29,12,12,30,26,24,17,10,20,20
121659,2,1,0,0,0,19,0,0,0,0,0,0
121660,1,1,0,0,0,0,0,0,0,0,0,0
121660,2,1,0,0,0,0,0,0,0,0,0,0
121661,1,1,0,0,0,0,0,0,0,0,0,0
121661,2,1,0,0,0,0,0,0,0,0,0,0
121662,1,1,0,0,0,0,0,0,0,0,0,0
121663,0,1,0,5,21,0,0,0,0,0,0,0
121663,1,1,0,0,0,0,0,0,0,0,0,0
121664,1,1,0,0,0,0,0,0,0,0,0,0
121665,1,1,0,0,0,0,0,0,0,0,0,0
121665,2,1,0,0,0,0,0,0,0,0,0,0
121666,1,1,15,15,15,15,15,15,15,15,15,15
121666,2,1,0,0,0,0,0,0,0,0,0,0
121667,1,1,0,0,0,0,0,0,0,0,0,0
121667,2,1,0,0,0,0,0,0,0,0,0,0
121668,2,1,0,0,0,0,0,0,17,0,0,0
121669,1,1,0,0,0,0,0,0,0,0,0,0
121669,2,1,0,0,0,0,0,0,0,0,0,0
121669,3,1,0,0,0,0,0,0,0,0,0,0
121669,4,1,0,0,0,0,0,0,0,0,0,0
121670,1,1,0,0,0,0,0,0,0,0,0,0
121671,1,1,16,16,16,16,16,16,16,16,16,16
121671,2,1,0,0,0,0,0,0,0,0,0,0
121671,3,1,0,0,0,0,0,0,20,0,0,13
121672,1,1,0,0,0,0,0,21,0,0,0,15
121672,2,1,0,0,0,0,0,0,0,0,0,0
121673,0,1,0,0,0,0,0,0,0,0,0,0
121673,1,1,0,0,0,0,0,0,0,0,0,0
121674,1,1,0,0,0,0,0,0,0,0,0,0
121674,2,1,0,0,0,0,0,0,0,0,0,0
121675,0,1,16,23,17,0,11,0,26,11,5,0
121675,1,1,23,0,0,0,0,0,0,0,0,0
121676,1,1,0,0,0,0,0,0,0,0,0,0
121677,1,1,0,0,0,0,0,0,11,0,0,0
121677,2,1,20,0,0,0,30,0,0,0,0,0
121678,0,1,0,0,0,0,0,0,0,0,0,0
121678,1,1,0,0,0,0,0,0,0,0,0,0
121679,0,1,0,16,0,0,19,0,0,0,20,0
121679,1,1,0,0,0,0,0,0,0,0,0,0
121680,1,1,21,21,21,21,21,21,21,21,21,21
121681,1,1,20,20,20,20,20,20,20,20,20,20
121682,1,1,0,0,0,0,0,18,0,16,0,0
121683,0,1,19,19,19,19,19,19,19,19,19,19
121683,1,1,0,0,0,0,0,25,0,0,0,0
121684,1,1,0,0,0,0,0,0,0,0,0,0
121685,1,1,12,10,13,21,16,11,26,8,22,21
121686,1,1,23,23,23,23,23,23,23,23,23,23
121686,2,1,0,0,0,0,0,0,0,0,0,0
121687,0,1,0,0,0,0,0,0,0,0,0,0
121687,1,1,0,0,0,0,0,0,0,0,0,0
121688,0,1,0,0,0,0,0,0,0,0,0,0
121688,1,1,0,0,0,0,0,0,0,20,0,0
121689,0,1,0,0,0,0,0,0,0,0,0,0
121689,1,1,0,0,4,0,4,0,0,0,0,0
121690,0,1,21,21,21,21,21,21,21,21,21,21
121690,1,1,0,14,0,13,0,27,13,0,0,32
121691,1,1,12,0,0,0,0,0,0,0,0,15
121692,1,1,0,0,0,0,0,0,0,0,0,0
121692,2,1,0,0,0,0,0,0,0,0,0,0
121693,0,1,0,0,0,0,0,0,0,0,0,0
121693,1,1,0,0,0,0,0,0,0,0,0,0
121694,0,1,23,23,23,23,23,23,23,23,23,23
121694,1,1,0,0,0,0,0,0,0,0,0,0
121695,1,1,0,0,18,0,0,0,0,0,0,0
121695,2,1,0,0,0,0,0,0,0,0,0,0
121696,1,1,0,0,0,0,0,0,0,0,0,0
121696,2,1,0,0,0,0,0,0,0,0,0,0
121697,1,1,24,24,24,24,24,24,24,24,24,24
121697,2,1,0,0,0,0,10,0,0,0,0,0
121697,3,1,0,0,27,0,0,0,0,0,0,0
121698,1,1,10,0,0,0,0,0,4,0,9,0
121699,1,1,0,33,0,0,0,0,0,0,0,0
121699,2,1,0,0,0,0,0,0,0,0,0,0
121700,1,1,0,0,0,0,0,0,0,0,0,0
121701,1,1,0,0,19,0,0,0,20,0,17,0
121703,1,1,0,0,0,0,0,0,0,0,0,0
121704,1,1,0,0,0,0,0,0,0,0,0,0
121704,2,1,0,0,0,0,0,0,0,0,0,0
121705,1,1,0,0,0,0,0,0,0,0,0,0
121705,2,1,0,0,22,0,0,0,0,0,0,0
121705,3,1,0,0,0,0,0,0,0,0,0,0
121705,4,1,9,9,9,9,9,9,9,9,9,9
121705,5,1,0,0,0,18,15,0,0,18,22,0
121705,6,1,0,0,0,0,0,8,0,0,0,17
121705,7,1,0,0,0,0,0,0,0,0,0,0
121705,8,1,0,0,0,0,0,0,0,0,0,0
121705,9,1,0,0,0,0,0,0,0,0,0,0
121706,1,1,0,8,0,0,0,19,0,0,14,19
121707,1,1,27,0,4,0,0,0,0,0,0,0
121707,2,1,0,0,0,0,0,0,0,0,0,0
121708,1,1,12,12,12,12,12,12,12,12,12,12
121709,1,1,6,6,6,6,6,6,6,6,6,6
121709,2,1,0,0,0,0,0,0,0,0,0,0
121710,1,1,0,0,0,0,0,0,0,0,0,0
121710,2,1,0,0,0,25,0,0,0,0,0,0
121712,1,1,28,28,28,28,28,28,28,28,28,28
121713,0,1,0,0,0,0,0,0,0,0,0,0
121713,1,1,11,5,37,0,0,0,0,0,0,18
121714,1,1,0,0,0,0,0,0,0,0,0,0
121714,2,1,0,0,0,0,0,0,0,0,0,0
121715,0,1,15,38,0,0,34,0,11,34,27,0
121715,1,1,0,0,0,0,0,0,0,0,0,35
121716,1,1,2,2,2,2,2,2,2,2,2,2
121717,1,1,24,24,24,24,24,24,24,24,24,24
121718,1,1,0,0,0,0,0,0,0,0,0,0
121719,1,1,0,0,0,0,0,0,0,0,0,0
121720,1,1,5,5,5,5,5,5,5,5,5,5
121720,2,1,0,0,0,0,0,0,0,0,0,0
121721,1,1,0,0,0,0,0,0,0,0,0,0
121721,2,1,0,0,0,0,0,0,0,0,0,0
121721,3,1,0,0,0,0,0,0,0,0,0,0
121722,0,1,0,0,0,0,0,0,0,0,0,0
121722,1,1,0,11,33,0,0,0,0,0,27,15
121723,1,1,0,0,0,0,0,0,0,0,0,0
121723,2,1,0,0,0,0,0,0,0,0,0,0
121724,0,1,16,19,0,0,30,9,0,0,0,0
121724,1,1,5,5,5,5,5,5,5,5,5,5
121725,1,1,0,0,0,0,0,0,0,0,0,0
121725,2,1,0,0,0,0,0,0,0,0,0,0
121726,0,1,0,0,0,0,0,0,0,0,0,0
121726,1,1,0,0,0,0,0,0,0,0,0,0
121727,0,1,11,3,0,5,15,17,22,18,48,16
121727,1,1,9,0,0,0,0,0,0,0,0,0
121728,1,1,0,0,0,0,0,0,0,0,0,0
121728,2,1,0,0,0,0,0,0,0,0,0,0
121728,3,1,0,0,0,0,0,0,0,0,0,0
121729,1,1,0,0,0,27,0,13,21,0,0,9
121730,1,1,0,0,0,0,7,0,0,0,24,0
121731,1,1,0,0,0,0,0,0,0,0,0,0
121731,2,1,0,0,0,0,0,0,0,0,0,0
121731,3,1,0,0,0,0,0,0,0,0,0,0
121731,4,1,0,0,0,0,0,0,0,0,0,0
121732,1,1,0,0,0,0,0,0,0,0,0,0
121733,1,1,0,0,0,0,0,0,0,0,0,0
121734,1,1,1,1,1,1,1,1,1,1,1,1
121735,1,1,0,0,0,0,0,0,0,0,0,0
121735,2,1,0,0,0,0,0,0,0,0,0,0
121736,1,1,16,16,16,16,16,16,16,16,16,16
121736,2,1,0,0,0,0,0,0,0,0,0,0
121737,1,1,0,0,0,0,0,0,0,0,0,0
121737,2,1,0,0,0,0,0,0,0,0,0,0
121738,0,1,15,0,0,34,16,43,10,10,29,36
121738,1,1,0,0,0,17,0,0,0,0,0,0
121739,1,1,0,15,13,32,20,18,8,0,0,17
121739,2,1,0,0,0,0,0,0,0,0,0,0
121739,3,1,0,0,0,0,0,0,0,0,0,0
121740,0,1,34,42,10,15,20,31,15,10,37,8
121740,1,1,0,0,0,20,0,0,0,0,16,0
121741,0,1,0,0,0,11,8,0,0,0,0,23
121741,1,1,0,0,0,0,17,0,0,0,0,0
121742,1,1,0,0,0,14,21,0,0,0,22,0
121742,2,1,0,0,0,0,0,0,0,0,0,0
121744,1,1,14,43,15,10,18,51,19,19,37,15
121744,2,1,0,0,0,0,0,0,0,0,0,0
121744,3,1,0,0,0,0,0,0,0,0,0,0
121745,1,1,0,0,0,0,0,0,0,0,0,0
121745,2,1,0,0,0,0,0,0,0,0,0,0
121745,3,1,0,0,0,0,0,0,0,0,0,0
121746,0,1,0,0,0,0,0,0,20,0,0,0
121746,1,1,0,0,0,0,0,0,0,0,0,0
121747,1,1,0,0,0,0,0,0,0,0,0,0
121748,0,1,0,0,0,0,0,0,0,0,0,0
121748,1,1,0,0,0,0,0,0,0,0,0,0
121749,1,1,0,0,0,0,0,0,0,0,0,0
121749,2,1,0,0,0,0,0,0,0,0,0,0
121749,3,1,0,0,0,0,0,0,0,0,0,0
121750,1,1,0,0,0,0,0,26,0,0,0,0
121750,2,1,0,0,0,0,0,0,0,0,0,0
121751,1,1,0,7,0,11,0,0,0,0,0,0
121752,0,1,14,14,27,14,8,15,17,21,30,15
121752,1,1,17,0,19,10,3,15,17,25,25,12
121753,1,1,0,0,0,0,0,0,0,0,0,0
121753,2,1,0,0,0,0,0,0,0,0,0,0
121754,1,1,0,0,0,0,0,0,0,0,0,0
121754,2,1,0,18,0,7,9,0,11,5,10,20
121755,1,1,0,0,0,0,0,0,0,0,0,0
121755,2,1,0,15,0,0,0,0,0,0,0,0
121755,3,1,0,0,0,0,0,0,0,0,0,0
121755,4,1,0,11,0,0,0,0,0,0,0,0
121756,1,1,0,0,0,0,0,0,0,0,0,0
121757,1,1,0,0,0,0,0,0,0,0,0,0
121757,2,1,0,0,0,0,0,0,0,0,0,0
121758,1,1,0,0,0,0,0,0,0,0,0,0
121758,2,1,0,0,0,0,0,0,0,0,0,0
121759,1,1,0,0,0,0,0,0,0,0,0,0
121759,2,1,0,0,0,0,0,0,0,0,0,0
121759,3,1,0,0,0,0,0,0,0,0,0,0
121760,1,1,0,0,0,0,0,0,0,0,0,0
121760,2,1,0,0,0,0,0,0,0,0,0,0
121760,3,1,0,0,0,0,0,0,0,0,0,0
121760,4,1,0,0,0,0,0,0,0,0,0,0
121760,5,1,0,0,13,0,0,0,0,0,0,0
121760,6,1,0,0,0,0,0,0,0,0,0,0
121760,7,1,0,0,0,0,0,0,0,0,0,0
121760,8,1,0,0,0,0,0,0,0,0,0,0
121760,9,1,0,0,0,13,0,0,0,0,4,9
121760,10,1,0,0,0,0,0,0,0,0,0,0
121760,11,1,0,0,0,0,0,19,14,7,0,0
121761,1,1,20,20,20,20,20,20,20,20,20,20
121762,1,1,7,0,7,0,0,7,0,12,0,20
121763,1,1,20,20,20,20,20,20,20,20,20,20
121764,1,1,11,11,11,11,11,11,11,11,11,11
121764,2,1,11,9,15,19,14,7,6,13,9,17
121765,1,1,0,0,0,0,0,0,0,0,0,0
121765,2,1,0,0,0,0,0,0,0,0,0,0
121766,1,1,0,0,0,0,0,0,0,0,0,0
121768,1,1,0,0,0,0,0,0,0,0,0,0
121768,2,1,18,0,0,0,0,0,0,0,0,0
121769,1,1,0,0,0,0,0,0,0,0,0,46
121769,2,1,0,0,0,0,0,0,0,0,0,0
121770,1,1,0,0,0,0,0,0,0,0,0,0
121770,2,1,0,0,0,0,0,0,0,0,0,0
121771,1,1,0,0,0,0,0,0,0,0,0,0
121771,2,1,0,0,0,0,0,0,6,0,0,0
121772,1,1,0,0,0,0,0,0,0,0,0,0
121772,2,1,7,7,7,7,7,7,7,7,7,7
121773,0,1,33,21,12,5,16,22,25,30,2,21
121773,1,1,0,0,0,0,0,22,0,0,0,0
121774,1,1,18,18,18,18,18,18,18,18,18,18
121775,0,1,13,28,15,15,16,18,0,19,16,48
121775,1,1,0,29,34,11,0,0,17,0,0,0
121776,0,1,16,16,16,16,16,16,16,16,16,16
121776,1,1,0,0,0,0,0,0,0,0,0,0
121777,1,1,26,26,26,26,26,26,26,26,26,26
121777,2,1,0,10,0,0,0,0,0,0,0,0
121780,1,1,0,0,0,0,0,0,0,0,21,0
121781,1,1,0,0,0,0,0,0,0,0,0,0
121782,1,1,0,0,0,0,0,0,20,0,0,0
121783,1,1,0,0,0,0,0,0,0,0,0,0
121783,2,1,0,0,0,0,0,0,0,0,0,0
121783,3,1,0,0,0,0,0,0,0,0,0,0
121783,4,1,0,0,0,0,0,0,0,0,0,0
121784,1,1,0,0,0,0,0,0,0,0,0,14
121784,2,1,0,0,0,0,0,0,0,0,0,0
121785,1,1,5,5,5,5,5,5,5,5,5,5
121785,2,1,0,10,0,0,0,0,0,0,0,0
121786,1,1,0,0,0,0,0,0,16,0,0,0
121786,2,1,0,0,0,0,0,0,0,0,0,0
121786,3,1,0,0,0,0,0,0,0,0,0,0
121786,4,1,0,0,0,0,0,0,7,0,0,0
121787,1,1,0,0,0,0,0,0,0,0,0,0
121787,2,1,0,0,0,0,0,0,0,0,0,0
121788,0,1,0,28,0,9,19,18,13,0,6,11
121788,1,1,0,0,0,0,0,13,0,0,44,20
121789,1,1,0,0,0,0,0,0,0,0,0,0
121789,2,1,0,0,0,0,0,0,0,0,0,0
121790,1,1,29,29,29,29,29,29,29,29,29,29
121791,1,1,0,0,0,0,2,26,0,0,14,16
121793,1,1,10,10,10,10,10,10,10,10,10,10
121794,1,1,29,29,29,29,29,29,29,29,29,29
121794,2,1,0,0,0,0,0,0,0,0,0,0
121795,1,1,0,0,0,0,0,0,0,0,0,0
121796,1,1,1,1,1,1,1,1,1,1,1,1
121796,2,1,0,0,0,0,0,0,0,0,0,0
121797,1,1,0,0,0,0,0,0,0,0,0,0
121798,1,1,21,21,21,21,21,21,21,21,21,21
121798,2,1,0,0,0,0,0,0,0,0,0,0
121799,1,1,0,0,0,0,0,0,0,0,0,0
121799,2,1,0,0,0,0,0,0,0,0,0,0
121800,1,1,15,15,15,15,15,15,15,15,15,15
121800,2,1,0,0,0,0,0,0,0,0,0,0
121802,0,1,0,0,0,0,0,0,0,0,0,0
121802,1,1,0,30,18,0,0,23,17,0,0,0
121804,1,1,0,0,0,0,0,0,0,7,0,0
121804,2,1,0,0,0,0,0,0,15,0,0,0
121804,3,1,0,0,0,0,0,0,0,0,0,0
121804,4,1,0,0,0,0,0,0,0,0,0,0
121805,1,1,0,0,4,0,0,0,0,17,0,0
121805,2,1,0,0,0,0,0,0,0,0,0,0
121806,1,1,29,10,8,0,16,41,12,13,21,37
121807,0,1,0,0,0,0,0,0,0,0,0,0
121807,1,1,0,0,0,36,0,25,27,0,0,21
121808,1,1,0,0,0,0,0,0,0,0,0,0
121809,1,1,26,12,20,28,28,24,0,27,3,18
121809,2,1,0,0,0,0,0,0,0,0,0,0
121809,3,1,0,0,0,0,0,0,0,0,0,0
121810,1,1,0,0,0,0,13,0,0,0,27,0
121810,2,1,0,0,0,0,0,0,0,0,0,14
121811,0,1,0,0,0,0,0,0,0,0,0,0
121811,1,1,0,0,0,0,0,0,0,19,26,0
121812,1,1,0,0,0,0,0,0,0,0,0,0
121812,2,1,0,0,0,0,0,0,0,0,0,21
121813,1,1,5,16,17,0,0,24,0,30,20,0
121813,2,1,0,26,0,0,0,10,0,0,0,0
121814,0,1,0,0,0,0,0,0,0,0,0,0
121814,1,1,0,0,0,0,0,0,0,0,0,0
121815,1,1,24,7,17,0,8,0,0,0,27,14
121815,2,1,0,0,0,0,0,0,0,0,0,0
121816,1,1,0,0,0,0,0,0,0,0,0,0
121816,2,1,0,0,0,0,0,0,0,0,0,0
121817,0,1,0,0,25,0,0,0,0,0,0,0
121817,1,1,0,0,0,0,0,0,0,0,0,0
121818,1,1,0,0,0,0,0,0,0,0,0,0
121818,2,1,0,0,0,0,0,0,0,0,0,0
121819,1,1,0,0,0,0,0,0,0,0,0,11
121819,2,1,0,0,0,0,0,0,0,0,0,0
121820,1,1,0,0,0,0,0,0,0,0,0,0
121820,2,1,0,0,0,14,0,0,0,0,0,0
121821,1,1,0,0,0,0,0,0,0,0,0,0
121821,2,1,0,13,0,0,9,0,17,5,0,0
121822,0,1,0,0,0,0,0,0,0,0,0,0
121822,1,1,0,0,0,0,0,0,0,0,0,0
121823,1,1,28,12,0,0,0,10,0,0,17,0