ST_CASE,VEH_NO,PER_NO,P1,P2,P3,P4,P5,P6,P7,P8,P9,P10
121823,2,1,0,0,0,0,0,0,0,0,0,0
121824,1,1,6,6,35,25,8,23,15,0,13,20
121825,1,1,0,0,0,0,0,0,0,0,0,0
121825,2,1,0,0,0,0,0,0,0,0,0,0
121826,0,1,11,0,0,0,0,0,0,0,15,20
121826,1,1,0,6,16,3,0,26,0,0,13,0
121827,0,1,0,0,0,0,0,0,0,17,0,0
121827,1,1,0,0,0,0,0,0,21,0,0,0
121828,1,1,0,0,0,0,0,0,0,0,0,0
121828,2,1,0,0,0,0,0,0,0,0,0,0
121829,0,1,0,0,0,21,0,15,0,0,0,0
121829,1,1,0,0,0,0,0,0,0,0,0,0
121830,1,1,24,24,24,24,24,24,24,24,24,24
121830,2,1,0,0,0,0,26,0,0,0,0,0
121831,1,1,0,0,0,0,0,0,0,0,0,0
121832,1,1,0,0,0,0,0,16,0,0,0,0
121832,2,1,0,0,0,0,0,0,0,0,0,0
121833,1,1,0,0,4,0,0,0,0,0,0,0
121833,2,1,0,0,0,0,0,12,0,0,0,0
121834,0,1,0,0,0,0,0,0,0,0,0,0
121834,1,1,0,0,0,0,0,0,0,0,0,0
121835,1,1,11,11,0,18,22,0,11,21,0,18
121836,0,1,0,0,0,0,0,0,0,0,0,0
121836,1,1,0,0,0,0,0,0,0,0,0,0
121837,0,1,0,0,0,0,0,0,0,0,0,0
121837,1,1,0,0,42,19,0,0,14,0,0,0
121838,1,1,0,0,0,0,0,0,0,0,0,0
121838,2,1,0,0,0,0,0,0,0,0,0,0
121839,0,1,24,24,24,24,24,24,24,24,24,24
121839,1,1,0,16,0,0,0,0,14,0,0,0
121840,1,1,0,0,0,0,0,0,0,0,0,0
121840,2,1,0,0,0,3,0,0,0,0,0,3
121841,1,1,0,0,0,0,0,0,0,0,0,0
121841,2,1,0,0,0,0,0,0,0,0,0,0
121842,1,1,0,0,0,0,0,0,0,40,0,0
121843,1,1,0,0,0,0,0,0,0,0,0,0
121844,0,1,0,0,0,0,0,0,0,0,0,0
121844,1,1,9,9,9,9,9,9,9,9,9,9
121845,0,1,0,0,0,0,0,0,0,0,0,0
121845,1,1,0,16,0,0,0,0,0,18,0,0
121846,1,1,0,0,0,0,0,0,0,0,0,0
121846,2,1,9,0,0,13,0,0,0,0,6,0
121847,1,1,0,0,0,0,0,0,0,0,0,0
121847,2,1,0,0,0,0,0,0,0,0,0,0
121848,0,1,20,18,29,0,0,0,0,15,20,37
121848,1,1,0,0,0,0,0,0,0,9,0,31
121848,2,1,0,0,0,0,29,0,0,12,0,0
121849,0,1,23,23,23,23,23,23,23,23,23,23
121849,1,1,0,0,0,0,0,0,0,0,0,0
121850,1,1,0,0,0,0,0,0,0,0,0,0
121850,2,1,0,0,0,0,0,0,0,0,0,0
121851,0,1,9,9,9,9,9,9,9,9,9,9
121851,1,1,0,0,0,0,0,0,0,0,0,0
121852,0,1,0,0,0,0,0,0,0,0,0,0
121852,1,1,0,0,0,0,0,0,0,0,31,0
121852,2,1,0,0,0,0,0,0,17,0,34,0
121853,1,1,0,0,0,0,0,0,0,0,0,0
121853,2,1,0,0,0,0,10,0,0,0,0,0
121854,0,1,16,16,16,16,16,16,16,16,16,16
121854,1,1,9,9,9,9,9,9,9,9,9,9
121855,1,1,23,23,23,23,23,23,23,23,23,23
121856,1,1,4,0,0,0,0,0,0,0,0,0
121856,2,1,0,0,0,0,0,0,0,0,0,0
121856,3,1,0,0,0,0,0,0,0,0,0,0
121857,1,1,0,0,0,0,0,0,0,0,0,0
121857,2,1,0,0,0,0,0,0,0,0,0,0
121858,0,1,46,46,46,46,46,46,46,46,46,46
121858,1,1,20,15,5,4,12,17,29,11,9,15
121860,1,1,13,13,13,13,13,13,13,13,13,13
121861,0,1,0,0,0,0,0,0,0,0,0,0
121861,0,2,0,0,0,13,0,7,24,0,0,0
121861,0,3,0,8,0,0,11,0,24,0,0,0
121861,1,1,19,32,0,0,0,0,0,0,0,0
121862,1,1,0,0,0,0,0,0,0,0,0,0
121863,1,1,24,24,24,24,24,24,24,24,24,24
121863,2,1,0,0,0,0,0,0,0,0,0,0
121863,3,1,0,0,0,0,0,0,0,0,0,0
121864,1,1,0,0,0,0,0,0,0,0,0,0
121865,1,1,0,0,0,0,0,0,0,0,0,0
121865,2,1,0,0,10,0,0,0,0,0,0,0
121866,1,1,0,0,0,0,0,0,0,0,0,0
121866,2,1,0,0,0,0,0,0,0,0,0,0
121867,0,1,0,0,0,0,0,0,0,0,0,0
121867,1,1,0,0,0,0,0,0,0,0,0,0
121868,1,1,2,2,2,2,2,2,2,2,2,2
121869,1,1,0,0,0,0,0,0,0,0,0,0
121870,0,1,0,0,0,0,0,0,0,0,0,0
121870,1,1,0,0,0,0,0,0,0,0,0,0
121871,0,1,10,10,10,10,10,10,10,10,10,10
121871,1,1,0,0,0,0,0,0,0,0,0,0
121872,0,1,16,15,13,20,36,6,22,24,18,24
121872,1,1,0,0,0,0,0,41,21,0,13,25
121873,0,1,0,35,0,0,0,0,0,0,0,0
121873,1,1,0,0,0,0,0,0,0,0,0,0
121874,1,1,0,0,0,0,0,0,0,0,0,0
121875,0,1,0,15,10,16,18,14,0,0,0,0
121875,1,1,0,0,0,0,0,0,0,0,0,12
121876,1,1,0,0,0,0,0,0,0,0,0,0
121876,2,1,0,0,0,0,0,0,0,0,0,0
121877,0,1,0,0,0,0,16,0,0,22,38,0
121877,1,1,0,0,0,0,0,0,0,0,0,32
121878,0,1,0,0,0,0,0,0,0,0,0,0
121878,1,1,18,36,9,47,31,37,19,28,0,4
121879,1,1,3,3,3,3,3,3,3,3,3,3
121880,1,1,0,0,0,0,0,0,0,0,0,0
121881,1,1,26,26,26,26,26,26,26,26,26,26
121881,2,1,0,0,0,0,0,0,0,0,0,0
121882,1,1,23,23,23,23,23,23,23,23,23,23
121883,1,1,0,0,0,0,0,0,5,0,26,0
121884,0,1,0,0,0,0,0,0,0,0,12,0
121884,1,1,0,0,0,0,0,0,0,0,0,0
121884,2,1,26,26,26,26,26,26,26,26,26,26
121885,1,1,0,0,0,0,21,10,0,6,8,0
121886,1,1,4,18,16,3,9,10,10,13,12,3
121886,2,1,16,3,10,14,10,17,18,26,0,2
121887,1,1,19,19,19,19,19,19,19,19,19,19
121888,1,1,0,0,0,0,0,0,0,0,0,0
121888,2,1,0,0,0,0,0,0,0,0,0,0
121889,0,1,0,0,0,0,0,0,0,0,0,0
121889,1,1,0,0,0,0,0,0,0,0,0,0
121890,1,1,25,0,0,0,16,0,0,0,0,0
121891,1,1,0,0,0,0,0,0,0,0,0,0
121891,2,1,0,0,0,0,0,0,0,0,0,0
121892,1,1,21,21,21,21,21,21,21,21,21,21
121892,2,1,0,0,0,0,0,0,0,13,0,0
121893,1,1,0,0,0,0,0,0,0,0,0,0
121894,1,1,0,0,0,0,0,0,0,0,0,0
121894,2,1,0,0,0,0,0,0,0,0,0,0
121895,1,1,14,14,14,14,14,14,14,14,14,14
121896,1,1,10,10,10,10,10,10,10,10,10,10
121897,1,1,8,8,8,8,8,8,8,8,8,8
121897,2,1,0,0,0,0,0,0,0,0,0,0
121897,3,1,0,0,0,0,0,0,0,0,0,0
121898,0,1,0,23,0,0,0,0,0,0,0,0
121898,1,1,0,0,0,0,0,0,0,0,0,0
121899,0,1,30,0,0,8,3,0,0,0,7,7
121899,1,1,0,14,0,0,0,0,16,0,0,0
121900,0,1,34,0,0,26,0,0,0,18,0,0
121900,1,1,0,0,0,0,0,0,0,0,0,0
121901,1,1,0,0,0,0,0,0,0,0,0,0
121901,2,1,0,0,0,0,0,0,0,0,0,0
121902,0,1,22,22,22,22,22,22,22,22,22,22
121902,1,1,0,20,0,18,0,0,0,16,0,0
121903,1,1,0,0,0,0,15,0,0,0,0,20
121903,2,1,0,7,0,0,0,0,0,0,0,0
121903,3,1,0,0,0,0,0,0,0,0,0,0
121904,1,1,12,22,23,3,9,12,10,5,21,14
121905,0,1,0,0,28,0,0,0,0,0,35,0
121905,1,1,2,21,23,0,0,0,19,0,0,8
121906,0,1,0,0,0,0,0,0,0,0,0,0
121906,1,1,0,0,0,0,0,0,0,0,0,0
121907,1,1,23,23,23,23,23,23,23,23,23,23
121907,2,1,0,0,0,0,0,0,0,0,0,0
121907,3,1,0,0,0,0,0,0,0,0,0,0
121908,1,1,0,0,0,0,0,0,0,0,0,0
121908,2,1,1,1,1,1,1,1,1,1,1,1
121909,1,1,0,0,0,0,0,0,0,0,0,0
121909,2,1,0,0,0,0,0,0,0,0,13,0
121910,1,1,0,0,0,0,0,0,0,0,0,0
121910,2,1,0,0,0,0,0,0,0,0,0,0
121910,3,1,0,0,0,0,0,0,0,0,0,0
121911,1,1,0,0,0,0,0,0,0,0,0,0
121912,1,1,15,0,0,0,0,0,0,0,0,0
121912,2,1,0,0,0,0,0,0,0,0,0,0
121912,3,1,0,14,0,0,0,0,0,0,13,0
121913,1,1,0,0,0,0,0,0,0,0,0,0
121913,2,1,2,2,2,2,2,2,2,2,2,2
121913,3,1,0,0,0,0,0,0,0,0,0,0
121914,1,1,15,9,11,11,18,17,0,16,7,13
121914,2,1,0,0,0,0,9,0,0,0,0,0
121915,1,1,10,0,33,16,18,0,18,14,15,0
121916,1,1,0,0,0,0,0,0,0,14,0,0
121916,2,1,0,0,0,0,0,0,0,0,0,0
121917,1,1,21,15,10,17,22,0,21,26,11,0
121918,0,1,0,0,0,0,0,0,0,0,0,0
121918,1,1,0,0,0,0,0,0,0,0,0,0
121919,0,1,0,0,0,0,0,0,0,0,0,0
121919,0,2,0,0,0,0,0,0,0,35,0,0
121919,1,1,0,0,0,0,0,0,0,0,0,0
121920,0,1,0,0,0,29,0,0,0,0,0,0
121920,1,1,0,0,0,0,0,0,0,0,0,0
121921,1,1,0,0,0,0,0,0,29,0,0,0
121921,2,1,0,8,0,0,0,0,0,0,0,6
121922,0,1,0,18,0,0,0,0,0,0,0,0
121922,1,1,0,0,0,0,0,0,0,0,0,0
121923,1,1,17,17,17,17,17,17,17,17,17,17
121924,1,1,24,0,8,0,24,0,13,17,10,0
121924,2,1,0,0,4,7,0,18,12,8,16,7
121925,1,1,0,20,26,7,0,0,0,0,0,0
121925,2,1,0,0,0,0,0,0,0,0,0,0
121926,1,1,21,21,21,21,21,21,21,21,21,21
121927,1,1,15,15,15,15,15,15,15,15,15,15
121927,2,1,0,0,0,0,0,0,0,0,0,0
121928,1,1,4,25,0,0,0,0,0,0,0,0
121929,1,1,9,9,9,9,9,9,9,9,9,9
121930,1,1,24,24,24,24,24,24,24,24,24,24
121930,2,1,0,13,0,0,4,0,23,0,15,3
121930,3,1,0,0,0,0,11,0,9,0,9,0
121931,1,1,36,0,0,0,9,0,0,0,0,0
121931,2,1,0,0,0,0,0,0,0,0,0,0
121932,1,1,16,16,16,16,16,16,16,16,16,16
121932,2,1,0,0,0,0,0,0,0,0,0,0
121932,3,1,0,0,0,0,0,0,0,0,0,0
121933,0,1,13,14,0,0,30,0,0,0,36,8
121933,1,1,0,0,19,0,0,0,14,0,0,0
121934,1,1,21,21,21,21,21,21,21,21,21,21
121935,1,1,17,17,17,17,17,17,17,17,17,17
121936,1,1,0,0,0,0,0,0,0,0,0,0
121936,2,1,0,0,0,0,0,0,0,0,0,0
121937,0,1,0,0,0,0,0,0,0,0,0,0
121937,1,1,24,0,0,10,5,13,16,17,21,17
121938,1,1,0,0,0,0,0,0,0,0,0,0
121938,2,1,0,0,0,0,0,0,0,0,0,0
121938,3,1,0,0,0,0,0,0,0,0,0,0
121939,0,1,0,0,0,0,0,0,0,0,0,0
121939,1,1,0,0,0,0,0,0,0,0,0,0
121941,1,1,0,0,0,20,0,3,0,0,0,9
121941,2,1,0,0,0,0,0,0,0,0,0,0
121942,1,1,1,1,1,1,1,1,1,1,1,1
121943,1,1,0,0,0,0,0,0,0,0,0,0
121943,2,1,0,0,0,0,0,0,0,0,0,0
121944,1,1,22,0,18,12,20,0,25,0,4,22
121944,2,1,9,0,0,0,13,0,0,16,0,10
121946,0,1,0,0,0,0,0,0,0,0,0,0
121946,1,1,0,0,0,0,0,0,0,0,0,0
121947,0,1,0,13,0,41,0,0,0,10,21,0
121947,1,1,0,0,0,0,0,0,0,0,0,0
121948,1,1,0,20,0,0,0,0,0,0,0,0
121948,2,1,0,0,0,0,0,0,0,0,0,0
121949,1,1,0,0,0,0,0,0,0,0,6,0
121949,2,1,0,0,0,0,0,0,0,0,0,0
121949,3,1,0,0,0,0,0,0,0,0,0,0
121949,4,1,0,0,0,0,0,0,0,0,0,0
121950,1,1,6,6,6,6,6,6,6,6,6,6
121950,2,1,0,0,0,0,0,0,4,0,0,0
121951,0,1,0,0,0,0,0,0,0,0,0,0
121951,1,1,0,0,0,0,0,0,0,0,0,0
121952,1,1,0,0,0,0,0,0,0,0,0,0
121953,1,1,0,0,0,0,0,0,0,0,0,0
121954,1,1,0,0,0,0,0,0,0,0,0,0
121954,2,1,0,0,0,0,6,0,0,0,0,0
121955,0,1,0,0,0,0,0,0,0,40,0,15
121955,1,1,0,0,32,0,0,11,0,0,0,0
121956,1,1,18,0,10,0,0,0,6,0,12,0
121956,2,1,0,0,0,0,0,0,0,0,0,0
121957,1,1,0,0,0,21,21,13,0,0,0,19
121958,1,1,0,0,0,0,0,0,0,0,0,0
121958,2,1,0,0,0,0,0,0,0,0,0,0
121959,1,1,6,21,12,0,0,4,26,0,7,20
121959,2,1,0,0,0,0,0,0,17,0,0,0
121960,1,1,0,0,0,0,0,0,0,0,0,0
121960,2,1,0,0,0,0,0,0,0,0,0,0
121961,1,1,0,0,0,0,0,0,0,0,0,0
121961,2,1,0,0,0,0,0,0,0,0,0,0
121962,0,1,0,0,0,14,0,0,0,0,20,0
121962,0,2,0,0,0,0,0,0,0,0,0,0
121962,1,1,0,0,0,0,0,0,0,0,0,8
121962,2,1,0,8,0,8,6,0,0,0,0,0
121963,1,1,0,0,0,0,0,0,0,0,0,0
121963,2,1,0,0,0,0,0,0,0,0,0,0
121964,1,1,0,0,0,0,0,0,0,0,11,0
121964,2,1,0,0,0,13,0,0,0,0,0,0
121965,1,1,0,0,0,0,0,0,0,0,0,20
121965,2,1,0,0,0,0,0,0,0,0,0,0
121966,1,1,0,0,0,0,0,5,0,0,0,0
121966,2,1,11,0,0,0,0,0,0,0,5,0
121967,0,1,0,0,0,0,0,0,0,0,0,0
121967,1,1,0,0,0,0,0,0,0,0,0,0
121968,1,1,0,0,0,0,0,0,0,0,0,23
121968,2,1,0,0,0,0,0,0,0,0,0,0
121968,3,1,0,0,0,0,0,0,0,0,0,0
121968,4,1,18,0,0,0,0,0,0,0,0,0
121968,5,1,0,0,0,0,0,0,0,0,0,0
121969,1,1,0,0,0,0,0,0,0,15,0,0
121969,3,1,0,0,0,0,0,9,19,0,0,0
121970,1,1,0,0,0,0,0,0,0,0,0,0
121971,0,1,23,23,23,23,23,23,23,23,23,23
121971,1,1,0,29,0,15,0,15,0,0,13,0
121972,0,1,30,0,5,20,0,52,20,30,19,35
121972,1,1,0,0,0,0,0,0,0,0,0,0
121972,2,1,0,0,0,0,0,0,0,0,0,0
121973,0,1,0,0,0,0,0,0,0,0,0,0
121973,1,1,0,0,0,0,0,0,0,0,0,0
121974,1,1,0,0,0,0,0,0,0,0,0,0
121975,1,1,0,0,0,0,0,0,0,0,0,0
121975,2,1,0,0,0,0,0,0,0,0,0,0
121977,1,1,16,16,16,16,16,16,16,16,16,16
121978,0,1,0,22,26,3,0,0,0,35,0,8
121978,1,1,0,0,0,0,0,3,0,44,0,0
121980,1,1,0,0,0,0,0,0,0,0,0,0
121980,2,1,0,0,0,0,0,0,0,0,0,0
121981,0,1,29,29,29,29,29,29,29,29,29,29
121981,1,1,0,0,0,0,0,0,0,0,0,18
121982,1,1,0,0,0,0,0,0,0,0,0,21
121982,2,1,0,0,0,0,0,0,0,0,0,0
121983,0,1,0,0,0,0,0,9,0,0,0,0
121983,1,1,0,0,25,0,0,0,0,0,0,8
121984,1,1,0,0,0,0,0,0,0,0,0,16
121984,2,1,0,0,0,0,14,8,0,0,0,0
121984,3,1,0,0,0,0,0,0,0,0,0,0
121985,1,1,0,0,0,0,0,0,0,0,0,0
121986,0,1,0,16,34,12,26,19,0,9,32,33
121986,1,1,0,0,0,0,0,0,0,0,0,0
121989,1,1,3,3,3,3,3,3,3,3,3,3
121989,2,1,0,0,0,0,0,0,0,0,0,0
121990,1,1,9,9,9,9,9,9,9,9,9,9
121990,2,1,19,19,19,19,19,19,19,19,19,19
121991,1,1,17,24,26,8,2,14,4,21,14,24
121991,2,1,15,21,14,13,14,21,14,33,17,0
121992,1,1,0,0,0,0,0,6,0,0,0,17
121993,1,1,22,22,22,22,22,22,22,22,22,22
121993,2,1,0,8,8,16,13,0,0,13,0,11
121994,1,1,0,0,0,0,0,0,0,0,0,0
121994,2,1,0,0,0,0,0,0,0,0,0,0
121995,1,1,22,22,22,22,22,22,22,22,22,22
121995,2,1,0,0,0,0,0,0,0,0,0,0
121996,0,1,0,0,0,0,16,0,23,0,0,35
121996,1,1,0,0,0,0,0,0,0,0,0,0
121997,0,1,19,19,19,19,19,19,19,19,19,19
121997,1,1,12,0,0,0,0,41,0,0,0,0
121998,0,1,0,0,0,0,0,0,0,0,0,0
121998,1,1,10,0,8,20,0,0,8,20,2,12
121999,1,1,0,0,0,0,0,0,0,0,0,0
122000,1,1,21,21,21,21,21,21,21,21,21,21
122000,2,1,18,0,0,17,0,0,0,0,26,0
122002,1,1,0,0,0,0,0,0,0,0,0,0
122002,2,1,0,0,0,0,0,0,0,0,0,0
122003,1,1,8,8,8,8,8,8,8,8,8,8
122004,1,1,0,0,0,0,0,11,0,0,12,0
122004,2,1,0,0,0,0,0,0,0,4,0,0
122004,3,1,0,0,0,24,0,0,12,0,0,0
122005,1,1,0,0,0,22,0,0,0,0,0,0
122006,1,1,0,10,24,16,0,0,15,25,15,11
122007,1,1,0,11,0,26,0,0,0,0,10,0
122007,2,1,0,0,0,0,0,0,0,0,0,0
122008,1,1,0,0,0,0,0,11,0,0,0,0
122009,1,1,0,30,30,0,7,38,13,0,0,24
122011,0,1,13,38,25,14,0,22,37,0,0,5
122011,1,1,0,0,0,0,0,0,0,0,0,0
122012,0,1,27,13,0,0,17,0,4,0,18,0
122012,1,1,0,0,10,4,6,0,10,0,23,10
122013,1,1,10,10,10,10,10,10,10,10,10,10
122013,2,1,0,0,0,0,0,0,0,0,0,16
122014,0,1,20,0,0,0,30,0,0,0,0,0
122014,1,1,0,0,0,0,0,0,0,0,0,0
122016,1,1,0,0,0,0,0,0,0,0,0,0
122017,1,1,0,0,0,0,0,0,0,0,0,0
122017,2,1,0,0,0,0,0,0,0,0,0,0
122019,1,1,0,0,0,0,0,0,0,14,0,0
122019,2,1,0,0,0,0,0,0,0,0,0,0
122021,0,1,0,0,0,0,0,0,0,0,0,0
122021,1,1,0,0,0,0,0,22,0,0,0,0
122022,1,1,0,0,0,0,0,0,0,0,0,0
122022,2,1,8,8,8,8,8,8,8,8,8,8
122023,1,1,18,0,23,0,0,0,0,0,13,13
122024,1,1,53,53,53,53,53,53,53,53,53,53
122025,1,1,0,0,0,0,0,0,0,0,0,0
122025,2,1,0,0,0,0,0,0,0,0,0,0
122025,3,1,0,0,0,0,0,0,0,0,0,0
122026,1,1,20,20,20,20,20,20,20,20,20,20
122027,1,1,0,0,0,0,0,0,0,0,0,0
122027,2,1,0,0,0,0,0,0,0,0,0,0
122028,1,1,0,0,0,0,0,0,0,0,0,33
122029,1,1,0,0,0,0,0,0,0,0,0,0
122029,2,1,0,0,0,0,0,0,0,0,0,0
122030,1,1,0,0,0,0,0,0,0,0,0,0
122030,2,1,0,0,0,0,0,0,20,0,0,0
122030,3,1,0,0,0,0,0,0,0,0,0,0
122030,4,1,0,0,19,0,0,0,0,9,0,0
122030,5,1,16,0,0,0,0,0,0,0,0,0
122030,6,1,0,0,0,0,0,0,0,0,0,23
122030,7,1,0,0,0,0,0,0,0,0,0,11
122030,8,1,0,0,0,0,0,0,0,0,0,0
122030,9,1,0,0,0,0,0,0,0,0,0,0
122030,10,1,0,0,0,0,0,0,0,0,0,0
122030,11,1,0,0,0,0,20,30,0,0,0,0
122030,12,1,0,0,0,0,19,0,0,0,0,0
122030,13,1,0,0,0,0,18,0,0,12,0,0
122030,14,1,5,0,0,0,0,0,0,18,0,0
122030,15,1,0,0,0,0,0,0,8,0,0,0
122030,16,1,0,0,0,0,0,0,0,26,0,0
122030,17,1,0,0,0,0,0,0,0,0,0,0
122030,18,1,3,0,0,0,0,0,0,0,0,38
122030,19,1,0,0,0,0,0,0,0,0,0,0
122030,20,1,0,0,0,20,0,0,0,0,0,0
122030,21,1,0,0,0,0,0,0,0,0,0,0
122031,1,1,21,0,10,0,0,0,0,0,0,0
122031,2,1,0,0,0,0,0,0,0,0,0,0
122032,0,1,0,0,0,0,0,0,0,0,0,0
122032,1,1,0,0,0,0,0,0,0,0,0,0
122033,0,1,0,0,0,0,0,0,0,0,0,0
122033,1,1,0,0,0,0,0,0,0,0,0,0
122034,0,1,26,26,26,26,26,26,26,26,26,26
122034,1,1,0,0,0,0,0,0,0,0,0,0
122035,1,1,0,0,0,0,0,0,0,0,0,0
122035,2,1,4,0,0,0,0,0,0,0,0,0
122036,1,1,6,6,6,6,6,6,6,6,6,6
122036,2,1,0,0,0,0,0,0,0,0,0,0
122037,1,1,0,0,0,0,0,0,0,0,0,0
122037,2,1,0,0,0,0,0,0,0,0,0,0
122038,1,1,0,0,0,0,0,0,0,0,0,0
122038,2,1,45,0,0,0,0,0,0,0,0,0
122039,0,1,5,5,5,5,5,5,5,5,5,5
122039,1,1,17,40,0,0,0,0,5,0,6,32
122040,0,1,50,11,26,0,0,0,0,0,0,25
122040,1,1,0,0,0,0,0,0,0,0,0,0
122041,1,1,0,0,0,0,0,0,0,0,0,0
122042,1,1,0,0,0,0,0,0,0,0,0,0
122043,1,1,0,0,0,0,0,0,0,12,0,0
122043,2,1,0,0,0,0,0,0,0,0,0,0
122044,1,1,0,0,0,0,0,0,0,0,0,0
122044,2,1,0,0,0,0,0,0,0,0,0,0
122045,0,1,34,34,34,34,34,34,34,34,34,34
122045,1,1,0,0,0,0,0,0,0,12,0,0
122046,1,1,13,13,13,13,13,13,13,13,13,13
122046,2,1,0,0,0,0,0,0,0,0,0,0
122047,0,1,16,16,16,16,16,16,16,16,16,16
122047,1,1,9,9,9,9,9,9,9,9,9,9
122048,0,1,0,0,0,0,0,0,0,0,0,0
122048,1,1,0,0,0,0,0,0,0,0,0,0
122049,1,1,21,21,21,21,21,21,21,21,21,21
122049,2,1,8,8,8,8,8,8,8,8,8,8
122050,1,1,0,0,0,0,0,0,0,0,0,0
122051,1,1,0,0,0,0,0,0,0,0,0,0
122052,0,1,0,0,0,0,36,0,0,0,0,0
122052,1,1,0,0,0,0,0,0,0,0,0,0
122053,1,1,0,0,0,0,0,0,0,0,0,0
122053,2,1,0,0,0,0,0,0,0,0,0,0
122054,1,1,0,0,0,0,0,0,0,0,0,0
122054,2,1,0,0,0,0,0,0,0,0,0,0
122055,1,1,0,0,0,0,0,0,0,0,0,0
122056,0,1,0,11,0,20,0,0,0,0,0,0
122056,1,1,0,31,0,0,0,0,11,0,0,0
122057,0,1,0,0,0,0,0,0,0,0,0,0
122057,1,1,19,0,0,0,0,8,0,0,0,0
122058,1,1,0,0,0,0,0,0,0,0,0,0
122058,2,1,0,0,0,0,0,0,0,0,0,0
122058,3,1,0,0,0,0,0,0,0,0,0,0
122060,1,1,0,0,0,0,9,0,0,0,0,0
122060,2,1,0,0,0,22,14,0,9,0,0,0
122061,0,1,0,0,0,0,0,0,0,0,0,13
122061,1,1,0,0,0,16,0,0,0,0,0,0
122062,1,1,18,18,18,18,18,18,18,18,18,18
122062,2,1,0,0,0,0,0,0,0,0,0,0
122063,1,1,0,0,0,0,0,0,0,0,0,0
122064,1,1,0,0,0,0,0,0,0,0,0,0
122064,2,1,0,0,0,0,0,0,0,21,0,0
122065,0,1,0,0,0,0,0,0,0,0,0,0
122065,1,1,0,0,0,0,0,0,0,0,0,0
122065,2,1,0,0,23,0,0,0,0,0,0,0
122066,1,1,0,0,0,0,0,0,0,0,0,0
122066,2,1,9,9,9,9,9,9,9,9,9,9
122066,3,1,0,0,0,0,0,0,0,0,0,0
122067,1,1,0,16,0,0,0,16,0,11,0,0
122067,2,1,0,0,0,0,0,0,0,0,0,0
122068,0,1,0,0,0,0,0,0,0,0,0,0
122068,1,1,7,0,0,0,0,0,0,0,0,0
122069,0,1,3,3,3,3,3,3,3,3,3,3
122069,0,2,0,0,0,0,0,0,0,0,0,0
122069,1,1,0,0,0,0,12,0,0,0,0,0
122070,1,1,19,0,5,25,0,29,23,0,0,0
122070,2,1,0,0,0,0,0,0,0,0,0,0
122071,1,1,0,0,0,0,0,0,0,0,0,0
122071,2,1,0,0,0,0,0,0,0,0,0,0
122072,1,1,0,0,0,0,0,0,0,0,0,11
122073,1,1,0,0,0,0,0,18,0,25,0,0
122073,2,1,0,0,0,0,0,0,0,0,0,22
122074,0,1,21,21,0,0,0,0,23,10,0,0
122074,1,1,0,0,0,0,0,0,0,0,0,0
122075,0,1,0,0,0,0,0,0,0,0,0,0
122075,1,1,0,0,0,19,0,0,0,0,0,0
122076,0,1,0,0,0,0,0,0,0,0,0,0
122076,1,1,0,0,0,0,0,0,0,0,0,0
122077,0,1,34,0,27,0,0,28,0,4,16,0
122077,1,1,0,0,0,0,0,0,0,0,0,0
122078,1,1,0,0,0,12,0,0,0,0,0,0
122078,2,1,0,0,0,0,0,0,0,0,0,0
122078,3,1,0,0,0,0,0,0,0,0,0,0
122079,1,1,0,0,0,0,0,0,0,0,0,0
122080,1,1,0,0,0,0,0,0,0,0,0,0
122080,2,1,0,0,0,0,0,0,0,0,0,0
122080,3,1,0,0,0,0,0,0,0,0,0,0
122081,1,1,8,8,8,8,8,8,8,8,8,8
122081,2,1,0,0,0,9,0,0,0,0,0,7
122082,1,1,24,16,22,18,18,0,33,24,31,15
122083,1,1,13,13,13,13,13,13,13,13,13,13
122084,1,1,0,0,0,0,0,0,0,0,0,0
122084,2,1,17,17,17,17,17,17,17,17,17,17
122085,1,1,0,0,0,18,0,0,0,0,0,0
122086,1,1,6,6,6,6,6,6,6,6,6,6
122086,2,1,0,0,0,0,0,0,0,0,0,0
122087,1,1,0,0,0,0,0,0,0,0,0,0
122087,2,1,0,0,0,0,0,0,0,0,0,0
122089,0,1,0,0,0,0,0,0,39,0,0,0
122089,1,1,16,0,0,0,0,0,0,0,0,0
122090,1,1,0,23,0,0,11,0,0,0,0,0
122090,2,1,4,0,10,0,0,0,49,0,0,0
122091,1,1,28,28,28,28,28,28,28,28,28,28
122092,0,1,24,24,24,24,24,24,24,24,24,24
122092,1,1,0,0,0,0,0,0,0,0,0,0
122093,1,1,0,0,0,0,0,0,0,0,0,0
122093,2,1,0,0,0,0,0,0,0,0,0,0
122094,0,1,0,0,0,0,0,0,0,0,0,0
122094,1,1,0,0,0,0,0,0,0,0,0,0
122095,1,1,0,0,0,0,0,19,0,0,0,0
122095,2,1,0,0,0,0,0,0,0,0,0,0
122096,1,1,0,0,0,0,0,0,0,0,0,0
122097,0,1,0,0,0,0,0,0,0,0,0,0
122097,0,2,0,0,0,0,0,0,0,0,10,0
122097,1,1,0,0,0,0,0,0,0,0,0,0
122097,2,1,12,0,0,0,0,0,0,0,0,0
122097,3,1,0,0,0,0,0,0,0,0,0,0
122098,1,1,0,0,0,0,0,0,0,0,0,0
122099,0,1,44,44,44,44,44,44,44,44,44,44
122099,1,1,0,0,0,0,0,13,0,0,0,5
122100,1,1,21,21,21,21,21,21,21,21,21,21
122101,0,1,0,0,0,0,0,0,0,0,0,0
122101,1,1,0,0,0,0,0,0,0,0,0,0