ST_CASE,VEH_NO,PER_NO,P1,P2,P3,P4,P5,P6,P7,P8,P9,P10
130188,0,1,0,0,0,0,0,0,0,0,0,0
130188,1,1,0,21,0,0,0,0,0,0,0,0
130189,1,1,5,5,5,5,5,5,5,5,5,5
130190,0,1,23,23,23,23,23,23,23,23,23,23
130190,1,1,0,0,0,0,0,0,0,0,0,0
130190,2,1,0,0,0,21,9,0,21,22,0,6
130191,1,1,11,11,11,11,11,11,11,11,11,11
130192,1,1,12,12,12,12,12,12,12,12,12,12
130193,1,1,0,0,0,0,0,0,0,0,0,0
130194,1,1,0,0,0,0,0,0,0,0,0,0
130195,1,1,0,0,0,0,0,0,0,0,0,0
130195,2,1,0,0,0,0,0,0,0,0,0,0
130196,1,1,0,0,0,0,0,0,0,0,0,0
130197,1,1,0,0,0,0,0,0,0,0,0,0
130197,2,1,0,0,0,0,0,0,0,0,0,0
130198,1,1,25,0,0,0,0,0,0,0,0,0
130198,2,1,0,0,0,0,0,0,0,0,0,0
130199,1,1,9,9,9,9,9,9,9,9,9,9
130199,2,1,0,0,0,0,0,0,0,0,0,0
130200,0,1,29,29,29,29,29,29,29,29,29,29
130200,1,1,30,18,12,0,9,15,0,0,17,15
130201,1,1,23,0,0,0,0,0,0,0,0,0
130202,1,1,0,0,0,0,0,0,0,0,0,0
130202,2,1,0,0,0,0,0,0,0,0,0,0
130202,3,1,0,0,0,0,0,0,0,0,0,0
130203,1,1,0,0,0,0,0,0,0,0,0,0
130204,0,1,0,17,21,0,22,0,0,18,0,0
130204,1,1,0,0,0,8,0,0,0,0,0,0
130204,2,1,0,24,27,0,0,0,20,0,14,0
130205,1,1,0,0,0,0,0,0,0,0,0,0
130205,2,1,0,0,0,0,0,0,0,0,0,0
130206,1,1,6,6,6,6,6,6,6,6,6,6
130207,1,1,0,0,0,0,0,0,0,0,0,0
130207,2,1,0,0,0,0,0,0,0,0,0,0
130208,1,1,0,0,0,0,0,0,0,0,0,0
130209,1,1,0,0,0,0,0,0,0,0,0,0
130210,1,1,0,0,0,0,0,0,0,0,0,0
130211,1,1,0,0,0,0,0,0,0,0,0,0
130212,1,1,5,5,5,5,5,5,5,5,5,5
130213,0,1,0,0,0,0,0,0,0,0,0,0
130213,1,1,0,0,43,0,0,19,0,0,0,0
130214,1,1,0,0,0,0,0,0,0,0,0,0
130215,0,1,0,0,0,0,0,0,0,41,13,0
130215,1,1,18,18,18,18,18,18,18,18,18,18
130216,1,1,0,0,18,24,0,0,0,0,0,0
130217,0,1,0,21,0,0,0,0,0,0,0,0
130217,1,1,0,0,0,0,0,0,0,0,0,25
130218,1,1,0,0,0,0,0,0,0,0,0,0
130219,0,1,0,0,0,0,0,0,0,0,0,0
130219,1,1,0,0,0,0,0,0,0,0,0,0
130220,0,1,0,0,0,0,0,0,0,0,0,0
130220,1,1,0,0,0,0,0,0,0,0,0,0
130221,1,1,0,11,0,0,0,0,0,0,0,0
130221,2,1,0,0,0,14,8,0,0,0,0,0
130222,1,1,0,0,0,0,0,0,0,0,0,0
130222,2,1,10,0,0,0,18,23,5,0,0,0
130222,3,1,0,0,8,0,0,0,19,0,0,19
130222,4,1,0,0,0,0,0,0,0,0,0,0
130222,5,1,0,0,0,0,0,0,0,0,0,0
130222,6,1,0,5,0,0,0,0,0,0,0,0
130222,7,1,0,0,0,0,0,0,0,0,0,0
130223,1,1,0,0,0,0,0,0,0,0,0,0
130223,2,1,0,15,0,0,0,0,0,0,0,0
130224,0,1,0,5,0,0,10,28,9,41,0,33
130224,1,1,0,0,0,0,0,0,0,0,0,20
130225,1,1,0,0,0,0,0,0,0,0,0,0
130225,2,1,0,0,0,0,0,0,0,0,0,0
130226,1,1,0,0,0,0,0,0,9,0,14,0
130227,1,1,0,0,0,0,27,0,0,0,0,0
130228,1,1,0,0,0,0,0,15,16,28,0,0
130229,0,1,0,0,0,0,0,0,0,0,0,0
130229,1,1,0,0,0,0,0,0,0,0,0,0
130230,1,1,17,17,17,17,17,17,17,17,17,17
130231,1,1,0,0,0,0,0,0,10,0,0,0
130231,2,1,0,0,0,0,0,0,0,0,0,0
130232,1,1,21,21,21,21,21,21,21,21,21,21
130233,1,1,9,9,9,9,9,9,9,9,9,9
130233,2,1,0,0,0,0,0,0,0,0,0,0
130233,3,1,0,0,0,0,0,0,0,0,0,0
130234,0,1,0,12,17,0,20,0,0,7,4,15
130234,1,1,0,0,0,0,0,0,0,0,0,0
130235,0,1,0,0,0,0,0,0,0,0,0,0
130235,1,1,34,0,0,0,0,0,0,0,0,0
130236,1,1,26,26,26,26,26,26,26,26,26,26
130237,1,1,17,17,17,17,17,17,17,17,17,17
130238,1,1,0,0,0,0,0,0,0,0,0,0
130238,2,1,0,0,0,0,0,0,0,0,0,7
130238,3,1,0,0,0,0,0,0,0,0,0,0
130238,4,1,10,0,0,0,0,0,0,0,0,0
130239,1,1,27,0,0,18,0,0,0,0,13,0
130240,1,1,0,0,0,0,0,0,0,0,0,0
130240,2,1,0,0,0,0,0,0,0,0,0,0
130241,1,1,0,0,0,0,0,0,0,0,0,0
130242,1,1,0,0,0,0,0,0,0,0,0,0
130242,2,1,0,0,0,0,0,0,0,0,0,0
130243,1,1,0,0,0,0,0,0,0,0,0,0
130244,1,1,0,0,0,0,0,0,0,0,0,0
130245,1,1,0,0,0,0,0,0,0,0,0,0
130246,1,1,0,28,0,18,0,0,0,0,0,0
130247,1,1,0,0,18,0,0,0,0,0,11,0
130248,1,1,0,0,0,0,0,0,0,0,0,0
130248,2,1,0,0,0,0,0,0,0,0,0,0
130249,1,1,11,11,11,11,11,11,11,11,11,11
130250,1,1,0,0,0,0,0,0,0,0,0,0
130250,2,1,0,0,0,0,0,0,0,0,0,0
130250,3,1,2,2,2,2,2,2,2,2,2,2
130251,1,1,0,0,0,0,0,0,0,0,0,0
130251,2,1,0,0,0,0,0,0,0,0,0,0
130252,1,1,0,0,0,0,0,0,0,0,0,0
130252,2,1,0,0,0,0,0,0,0,0,0,0
130252,3,1,0,0,0,0,0,0,0,0,0,0
130252,4,1,0,0,0,0,0,0,0,0,0,0
130253,1,1,0,0,0,0,0,0,0,0,0,0
130253,2,1,0,0,0,0,0,0,0,0,0,0
130254,1,1,0,0,0,0,0,0,0,0,0,0
130254,2,1,0,0,0,0,0,0,0,0,0,0
130254,3,1,0,0,0,0,0,0,0,0,0,0
130254,4,1,0,0,9,0,0,0,0,0,0,0
130255,1,1,0,0,0,0,0,0,0,0,0,0
130256,0,1,27,27,27,27,27,27,27,27,27,27
130256,1,1,0,0,0,0,0,0,0,20,12,0
130257,0,1,0,0,0,0,0,0,0,0,0,0
130257,1,1,11,0,15,11,7,12,14,13,8,19
130258,1,1,0,0,0,0,0,0,0,0,0,0
130259,1,1,0,0,0,0,0,0,0,0,0,0
130259,2,1,9,0,0,0,0,0,0,0,0,0
130260,1,1,0,0,0,0,0,0,0,0,0,0
130260,2,1,0,0,0,0,0,0,0,0,0,0
130261,1,1,8,14,17,11,14,22,18,3,34,11
130262,1,1,0,0,0,0,0,0,0,0,0,0
130262,2,1,0,0,0,0,0,0,0,0,0,0
130263,1,1,0,0,0,0,0,0,0,0,0,0
130263,2,1,0,0,0,0,0,0,0,0,0,0
130264,1,1,12,26,7,11,25,15,27,14,13,15
130265,1,1,0,0,0,0,0,0,0,0,0,0
130265,2,1,0,0,0,0,0,13,0,0,0,6
130266,0,1,0,0,20,8,35,0,14,5,0,0
130266,1,1,0,0,0,13,0,0,0,0,0,0
130267,0,1,0,0,0,0,0,0,0,0,0,0
130267,1,1,0,0,0,0,0,0,0,0,0,0
130268,1,1,12,12,12,12,12,12,12,12,12,12
130269,0,1,13,0,0,4,21,0,8,9,28,0
130269,1,1,0,0,0,0,0,0,0,0,0,0
130270,1,1,0,0,0,0,0,0,0,0,0,0
130270,2,1,0,0,0,0,0,0,0,0,0,0
130271,1,1,0,0,0,0,0,0,0,0,0,0
130272,1,1,0,0,0,0,0,0,0,0,0,0
130272,2,1,24,0,0,0,0,0,0,0,0,0
130272,3,1,0,0,0,0,0,0,0,0,0,0
130273,0,1,0,0,0,0,0,0,0,0,0,0
130273,1,1,0,0,0,0,0,0,0,0,0,0
130274,1,1,0,0,0,0,0,0,0,0,0,0
130274,2,1,0,0,0,0,0,0,0,0,0,0
130275,1,1,0,0,0,0,0,0,0,0,0,0
130275,2,1,0,0,0,0,0,0,0,0,0,0
130276,1,1,3,3,3,3,3,3,3,3,3,3
130276,2,1,0,0,0,0,28,0,0,0,0,8
130277,1,1,11,11,11,11,11,11,11,11,11,11
130278,1,1,0,0,0,0,0,0,0,0,0,0
130279,0,1,0,0,0,0,21,29,0,0,0,0
130279,1,1,0,0,0,6,0,0,0,0,0,19
130280,1,1,0,0,0,0,0,0,0,0,0,0
130281,1,1,0,0,0,0,0,12,0,0,0,0
130281,2,1,0,0,0,0,0,0,0,0,0,0
130282,0,1,0,0,0,0,0,0,0,0,0,0
130282,1,1,0,0,0,0,0,0,0,0,0,0
130283,1,1,0,0,0,0,0,0,0,0,12,0
130284,1,1,0,0,0,0,0,0,0,0,0,0
130284,2,1,7,10,18,12,14,9,7,12,10,16
130284,3,1,0,0,0,0,0,0,0,0,0,0
130285,1,1,0,0,0,0,0,0,0,0,0,0
130285,2,1,0,0,0,0,0,0,0,0,0,0
130286,1,1,14,13,13,11,7,19,13,6,22,24
130287,1,1,13,13,13,13,13,13,13,13,13,13
130287,2,1,0,0,0,0,24,16,0,0,0,19
130288,1,1,0,15,11,11,0,0,0,0,0,0
130289,1,1,0,0,0,0,0,0,0,0,0,0
130289,2,1,0,0,14,0,0,0,0,0,0,0
130289,3,1,0,0,0,0,0,0,0,0,0,0
130290,0,1,0,0,0,0,28,0,14,0,0,0
130290,1,1,0,0,0,0,0,0,0,0,0,0
130291,1,1,0,0,0,0,7,0,0,0,0,0
130291,2,1,20,0,0,0,0,0,17,0,0,0
130292,1,1,27,27,27,27,27,27,27,27,27,27
130292,2,1,0,0,0,0,0,0,0,0,30,0
130293,1,1,0,0,0,0,19,0,0,0,0,0
130294,0,1,0,0,0,0,0,0,0,0,0,0
130294,1,1,0,16,0,16,0,0,0,0,0,0
130295,1,1,0,0,0,0,0,0,0,0,0,0
130295,2,1,0,0,0,0,0,0,0,0,0,0
130296,0,1,0,0,0,0,0,0,0,0,14,0
130296,1,1,0,0,0,0,0,0,0,0,0,0
130297,0,1,0,0,0,0,0,0,0,0,0,0
130297,1,1,0,0,7,0,0,0,0,0,0,0
130298,1,1,0,0,0,0,0,0,0,0,0,0
130298,2,1,0,0,0,0,0,0,0,0,0,0
130298,3,1,0,0,0,0,0,0,0,0,0,0
130299,1,1,19,0,0,11,0,20,0,20,0,0
130300,1,1,0,0,0,0,0,0,0,0,0,0
130301,1,1,10,0,0,0,0,0,0,0,0,0
130301,2,1,0,0,0,0,0,0,0,0,0,0
130302,1,1,0,0,0,0,0,0,0,0,30,0
130302,2,1,0,0,0,0,0,0,0,0,0,0
130303,1,1,0,0,0,0,0,0,0,0,0,0
130303,2,1,0,0,0,0,0,0,0,0,0,0
130304,1,1,0,0,0,0,0,0,0,0,0,0
130305,1,1,0,0,0,0,0,0,0,0,0,0
130306,1,1,0,0,0,0,0,0,0,0,0,0
130306,2,1,10,10,10,10,10,10,10,10,10,10
130307,1,1,0,0,19,0,0,0,39,0,0,0
130308,1,1,14,14,14,14,14,14,14,14,14,14
130309,1,1,17,17,17,17,17,17,17,17,17,17
130310,1,1,22,0,13,23,0,0,0,0,19,0
130311,1,1,0,0,0,0,6,0,0,0,21,0
130311,2,1,0,0,0,0,0,0,0,0,0,0
130312,1,1,26,8,12,16,21,0,6,7,8,17
130313,0,1,17,0,34,29,0,0,0,0,0,0
130313,1,1,0,0,0,0,0,0,0,0,0,0
130314,0,1,3,3,3,3,3,3,3,3,3,3
130314,1,1,0,26,20,25,0,0,0,23,0,0
130315,1,1,40,0,26,20,15,18,12,0,5,16
130316,1,1,0,0,0,0,0,0,0,0,0,0
130317,1,1,0,0,0,0,0,0,0,0,0,0
130317,2,1,0,0,0,0,0,0,0,0,0,0
130317,3,1,0,0,0,0,0,0,0,0,0,0
130318,0,1,0,0,0,0,0,0,0,0,0,0
130318,1,1,0,0,0,0,0,0,0,0,0,0
130319,1,1,13,13,13,13,13,13,13,13,13,13
130319,2,1,0,0,0,0,0,0,0,0,0,0
130320,1,1,19,19,19,19,19,19,19,19,19,19
130321,1,1,0,0,0,0,0,0,10,0,6,0
130322,1,1,0,0,0,0,0,0,0,0,0,0
130323,1,1,0,0,0,0,0,0,0,0,0,0
130323,2,1,0,0,0,0,0,0,0,0,0,0
130324,0,1,2,2,2,2,2,2,2,2,2,2
130324,1,1,0,0,0,0,0,15,0,0,0,0
130325,1,1,22,24,21,0,0,26,17,0,31,0
130326,1,1,0,0,0,0,0,0,0,0,0,0
130326,2,1,0,0,0,0,0,0,0,0,0,0
130327,1,1,0,15,0,0,8,8,0,0,0,12
130328,1,1,0,0,0,0,0,0,0,0,0,0
130328,2,1,0,0,0,0,0,0,0,0,0,0
130329,1,1,28,28,28,28,28,28,28,28,28,28
130330,0,1,13,0,34,0,0,26,0,0,0,0
130330,1,1,0,0,0,0,0,0,0,0,0,0
130331,1,1,10,10,10,10,10,10,10,10,10,10
130332,1,1,0,0,0,0,0,0,0,0,0,0
130333,0,1,25,19,15,5,17,30,21,29,28,0
130333,1,1,0,0,0,0,0,0,0,0,0,0
130334,1,1,40,40,40,40,40,40,40,40,40,40
130335,1,1,0,0,0,0,0,0,0,0,0,0
130335,2,1,0,0,0,0,0,0,0,0,0,0
130336,1,1,0,0,0,0,0,0,0,0,0,0
130337,1,1,0,0,0,0,0,0,0,0,0,0
130337,2,1,0,0,0,11,0,0,0,0,0,0
130337,3,1,0,0,0,0,0,0,0,0,0,0
130338,1,1,0,0,0,0,0,0,0,0,0,0
130338,2,1,0,0,0,0,0,0,0,0,0,0
130339,0,1,0,0,0,0,0,0,0,0,0,0
130339,1,1,0,0,0,0,0,25,0,0,0,0
130339,2,1,0,0,0,0,0,0,0,0,0,0
130340,1,1,0,0,0,0,0,0,0,0,0,0
130341,0,1,0,0,0,0,0,0,0,0,0,0
130341,1,1,0,4,0,19,23,0,16,0,23,0
130342,1,1,0,0,11,0,0,0,0,0,0,0
130343,1,1,30,0,0,0,0,0,0,0,0,0
130344,1,1,0,0,0,0,0,0,0,0,0,0
130345,1,1,0,0,0,0,0,0,0,0,0,0
130346,1,1,0,0,0,0,0,0,0,0,0,0
130347,1,1,0,0,0,0,0,0,0,0,0,0
130348,1,1,0,0,0,0,0,0,0,0,0,0
130349,1,1,7,7,7,7,7,7,7,7,7,7
130350,1,1,10,0,0,11,12,9,18,24,0,27
130351,1,1,0,0,5,0,0,0,0,0,0,15
130352,1,1,33,0,20,8,19,28,0,15,42,18
130353,1,1,0,0,0,0,0,0,0,0,0,0
130353,2,1,0,23,0,0,0,0,0,0,9,0
130354,1,1,0,0,0,0,0,0,0,0,0,0
130354,2,1,0,0,0,0,0,0,0,0,0,0
130354,3,1,0,0,0,0,0,0,16,0,0,0
130354,4,1,0,0,0,0,0,0,0,0,0,0
130355,1,1,28,0,0,7,0,23,0,13,0,0
130356,0,1,13,0,0,0,0,0,0,7,13,13
130356,1,1,0,0,0,25,0,0,0,0,0,0
130357,1,1,16,15,15,16,27,17,31,9,13,15
130358,0,1,0,0,0,0,0,0,0,9,23,0
130358,1,1,0,0,0,0,0,0,0,0,0,0
130359,0,1,0,0,0,0,0,0,0,0,0,0
130359,2,1,0,0,0,18,16,0,0,0,0,0
130359,3,1,0,0,0,0,0,0,0,0,0,4
130360,0,1,0,0,0,0,0,0,0,0,0,0
130360,1,1,0,0,0,0,0,0,0,0,0,0
130361,1,1,19,19,19,19,19,19,19,19,19,19
130362,1,1,0,7,17,0,0,0,0,0,0,0
130362,2,1,0,0,0,0,0,0,0,0,0,0
130363,1,1,0,0,0,0,0,0,0,0,0,0
130364,1,1,40,40,40,40,40,40,40,40,40,40
130365,1,1,0,0,0,10,0,0,0,0,15,0
130366,1,1,0,0,0,0,0,0,0,0,0,0
130367,0,1,0,0,0,0,0,0,0,0,0,0
130367,0,2,0,0,0,0,16,0,23,0,0,6
130367,0,3,24,0,0,0,26,0,0,0,0,0
130367,0,4,0,0,0,21,0,0,0,0,26,0
130367,1,1,10,10,10,10,10,10,10,10,10,10
130368,1,1,0,0,0,0,0,0,25,0,0,0
130369,0,1,30,33,0,0,5,0,11,13,17,2
130369,1,1,0,11,9,6,0,0,0,0,0,4
130370,1,1,0,0,0,0,0,0,0,0,0,0
130371,1,1,0,0,0,0,0,0,0,0,0,0
130371,2,1,0,0,0,0,0,0,0,0,0,0
130372,1,1,0,0,0,0,0,0,0,0,0,0
130372,2,1,0,0,0,0,0,0,0,0,0,0
130373,1,1,0,0,0,0,0,0,0,0,0,0
130373,2,1,0,0,0,0,0,0,0,0,0,0
130374,1,1,0,0,0,0,0,0,0,0,0,0
130374,2,1,0,0,50,0,0,0,0,0,0,0
130375,1,1,0,0,0,27,0,0,0,0,0,0
130376,1,1,0,0,0,0,0,0,30,4,9,0
130377,0,1,0,0,0,0,0,0,0,0,0,0
130377,1,1,0,0,0,0,0,0,0,0,0,0
130378,1,1,0,0,0,0,0,0,0,0,0,0
130378,2,1,0,0,0,0,0,0,0,0,0,0
130379,0,1,0,0,0,0,0,0,0,0,0,0
130379,1,1,0,0,0,0,0,0,0,0,0,0
130380,1,1,0,0,0,9,0,0,0,0,0,0
130380,2,1,0,0,0,0,0,0,0,0,0,0
130381,1,1,0,0,0,0,0,0,0,0,9,0
130382,1,1,0,0,0,0,0,0,0,0,0,0
130382,2,1,0,0,0,0,0,0,0,0,0,0
130383,1,1,0,0,0,0,0,0,0,0,0,0
130383,2,1,0,0,0,0,0,0,0,0,0,0
130384,1,1,0,0,0,0,0,0,0,0,0,0
130384,2,1,0,0,0,0,0,0,0,0,0,0
130385,1,1,0,0,0,0,0,0,0,0,0,0
130385,2,1,0,0,0,0,0,0,0,0,0,0
130386,1,1,0,0,0,0,33,0,18,18,8,0
130387,1,1,16,16,16,16,16,16,16,16,16,16
130388,0,1,0,0,0,0,0,0,0,0,0,0
130388,1,1,0,0,0,0,0,0,0,0,0,0
130389,1,1,0,0,0,0,0,0,0,0,0,0
130389,2,1,0,0,0,0,0,0,0,0,0,0
130390,1,1,0,0,0,0,0,0,0,0,0,0
130391,1,1,0,0,16,23,0,39,0,0,0,0
130392,1,1,29,29,29,29,29,29,29,29,29,29
130392,2,1,0,0,0,0,0,0,0,0,0,0
130393,0,1,0,0,0,0,0,0,0,25,0,0
130393,1,1,0,0,0,0,0,0,0,0,0,0
130394,1,1,0,0,0,0,0,0,0,22,0,0
130394,2,1,0,0,0,0,0,0,0,0,0,0
130394,3,1,0,0,0,0,0,0,0,0,0,0
130395,0,1,0,0,0,0,18,0,0,0,0,0
130395,1,1,0,0,0,0,0,0,0,0,10,0
130396,1,1,0,0,0,0,0,0,0,0,0,0
130396,2,1,0,0,0,0,0,0,0,0,0,0
130396,3,1,0,0,0,0,0,0,0,0,0,0
130397,1,1,14,19,27,11,4,14,16,0,17,10
130397,2,1,0,0,0,0,0,0,0,0,0,0
130398,0,1,0,0,0,0,0,32,0,0,25,40
130398,1,1,12,12,12,12,12,12,12,12,12,12
130399,1,1,18,0,0,0,0,0,18,0,0,16
130399,2,1,0,0,0,0,0,0,0,0,0,0
130400,0,1,0,0,0,0,0,0,0,0,0,0
130400,1,1,0,0,0,0,0,0,0,0,0,0
130401,1,1,0,0,0,0,0,0,0,0,0,0
130401,2,1,0,0,0,0,0,0,0,0,0,0
130402,1,1,0,0,0,0,0,0,0,0,0,0
130402,2,1,0,0,0,0,0,0,0,0,0,0
130403,1,1,0,0,0,0,0,0,21,0,0,0
130404,1,1,14,14,14,14,14,14,14,14,14,14
130405,1,1,22,22,22,22,22,22,22,22,22,22
130406,1,1,19,19,19,19,19,19,19,19,19,19
130406,2,1,0,0,0,0,0,0,0,0,0,0
130407,1,1,0,0,0,0,0,0,0,0,0,0
130408,1,1,14,14,14,14,14,14,14,14,14,14
130409,1,1,0,0,0,0,0,0,0,0,0,0
130409,2,1,0,0,0,0,0,19,0,0,0,0
130410,1,1,0,0,0,0,0,0,0,0,0,0
130410,2,1,0,0,0,0,0,0,0,0,0,0
130411,1,1,0,0,0,0,0,0,0,0,0,0
130411,2,1,0,0,0,0,0,0,0,0,0,0
130411,3,1,0,0,0,0,0,0,0,0,0,0
130412,0,1,40,0,0,0,0,8,11,0,0,0
130412,1,1,0,0,0,0,0,0,0,0,0,0
130413,1,1,0,0,0,0,0,0,0,12,0,0
130413,2,1,0,0,6,0,0,0,0,22,0,0
130414,1,1,0,0,0,0,0,0,0,0,0,0
130414,2,1,0,0,0,0,0,0,0,0,0,0
130415,1,1,0,0,0,0,0,0,0,0,0,0
130415,2,1,0,0,0,0,0,0,0,0,0,0
130416,1,1,0,0,0,0,0,0,0,0,0,0
130417,1,1,0,23,0,0,14,0,0,0,0,15
130418,1,1,0,0,0,0,0,0,0,0,0,0
130418,2,1,0,0,0,0,0,0,0,0,0,0
130419,1,1,21,21,21,21,21,21,21,21,21,21
130420,1,1,0,0,0,0,0,0,0,0,0,0
130421,1,1,0,0,0,0,0,0,0,0,0,0
130421,2,1,0,0,0,0,0,0,0,0,0,0
130422,1,1,2,2,2,2,2,2,2,2,2,2
130422,2,1,0,0,0,0,0,0,0,0,0,0
130423,1,1,0,0,0,0,0,0,0,0,0,0
130423,2,1,0,0,0,0,0,0,0,0,0,0
130424,1,1,0,0,0,0,0,0,0,0,0,0
130425,1,1,0,0,0,0,0,0,0,0,0,0
130425,2,1,0,0,0,0,0,0,0,10,0,0
130426,1,1,0,0,0,0,0,0,0,0,0,0
130427,1,1,11,11,11,11,11,11,11,11,11,11
130427,2,1,0,0,0,0,0,0,0,0,0,0
130427,3,1,0,0,0,0,0,0,0,0,0,0
130428,1,1,18,18,18,18,18,18,18,18,18,18
130428,2,1,0,0,0,0,0,0,0,0,0,0
130429,1,1,0,0,0,0,0,0,0,0,0,0
130430,0,1,0,0,0,0,0,0,0,0,0,0
130430,1,1,0,0,0,0,0,0,0,0,0,16
130431,1,1,25,25,25,25,25,25,25,25,25,25
130432,1,1,11,18,7,25,0,0,26,0,23,0
130432,2,1,0,0,0,0,0,0,0,0,0,0
130433,1,1,0,0,0,0,0,0,0,0,0,0
130433,2,1,0,0,0,0,0,0,0,0,0,0
130434,1,1,21,21,21,21,21,21,21,21,21,21
130435,1,1,0,0,0,0,0,0,0,0,0,0
130435,2,1,0,0,0,0,0,0,0,0,0,0
130435,3,1,0,0,0,0,0,0,0,0,0,0
130436,1,1,13,0,0,0,0,0,0,0,0,0
130436,2,1,0,0,0,0,0,0,0,0,0,0
130437,1,1,0,0,0,0,0,0,0,0,0,0
130437,2,1,0,0,0,0,0,0,0,0,0,0
130438,1,1,0,0,0,0,0,0,0,0,0,0
130438,2,1,0,0,0,0,0,0,0,0,0,0
130438,3,1,0,0,0,0,0,0,0,0,0,20
130438,4,1,0,0,0,0,0,0,0,0,0,0
130439,1,1,0,13,0,15,0,10,8,0,18,21
130440,1,1,0,0,0,0,0,0,0,0,0,0
130440,2,1,0,0,0,0,0,0,0,0,0,0
130441,1,1,0,0,0,0,0,0,0,0,0,0
130441,2,1,0,0,0,0,0,0,0,0,0,0
130441,3,1,0,0,0,0,0,0,0,0,0,0
130441,4,1,0,0,0,0,0,0,0,0,0,0
130442,1,1,0,0,0,0,0,0,0,0,0,0
130442,2,1,18,0,0,0,0,0,0,0,0,0
130443,1,1,0,0,0,0,0,0,0,0,0,0
130444,0,1,0,0,0,0,0,0,0,0,0,0
130444,1,1,0,0,0,0,0,0,16,0,0,0
130445,0,1,0,0,0,0,0,0,0,0,0,0
130445,1,1,0,0,0,0,0,0,0,0,14,0
130446,1,1,0,0,0,0,0,0,0,0,0,0
130447,1,1,0,0,0,0,0,0,0,0,0,0
130448,1,1,0,0,0,15,32,0,7,0,30,0
130448,2,1,0,13,0,27,0,0,0,4,0,0
130449,1,1,0,0,0,0,0,0,0,0,0,0
130449,2,1,0,0,0,0,0,0,0,0,0,0
130450,1,1,4,4,4,4,4,4,4,4,4,4
130450,2,1,0,0,0,0,0,0,0,0,0,0
130451,1,1,3,3,3,3,3,3,3,3,3,3
130452,1,1,0,0,0,0,0,0,0,0,0,0
130452,2,1,0,0,0,0,0,0,0,0,0,0
130453,1,1,5,5,5,5,5,5,5,5,5,5
130454,1,1,14,14,14,14,14,14,14,14,14,14
130455,1,1,9,16,13,0,8,0,0,0,0,0
130455,2,1,0,0,0,0,0,0,0,0,0,0
130456,1,1,0,0,0,0,0,0,0,0,0,0
130456,2,1,0,0,0,0,0,0,0,0,0,0
130457,1,1,0,0,0,0,20,0,0,17,18,13
130458,1,1,0,0,0,0,0,0,0,0,0,0
130458,2,1,0,0,0,0,0,0,0,0,0,0
130459,1,1,0,0,0,0,0,0,0,0,0,0
130459,2,1,0,0,0,0,0,0,0,0,0,0
130460,0,1,0,0,0,0,0,0,0,0,0,0
130460,0,2,10,7,0,0,0,0,0,0,0,0
130460,1,1,0,0,0,0,0,0,0,0,0,0
130460,2,1,10,0,0,37,0,0,0,24,0,0
130461,0,1,0,0,0,0,0,0,0,0,0,0
130461,1,1,0,0,0,0,0,0,0,0,0,0
130462,0,1,0,0,0,0,0,0,0,0,0,0
130462,1,1,0,0,9,0,0,3,0,0,0,21
130463,1,1,0,0,0,0,0,0,0,0,0,0
130464,0,1,14,14,14,14,14,14,14,14,14,14
130464,1,1,0,0,0,0,0,0,0,0,0,34
130465,1,1,0,0,0,0,0,0,0,0,0,0
130465,2,1,0,0,0,0,0,0,0,0,0,0
130465,3,1,0,0,0,0,0,0,0,0,0,0
130465,4,1,0,0,0,0,0,0,0,0,0,0
130466,1,1,0,0,0,0,0,0,0,0,0,0
130466,2,1,0,0,0,0,0,0,0,0,0,0
130467,1,1,0,0,0,0,0,0,0,0,0,0
130467,2,1,0,0,0,0,0,0,0,0,0,0
130468,1,1,0,23,0,0,0,0,0,0,0,0
130469,1,1,0,0,9,16,18,0,0,0,0,49
130470,1,1,0,0,0,0,0,0,14,0,0,0
130470,2,1,0,0,0,0,0,0,0,0,0,0
130471,1,1,0,0,0,0,0,0,0,0,0,0
130472,1,1,0,0,0,0,0,0,0,0,0,0
130472,2,1,0,0,0,0,0,0,0,0,0,0
130473,1,1,0,0,0,0,0,0,0,0,0,0
130473,2,1,0,0,0,0,0,0,0,0,0,0
130473,3,1,0,0,0,0,0,0,0,0,0,0
130474,1,1,0,0,0,0,0,0,0,0,0,0
130475,1,1,18,18,18,18,18,18,18,18,18,18
130476,1,1,0,0,0,0,0,0,0,0,0,0
130476,2,1,0,0,0,0,0,0,0,0,0,0
130477,1,1,0,0,0,0,0,0,0,0,0,0
130477,2,1,0,0,0,0,0,0,0,0,0,0
130478,1,1,0,0,0,0,0,0,0,0,0,0
130478,2,1,0,0,0,0,0,0,0,0,0,0
130479,0,1,0,0,0,0,0,0,0,0,0,0
130479,1,1,0,0,5,0,0,0,0,0,0,0
130480,1,1,0,0,0,0,0,0,0,0,0,0
130481,1,1,16,16,16,16,16,16,16,16,16,16
130482,1,1,0,0,0,0,0,0,0,0,0,0
130482,2,1,0,17,0,0,8,3,0,7,9,3
130483,1,1,0,0,0,0,0,0,0,0,0,0
130483,2,1,0,8,0,0,0,0,0,0,0,0
130484,1,1,0,0,0,0,13,0,24,0,0,0
130485,1,1,0,0,0,0,0,0,0,0,0,0
130485,2,1,0,0,0,0,0,0,0,0,0,0
130485,3,1,0,0,0,0,0,0,0,0,0,0
130485,4,1,0,0,0,0,0,0,0,0,0,0
130486,1,1,18,18,18,18,18,18,18,18,18,18
130487,0,1,5,17,0,30,12,0,0,0,27,17
130487,0,2,13,0,0,0,0,0,0,0,0,0
130487,1,1,0,0,0,0,0,0,0,0,0,0
130488,1,1,0,0,0,0,16,0,0,0,0,0
130489,1,1,0,0,0,0,0,0,0,0,0,0
130489,2,1,0,0,0,0,21,0,0,0,0,0