ST_CASE,VEH_NO,PER_NO,P1,P2,P3,P4,P5,P6,P7,P8,P9,P10
130788,1,1,0,0,0,0,0,0,0,0,0,0
130788,2,1,0,0,0,0,0,0,0,0,0,0
130789,1,1,0,0,0,0,0,0,0,0,0,0
130790,0,1,0,0,0,0,0,0,0,0,0,0
130790,1,1,27,0,15,0,0,0,0,0,0,0
130791,0,1,37,37,37,37,37,37,37,37,37,37
130791,1,1,8,8,8,8,8,8,8,8,8,8
130792,1,1,0,0,0,0,0,0,0,0,0,0
130793,1,1,0,7,0,0,0,0,0,10,0,0
130793,2,1,0,0,0,0,0,0,0,0,0,0
130793,3,1,0,0,0,0,0,0,0,0,0,0
130794,1,1,19,19,19,19,19,19,19,19,19,19
130794,2,1,9,11,0,0,0,0,8,0,0,0
130795,1,1,0,0,0,0,0,0,0,0,0,0
130795,2,1,11,11,11,11,11,11,11,11,11,11
130796,1,1,0,0,0,0,0,0,0,0,0,0
130796,2,1,0,0,0,0,0,16,0,0,0,0
130797,1,1,0,0,0,0,0,0,0,0,0,0
130798,1,1,0,0,0,0,0,0,0,0,0,0
130799,1,1,2,2,2,2,2,2,2,2,2,2
130799,2,1,0,0,0,0,0,0,0,0,3,0
130800,1,1,0,0,0,0,0,0,0,0,0,0
130800,2,1,0,0,0,0,0,0,0,0,0,0
130800,3,1,0,0,0,0,0,0,13,0,0,0
130801,1,1,0,37,0,0,0,0,0,0,17,0
130801,2,1,0,0,0,0,0,0,0,0,0,0
130802,1,1,0,15,12,0,16,0,0,7,0,13
130802,2,1,0,28,0,0,0,0,0,0,0,0
130803,0,1,0,0,0,0,0,0,41,0,0,0
130803,1,1,0,0,0,0,0,0,0,0,0,0
130804,0,1,0,0,0,22,22,22,0,0,0,23
130805,1,1,0,0,0,0,0,0,0,0,0,0
130805,2,1,4,4,4,4,4,4,4,4,4,4
130805,3,1,0,0,0,0,0,0,0,0,0,0
130806,0,1,19,19,0,0,0,0,26,0,0,0
130806,1,1,0,0,0,0,0,0,17,0,0,0
130806,2,1,0,0,0,0,0,0,16,0,0,0
130807,1,1,0,0,0,0,0,0,0,0,0,0
130807,2,1,0,5,0,0,18,0,0,7,0,0
130808,0,1,13,15,32,25,18,12,0,0,0,0
130808,1,1,0,0,0,0,0,0,0,0,0,0
130808,2,1,12,0,0,0,12,0,0,0,0,0
130808,3,1,0,17,0,0,0,0,0,0,0,0
130809,1,1,0,0,0,0,0,0,0,0,0,0
130810,1,1,24,17,7,9,15,26,13,19,8,16
130811,1,1,0,0,0,0,0,0,0,0,0,0
130811,2,1,0,0,0,0,0,0,0,0,0,0
130812,0,1,8,22,16,15,41,0,14,11,23,7
130812,1,1,0,0,0,0,0,0,0,0,0,0
130813,1,1,0,0,0,0,0,0,0,0,0,0
130813,2,1,0,0,0,0,0,0,0,0,10,0
130814,0,1,5,5,5,5,5,5,5,5,5,5
130814,1,1,19,15,0,0,26,0,0,5,0,38
130815,1,1,0,0,0,0,0,0,0,0,0,0
130815,2,1,0,0,0,0,0,0,0,10,0,0
130816,1,1,6,34,0,0,12,12,0,0,7,24
130817,0,1,3,3,3,3,3,3,3,3,3,3
130817,1,1,0,0,0,0,0,0,0,0,0,0
130818,1,1,0,0,0,0,0,9,0,13,0,18
130819,1,1,14,14,14,14,14,14,14,14,14,14
130819,2,1,0,0,0,0,0,11,0,18,0,0
130820,1,1,19,20,11,34,15,16,11,12,13,0
130821,1,1,22,22,22,22,22,22,22,22,22,22
130821,2,1,6,24,0,13,0,0,0,0,0,0
130822,1,1,0,0,0,0,0,0,0,0,0,0
130822,2,1,0,0,0,0,0,0,0,0,0,0
130823,1,1,24,20,16,22,22,32,18,10,10,23
130824,1,1,0,0,0,0,0,0,0,0,0,0
130824,2,1,0,0,0,0,0,0,0,0,0,0
130825,1,1,0,0,0,0,0,0,0,0,0,0
130825,2,1,0,0,0,0,0,0,0,0,0,0
130826,1,1,0,0,0,0,0,0,0,0,0,0
130827,1,1,0,0,0,0,0,0,0,0,0,0
130827,2,1,0,0,0,0,0,0,0,0,0,0
130828,1,1,0,20,0,0,0,0,0,0,0,0
130829,1,1,0,0,0,0,0,0,0,13,25,0
130830,1,1,0,17,0,11,26,9,2,18,0,18
130831,1,1,0,0,0,0,0,0,0,0,0,0
130832,1,1,0,0,0,0,0,0,0,0,0,0
130833,1,1,23,23,23,23,23,23,23,23,23,23
130834,1,1,0,0,0,0,0,0,27,0,0,0
130835,1,1,0,0,0,0,0,0,0,0,0,0
130836,1,1,12,16,0,0,0,0,0,0,0,0
130837,1,1,0,0,0,0,0,0,0,0,0,0
130838,0,1,29,29,29,29,29,29,29,29,29,29
130838,1,1,0,0,0,0,0,0,0,0,0,0
130839,1,1,0,0,0,0,0,0,0,0,0,0
130839,2,1,0,0,0,0,0,5,0,0,0,0
130840,0,1,0,0,0,0,0,0,0,0,0,0
130840,1,1,0,0,0,0,0,13,0,0,0,0
130841,1,1,0,0,0,0,0,0,0,0,0,0
130842,1,1,0,0,0,0,0,0,0,0,0,0
130842,2,1,0,0,0,0,0,0,0,0,0,0
130842,3,1,0,0,0,0,0,0,0,0,0,0
130842,4,1,0,0,0,0,0,0,0,0,0,8
130842,5,1,0,0,0,0,0,0,0,0,8,0
130843,1,1,17,17,17,17,17,17,17,17,17,17
130844,0,1,21,3,0,0,20,0,23,0,27,0
130844,1,1,0,0,0,0,0,0,0,0,0,0
130845,1,1,0,45,0,0,0,0,10,0,0,0
130846,1,1,0,0,0,0,0,0,0,0,0,0
130847,0,1,0,16,23,25,43,45,0,27,9,15
130847,1,1,0,0,0,13,0,0,0,0,0,0
130848,1,1,0,0,0,0,0,0,0,0,0,0
130848,2,1,0,0,0,0,0,0,0,0,0,0
130849,0,1,20,20,20,20,20,20,20,20,20,20
130849,1,1,10,15,0,19,22,0,0,0,8,13
130850,0,1,0,14,0,26,18,15,0,0,23,0
130850,1,1,0,0,0,13,0,0,0,0,0,0
130851,1,1,0,0,0,0,0,0,0,0,0,0
130851,2,1,0,0,0,0,0,0,0,0,0,0
130852,1,1,0,0,0,0,0,0,0,0,25,0
130853,1,1,0,0,0,0,0,0,0,0,0,0
130853,2,1,0,0,0,0,0,0,0,0,0,0
130854,1,1,11,11,11,11,11,11,11,11,11,11
130855,1,1,14,4,40,11,30,22,22,26,12,15
130856,0,1,10,23,15,16,4,1,14,28,15,9
130856,1,1,0,0,0,0,0,0,0,0,0,0
130857,1,1,0,0,0,0,0,0,0,0,0,0
130857,2,1,0,0,0,0,0,0,0,0,0,0
130858,1,1,11,11,11,11,11,11,11,11,11,11
130858,2,1,0,0,0,0,0,0,0,0,0,0
130859,1,1,7,0,0,11,0,0,0,19,0,0
130859,2,1,0,0,0,0,0,0,0,0,0,0
130860,1,1,0,0,0,0,32,0,0,0,0,0
130860,2,1,0,0,0,0,0,0,0,0,0,0
130861,0,1,28,3,0,25,27,0,0,0,27,0
130861,1,1,10,0,0,0,0,15,0,0,0,0
130862,1,1,35,35,35,35,35,35,35,35,35,35
130862,2,1,0,0,0,0,0,0,0,0,0,0
130862,3,1,0,0,0,0,0,0,11,0,0,0
130862,4,1,0,0,0,0,0,0,0,0,0,0
130862,5,1,0,0,0,0,0,0,0,0,0,0
130863,1,1,26,4,9,15,0,18,0,21,27,20
130864,1,1,0,0,0,0,0,0,0,0,0,0
130864,2,1,0,0,0,0,0,0,0,0,0,0
130865,1,1,0,0,0,0,0,0,0,0,0,0
130865,2,1,0,0,0,0,0,0,0,0,0,0
130866,1,1,16,16,16,16,16,16,16,16,16,16
130867,1,1,0,0,0,0,0,0,0,0,0,0
130867,2,1,0,0,0,0,0,0,0,0,0,0
130868,1,1,0,0,0,0,0,0,0,0,0,0
130868,2,1,7,0,0,0,28,0,0,0,0,0
130868,3,1,0,0,0,0,0,0,0,0,0,0
130869,1,1,0,0,0,0,0,0,0,0,0,0
130869,2,1,0,0,0,0,0,17,0,0,0,0
130869,3,1,0,0,0,0,0,0,0,0,0,0
130869,4,1,0,0,0,0,0,0,0,0,0,0
130870,1,1,0,0,0,0,0,0,0,0,0,0
130870,2,1,0,0,0,0,0,0,0,0,0,0
130871,1,1,0,0,0,0,0,0,0,0,0,0
130872,1,1,0,0,0,0,0,0,0,0,0,0
130872,2,1,0,0,0,0,0,0,13,0,0,0
130872,3,1,0,6,0,0,0,0,0,0,0,0
130873,1,1,0,0,38,0,0,0,14,0,0,0
130874,0,1,0,0,0,0,0,0,0,0,0,0
130874,0,2,0,0,0,0,0,0,0,0,0,0
130874,1,1,0,0,0,0,0,0,0,0,15,0
130875,0,1,0,0,0,0,0,0,0,0,0,0
130875,1,1,3,3,3,3,3,3,3,3,3,3
130876,1,1,0,0,0,0,0,0,0,0,0,0
130876,2,1,0,0,0,0,0,0,0,0,0,0
130876,3,1,0,0,0,0,0,0,0,0,0,0
130876,4,1,0,0,0,0,0,0,0,0,0,0
130877,1,1,0,0,0,0,0,0,0,0,0,0
130877,2,1,0,0,0,0,0,0,0,0,0,0
130878,1,1,21,21,21,21,21,21,21,21,21,21
130879,1,1,0,0,0,0,0,0,0,0,15,0
130879,2,1,0,0,0,0,0,0,0,0,0,0
130880,1,1,0,0,0,0,0,18,0,0,0,0
130880,2,1,0,0,0,0,0,0,0,0,0,16
130881,0,1,0,20,16,0,13,0,9,25,6,27
130881,1,1,0,0,8,20,41,0,0,0,0,29
130882,0,1,0,0,0,0,0,0,0,0,0,0
130882,1,1,0,0,0,0,0,0,0,0,0,0
130883,1,1,0,0,0,0,0,0,0,0,0,0
130884,1,1,17,14,12,22,11,50,36,33,19,32
130885,0,1,0,0,0,0,0,0,0,0,0,0
130885,1,1,0,0,0,0,0,0,0,0,0,0
130886,1,1,0,0,0,0,0,0,0,0,0,0
130886,2,1,0,0,0,0,0,0,0,0,0,0
130887,1,1,0,0,0,0,0,0,0,0,0,0
130888,1,1,0,25,21,0,0,19,6,10,0,7
130889,1,1,0,0,0,0,0,0,0,0,0,0
130890,0,1,0,0,0,0,0,0,0,0,0,0
130890,1,1,0,0,0,0,0,0,0,0,0,0
130891,1,1,6,6,6,6,6,6,6,6,6,6
130892,1,1,0,28,14,0,0,0,0,22,21,35
130893,1,1,0,0,0,0,0,0,0,0,0,0
130893,2,1,0,0,0,0,0,0,0,0,13,0
130894,1,1,0,0,0,0,0,0,0,0,0,0
130895,1,1,0,0,0,0,0,0,0,0,0,0
130895,2,1,0,0,0,0,0,0,0,0,0,0
130896,1,1,0,0,6,0,0,0,0,0,0,0
130896,2,1,0,0,0,0,0,0,0,0,0,0
130897,1,1,20,20,20,20,20,20,20,20,20,20
130898,1,1,0,0,0,0,6,0,0,0,0,0
130898,2,1,0,0,0,0,0,0,0,0,0,0
130898,3,1,0,0,0,0,0,0,0,0,0,0
130899,1,1,0,0,0,0,0,16,0,11,0,25
130899,2,1,0,0,0,0,0,0,0,0,0,0
130899,3,1,0,0,0,0,0,0,0,12,0,0
130900,1,1,0,0,0,0,0,0,0,0,0,0
130901,0,1,0,0,0,0,0,0,0,0,0,0
130901,1,1,21,0,0,0,0,0,0,0,0,0
130902,0,1,0,0,0,0,0,0,0,0,0,0
130902,1,1,0,0,0,0,0,0,0,0,0,0
130903,1,1,0,0,0,0,0,0,0,0,0,0
130904,0,1,23,23,23,23,23,23,23,23,23,23
130904,1,1,8,0,0,0,0,0,0,0,0,0
130904,2,1,0,0,9,0,6,12,24,0,9,0
130905,1,1,0,0,0,0,0,0,0,0,0,0
130905,2,1,0,0,0,0,0,0,0,0,0,0
130906,1,1,0,0,0,0,0,0,14,0,0,0
130906,2,1,0,0,0,0,0,0,0,0,0,0
130907,0,1,0,0,0,0,0,0,0,0,0,0
130907,1,1,0,12,0,0,0,0,0,0,0,0
130908,0,1,0,0,0,0,0,0,0,0,0,0
130908,0,2,0,0,0,0,0,0,0,0,26,0
130908,0,3,0,0,0,0,0,0,0,0,0,0
130908,1,1,0,0,0,0,0,0,0,0,0,0
130908,2,1,0,0,0,0,4,0,0,0,0,0
130909,1,1,0,0,0,0,0,0,0,0,0,0
130909,2,1,0,0,0,0,0,0,0,14,0,0
130909,3,1,0,0,0,0,0,0,0,0,0,0
130909,4,1,0,0,0,0,0,0,0,0,0,0
130910,1,1,24,0,0,16,6,22,0,0,0,0
130911,0,1,0,0,0,0,0,0,0,0,0,0
130911,1,1,27,27,27,27,27,27,27,27,27,27
130912,1,1,0,0,0,0,0,0,0,0,0,0
130912,2,1,0,0,0,0,0,9,0,0,25,0
130913,1,1,12,13,0,0,23,0,0,0,0,0
130913,2,1,0,0,0,0,0,0,0,0,0,0
130914,1,1,0,0,0,0,0,0,0,0,0,0
130915,0,1,0,0,0,0,0,17,27,0,6,0
130915,1,1,0,0,0,0,0,0,0,0,0,0
130916,1,1,21,0,0,18,21,0,0,13,0,0
130917,1,1,0,0,0,0,0,0,0,25,0,0
130918,1,1,17,17,17,17,17,17,17,17,17,17
130919,1,1,0,0,0,0,0,0,0,0,0,0
130919,2,1,0,0,0,0,0,0,0,0,0,13
130920,1,1,0,0,0,0,0,0,0,0,0,0
130921,1,1,0,0,0,0,0,0,0,0,0,0
130921,2,1,0,0,0,0,0,0,0,0,0,0
130922,1,1,19,0,0,0,17,0,12,0,0,0
130922,2,1,0,7,0,0,0,0,0,0,0,0
130923,1,1,24,15,17,28,24,15,22,27,21,31
130924,1,1,0,0,0,0,0,0,0,0,24,0
130924,2,1,0,0,0,0,0,0,0,0,0,0
130925,1,1,0,0,0,0,0,0,0,0,0,0
130926,1,1,0,0,0,0,0,0,0,0,0,0
130927,1,1,0,0,6,18,0,0,0,0,0,0
130927,2,1,0,0,0,0,0,0,0,0,0,0
130928,1,1,7,0,0,20,0,0,9,0,28,0
130929,0,1,0,0,0,0,0,0,0,0,0,0
130929,1,1,0,0,0,0,0,0,0,0,0,0
130930,1,1,28,0,0,0,0,0,0,0,0,0
130931,1,1,0,0,0,0,0,0,0,0,0,0
130931,2,1,0,0,0,0,0,0,0,0,0,0
130932,0,1,0,0,0,0,0,40,0,0,12,0
130932,0,2,0,34,0,0,0,0,0,11,0,0
130932,1,1,0,0,0,0,0,0,0,0,0,0
130933,1,1,20,20,20,20,20,20,20,20,20,20
130934,1,1,0,0,0,0,0,0,0,0,0,0
130935,1,1,15,15,15,15,15,15,15,15,15,15
130935,2,1,9,9,9,9,9,9,9,9,9,9
130936,1,1,0,0,0,0,0,0,0,0,0,0
130936,2,1,0,0,0,0,0,0,0,0,0,0
130937,1,1,0,0,0,0,0,0,0,0,0,0
130937,2,1,0,0,0,0,0,0,0,0,0,0
130938,1,1,17,17,17,17,17,17,17,17,17,17
130939,1,1,10,10,10,10,10,10,10,10,10,10
130940,1,1,15,15,15,15,15,15,15,15,15,15
130940,2,1,0,0,0,0,0,0,0,0,0,0
130941,1,1,0,0,0,0,0,0,0,0,0,0
130942,1,1,7,11,22,17,14,12,6,5,19,5
130943,1,1,0,0,15,0,0,0,10,0,0,0
130944,1,1,25,25,25,25,25,25,25,25,25,25
130945,0,1,0,0,0,0,0,0,0,0,0,0
130945,2,1,0,0,0,0,0,0,0,0,0,0
130946,1,1,5,5,5,5,5,5,5,5,5,5
130946,2,1,0,0,0,0,0,0,0,0,0,0
130947,1,1,17,0,20,0,0,0,0,0,0,0
130947,2,1,0,0,16,0,0,0,12,0,0,0
130948,1,1,0,0,0,28,0,0,22,25,23,49
130948,2,1,0,19,0,8,0,0,0,0,0,0
130949,1,1,0,0,0,0,0,0,0,0,0,0
130949,2,1,0,11,0,0,0,0,0,0,0,0
130950,1,1,0,0,0,0,13,0,0,0,0,0
130950,2,1,0,0,0,0,0,0,0,0,0,0
130950,3,1,0,0,0,0,0,0,0,0,0,0
130951,1,1,15,15,15,15,15,15,15,15,15,15
130952,1,1,0,0,0,0,0,0,0,0,0,0
130952,2,1,0,0,0,0,0,0,0,0,0,0
130953,0,1,11,36,0,21,0,0,34,18,25,12
130953,1,1,0,0,0,0,0,0,0,0,0,0
130954,1,1,0,0,0,0,0,0,0,0,0,0
130954,2,1,0,0,0,0,0,0,0,0,0,0
130954,3,1,0,0,0,0,0,0,0,0,0,0
130954,4,1,0,0,0,0,10,0,0,0,0,0
130955,1,1,0,0,0,0,0,0,0,0,0,0
130955,2,1,0,0,0,0,0,0,0,0,0,0
130955,3,1,0,0,0,0,0,0,0,0,0,0
130956,0,1,0,0,0,0,0,0,0,0,0,0
130956,1,1,0,0,0,0,0,0,11,0,0,0
130957,1,1,0,0,0,0,0,0,0,0,0,0
130957,2,1,0,0,0,16,0,11,0,15,17,0
130958,1,1,0,0,0,0,0,0,0,0,0,0
130959,1,1,19,19,19,19,19,19,19,19,19,19
130960,0,1,0,13,0,26,0,17,36,20,22,0
130960,1,1,0,0,0,0,0,0,0,0,0,0
130961,0,1,0,0,3,23,0,29,0,0,0,0
130961,0,2,0,0,0,0,0,0,0,0,0,11
130961,1,1,7,7,7,7,7,7,7,7,7,7
130961,3,1,0,0,0,0,0,0,0,0,0,0
130962,0,1,0,0,0,0,0,0,0,0,0,0
130962,1,1,0,0,0,0,0,0,0,0,0,0
130963,1,1,0,0,16,0,0,0,0,0,0,0
130963,2,1,0,0,0,0,0,0,0,0,0,0
130964,1,1,10,13,19,16,19,3,15,16,8,22
130964,2,1,13,13,13,13,13,13,13,13,13,13
130965,1,1,28,28,28,28,28,28,28,28,28,28
130965,2,1,8,0,0,0,0,0,0,0,0,0
130966,1,1,0,0,0,0,0,0,0,0,0,0
130966,2,1,0,0,0,0,0,0,0,0,0,0
130967,1,1,0,27,10,18,30,25,21,14,10,10
130968,1,1,33,33,33,33,33,33,33,33,33,33
130969,0,1,40,40,40,40,40,40,40,40,40,40
130969,1,1,0,0,0,0,0,0,0,0,25,0
130970,1,1,0,0,0,0,0,0,0,0,0,0
130971,1,1,7,12,5,0,0,43,28,22,7,11
130971,2,1,0,0,0,0,0,0,0,0,0,0
130972,0,1,22,22,22,22,22,22,22,22,22,22
130972,1,1,11,0,0,0,0,0,0,0,0,0
130973,1,1,0,0,0,0,0,0,0,0,0,0
130973,2,1,0,0,0,0,0,0,0,5,0,0
130974,1,1,0,0,0,0,0,0,0,0,0,0
130974,2,1,0,0,9,0,0,0,0,0,0,0
130975,0,1,2,2,2,2,2,2,2,2,2,2
130975,1,1,0,0,0,0,0,0,0,0,0,0
130976,1,1,0,0,0,0,0,0,0,10,18,0
130976,2,1,0,0,0,0,0,0,0,0,0,0
130977,1,1,0,0,0,0,0,0,0,0,0,0
130978,0,1,8,8,8,8,8,8,8,8,8,8
130978,1,1,0,0,0,0,0,0,0,0,0,0
130979,1,1,0,0,0,0,9,0,0,0,0,0
130979,2,1,0,0,0,0,0,0,0,0,0,0
130980,1,1,0,0,13,0,0,0,18,0,0,0
130980,2,1,0,0,0,0,0,4,0,0,0,0
130981,1,1,28,28,28,28,28,28,28,28,28,28
130982,1,1,28,0,0,0,0,0,0,0,0,0
130983,1,1,0,0,0,0,0,0,0,0,0,0
130983,2,1,0,0,0,19,0,0,0,0,0,0
130984,1,1,0,0,0,0,0,0,0,0,0,0
130984,2,1,0,0,0,0,0,0,0,0,0,0
130985,0,1,0,0,0,0,0,0,0,0,0,0
130985,1,1,0,0,0,0,0,0,0,0,0,0
130986,1,1,0,0,0,0,0,0,0,0,0,0
130986,2,1,0,0,0,0,0,0,0,0,0,0
130987,1,1,0,0,0,0,0,0,0,0,0,0
130988,1,1,0,0,0,0,0,0,0,0,0,0
130988,2,1,0,0,0,0,0,0,0,0,0,0
130989,1,1,13,13,13,13,13,13,13,13,13,13
130989,2,1,0,0,0,0,0,0,0,0,0,0
130990,0,1,0,0,0,0,0,0,0,0,0,0
130990,1,1,0,0,20,0,10,0,0,0,0,0
130991,1,1,0,0,0,0,0,0,0,0,0,0
130992,0,1,0,0,0,0,0,0,0,0,0,0
130992,0,2,15,0,18,0,22,0,0,0,7,15
130992,0,3,0,13,16,0,17,0,0,8,8,0
130992,1,1,0,0,0,0,0,0,0,0,0,0
130993,1,1,0,0,0,0,0,0,0,0,0,0
130993,2,1,0,0,0,0,0,0,0,0,0,0
130993,3,1,0,0,0,0,0,0,16,0,14,0
130994,1,1,31,31,31,31,31,31,31,31,31,31
130994,2,1,0,0,0,0,0,19,0,0,0,0
130995,1,1,0,0,0,0,0,0,0,0,0,0
130996,1,1,3,8,40,16,15,26,10,11,11,24
130996,2,1,0,0,0,0,0,0,0,0,0,0
130997,1,1,0,0,0,0,0,0,5,0,0,0
130998,0,1,18,0,0,0,0,0,27,0,0,0
130998,1,1,0,7,0,0,0,0,0,0,0,0
130999,0,1,10,10,10,10,10,10,10,10,10,10
130999,1,1,18,10,19,26,17,11,9,13,15,24
131000,1,1,0,0,0,0,0,18,0,0,0,17
131001,1,1,4,0,0,0,0,0,0,0,0,0
131002,1,1,12,12,12,12,12,12,12,12,12,12
131003,1,1,0,0,0,0,0,0,0,0,0,0
131003,2,1,0,0,0,0,0,0,0,0,0,0
131003,3,1,0,0,0,0,0,0,0,0,0,0
131003,4,1,0,0,0,0,0,0,0,0,0,0
131004,0,1,0,0,0,0,0,0,0,0,0,0
131004,1,1,0,0,0,7,0,0,0,0,0,0
131005,1,1,0,6,0,0,0,0,0,0,0,19
131005,2,1,0,0,0,0,0,0,0,0,0,0
131005,3,1,0,0,0,0,0,0,0,0,0,0
131005,4,1,0,0,0,0,0,0,0,0,0,0
131006,1,1,0,0,0,8,0,0,0,0,0,0
131006,2,1,0,0,0,0,0,0,0,0,0,0
131008,1,1,0,0,0,0,0,0,0,0,0,0
131009,0,1,13,0,13,0,0,32,0,0,0,0
131009,1,1,0,0,0,0,0,0,0,0,0,0
131010,1,1,17,0,0,0,0,0,0,0,0,0
131010,2,1,0,0,0,0,0,0,0,0,0,0
131011,0,1,0,0,0,0,0,0,0,0,0,0
131011,1,1,0,0,0,0,0,0,0,0,0,0
131012,1,1,0,0,18,0,13,9,27,4,23,0
131013,1,1,0,0,0,0,0,0,0,0,0,0
131014,1,1,0,0,0,0,0,0,0,0,0,0
131014,2,1,0,0,0,0,0,0,0,0,0,0
131015,0,1,0,0,0,0,0,0,0,0,0,0
131015,1,1,15,15,15,15,15,15,15,15,15,15
131016,1,1,15,0,0,0,0,0,0,0,0,0
131016,2,1,0,14,0,0,0,0,0,0,0,0
131016,3,1,0,0,0,0,0,0,0,0,0,0
131016,4,1,0,0,0,0,0,0,0,0,0,0
131017,1,1,28,28,28,28,28,28,28,28,28,28
131017,2,1,0,0,0,0,0,0,0,0,0,0
131018,1,1,0,0,0,0,0,0,0,0,0,0
131018,2,1,0,0,0,0,0,0,0,0,0,0
131019,1,1,0,0,0,0,0,0,0,0,0,0
131019,2,1,0,0,0,0,0,0,0,0,0,0
131019,3,1,0,0,0,0,0,0,0,29,0,0
131019,4,1,0,0,0,0,0,0,0,0,0,0
131020,1,1,26,26,26,26,26,26,26,26,26,26
131021,1,1,0,0,0,0,0,0,0,24,0,0
131021,2,1,0,0,0,0,0,0,0,0,0,0
131021,3,1,0,0,0,0,0,0,0,0,18,0
131022,1,1,26,26,26,26,26,26,26,26,26,26
131022,2,1,0,0,0,0,0,0,0,0,0,0
131023,1,1,0,0,0,0,0,0,0,0,0,0
131023,2,1,0,0,0,0,0,0,0,0,0,0
131024,0,1,0,0,0,0,0,0,0,0,0,0
131024,1,1,30,19,0,0,0,8,12,0,0,0
131025,1,1,10,0,12,0,0,0,0,0,0,0
131026,1,1,17,17,17,17,17,17,17,17,17,17
131027,0,1,18,18,18,18,18,18,18,18,18,18
131027,1,1,0,0,0,0,0,0,0,0,0,0
131028,1,1,0,0,0,0,0,0,0,0,0,0
131028,2,1,0,0,0,0,0,0,0,0,0,0
131029,1,1,0,0,0,0,0,0,0,0,10,0
131030,0,1,0,0,0,0,6,0,0,0,0,0
131030,1,1,0,0,0,0,0,0,0,0,0,0
131031,1,1,0,0,0,0,0,0,0,0,0,0
131031,2,1,0,0,0,0,0,0,0,0,0,0
131032,1,1,0,0,0,0,0,0,0,0,0,0
131032,2,1,0,0,0,0,0,0,0,0,0,0
131033,1,1,0,0,0,0,0,0,0,0,23,0
131033,2,1,0,0,0,0,0,0,0,0,0,0
131034,1,1,29,29,29,29,29,29,29,29,29,29
131035,1,1,20,20,20,20,20,20,20,20,20,20
131036,1,1,0,0,0,0,0,0,8,0,0,0
131036,2,1,0,0,0,0,0,0,0,0,0,0
131037,0,1,0,0,0,0,0,0,0,0,0,0
131037,1,1,0,0,0,0,0,0,0,0,0,0
131038,1,1,0,0,0,0,0,0,0,0,0,0
131038,2,1,0,0,0,0,0,0,0,0,0,0
131039,1,1,0,0,0,0,0,0,0,0,0,0
131039,2,1,0,0,0,0,0,0,0,0,0,0
131040,1,1,0,0,0,0,0,0,0,0,0,0
131041,0,1,0,0,0,0,0,0,18,0,0,0
131041,1,1,0,0,0,0,0,0,0,0,0,0
131042,0,1,0,0,0,34,39,24,35,5,0,0
131042,1,1,0,0,0,22,0,0,0,0,0,0
131043,0,1,0,0,0,0,0,0,0,0,0,0
131043,1,1,0,0,0,0,0,0,0,0,0,0
131044,1,1,16,16,16,16,16,16,16,16,16,16
131045,1,1,24,19,27,13,0,25,18,0,21,23
131046,0,1,0,0,0,0,0,0,0,0,0,0
131046,1,1,15,15,15,15,15,15,15,15,15,15
131046,2,1,0,0,0,0,19,0,10,0,0,20
131047,1,1,16,16,16,16,16,16,16,16,16,16
131047,2,1,0,0,0,0,0,0,0,0,0,5
131048,1,1,0,0,0,0,0,24,0,12,0,0
131048,2,1,0,0,0,0,0,0,0,0,0,0
131048,3,1,0,0,0,0,0,0,0,0,0,0
131049,1,1,0,0,0,0,0,0,0,0,0,0
131049,2,1,0,0,0,0,5,0,0,0,0,0
131050,0,1,18,0,0,16,19,0,7,0,0,0
131050,1,1,0,0,0,0,0,0,0,0,0,0
131051,1,1,0,0,0,0,0,0,0,0,0,0
131052,0,1,0,0,0,0,11,0,22,0,0,0
131052,1,1,0,0,0,0,0,0,0,0,0,0
131053,0,1,0,17,0,15,20,0,35,0,0,37
131053,1,1,0,0,0,0,6,0,17,0,0,0
131053,2,1,0,0,0,0,0,0,20,0,0,23
131053,3,1,0,0,0,0,0,0,0,0,0,0
131053,4,1,0,0,0,0,0,0,0,0,0,0
131054,0,1,0,0,0,0,0,0,0,0,0,0
131054,1,1,0,0,19,0,0,0,0,0,0,0
131055,1,1,0,0,0,0,0,0,0,0,0,0
131056,0,1,0,21,0,0,0,0,10,0,34,0
131056,0,2,0,0,0,0,0,0,0,0,0,0
131056,1,1,7,7,7,7,7,7,7,7,7,7
131057,1,1,0,0,0,0,0,0,0,0,0,0
131058,1,1,0,0,0,0,0,0,0,0,0,0
131058,2,1,0,0,0,0,0,0,0,0,0,0
131059,1,1,0,0,0,0,0,0,0,0,0,0
131059,2,1,0,0,0,0,0,0,0,0,0,0
131059,3,1,0,0,0,0,0,0,4,0,0,0
131059,4,1,0,0,0,0,0,0,0,0,0,0
131060,0,1,28,15,29,19,25,24,25,7,18,26
131060,1,1,0,0,0,0,0,0,0,0,0,0
131061,1,1,0,0,0,0,0,0,0,0,0,0
131062,1,1,0,0,17,0,0,6,19,0,0,0
131062,2,1,0,0,0,0,0,0,0,0,0,0
131063,1,1,0,0,0,0,0,0,0,0,0,0
131063,2,1,0,0,0,0,0,0,0,0,0,0
131064,1,1,0,0,0,0,0,0,0,0,29,0
131065,1,1,0,0,27,0,0,0,0,0,0,0
131066,0,1,0,0,0,0,0,0,0,0,0,0
131066,1,1,10,0,9,0,0,0,0,0,14,0
131067,1,1,0,0,0,0,0,0,0,0,0,0
131067,2,1,0,0,0,0,0,0,0,0,0,0
131068,0,1,32,32,32,32,32,32,32,32,32,32
131068,1,1,0,0,0,0,0,0,0,0,0,0
131069,1,1,0,0,0,0,0,0,0,0,0,0
131069,2,1,0,0,0,0,0,0,0,0,0,0