ST_CASE,VEH_NO,PER_NO,P1,P2,P3,P4,P5,P6,P7,P8,P9,P10
180386,1,1,0,21,0,0,0,0,0,0,0,0
180387,1,1,0,0,0,0,0,0,0,0,0,0
180387,2,1,10,10,10,10,10,10,10,10,10,10
180388,1,1,25,15,0,0,0,0,0,0,0,0
180388,2,1,0,0,0,0,0,0,0,0,0,0
180389,1,1,13,13,13,13,13,13,13,13,13,13
180390,1,1,0,10,0,0,0,0,0,0,0,0
180390,2,1,0,0,0,0,0,0,0,0,0,0
180391,1,1,0,0,0,0,0,0,0,0,0,0
180392,1,1,0,0,0,0,0,0,21,0,0,0
180392,2,1,0,0,0,0,0,0,0,0,0,0
180393,1,1,19,0,13,11,26,9,9,13,17,20
180394,1,1,0,0,0,0,0,0,0,0,0,0
180394,2,1,0,0,0,0,0,0,0,0,0,0
180395,1,1,27,27,27,27,27,27,27,27,27,27
180395,2,1,0,0,0,0,0,0,0,0,0,0
180396,1,1,21,21,21,21,21,21,21,21,21,21
180396,2,1,0,0,0,0,0,0,0,0,0,0
180397,1,1,0,0,0,0,0,0,0,0,0,0
180397,2,1,0,0,0,32,0,0,0,0,0,0
180398,1,1,0,0,0,0,0,0,0,0,0,0
180399,1,1,0,0,0,0,0,0,0,0,0,0
180401,1,1,7,7,7,7,7,7,7,7,7,7
180401,2,1,0,0,0,0,0,0,0,0,0,0
180402,1,1,0,0,0,0,0,0,0,0,0,0
180402,2,1,0,0,0,24,0,0,0,0,0,0
180403,0,1,27,27,27,27,27,27,27,27,27,27
180403,1,1,12,27,22,0,18,0,15,15,0,2
180404,0,1,13,0,0,0,0,0,0,0,56,6
180404,1,1,0,0,0,0,0,0,0,0,0,0
180405,1,1,20,20,20,20,20,20,20,20,20,20
180406,1,1,12,0,0,0,0,0,0,0,0,0
180406,2,1,0,0,0,0,0,0,0,0,0,0
180407,0,1,0,0,0,14,0,22,0,46,24,0
180407,1,1,0,7,24,0,17,38,17,13,0,0
180408,1,1,0,0,0,0,0,0,0,0,0,0
180408,2,1,5,0,0,0,0,0,0,0,0,0
180409,1,1,0,0,0,0,0,0,0,0,0,0
180409,2,1,0,0,0,0,0,0,0,0,0,0
180409,3,1,0,0,0,0,0,0,0,0,0,0
180410,1,1,25,12,0,0,18,21,0,13,0,14
180411,1,1,26,0,0,0,10,26,41,0,0,0
180412,1,1,9,0,0,0,0,0,0,0,0,0
180412,2,1,0,0,0,0,0,0,0,0,0,0
180413,1,1,3,3,3,3,3,3,3,3,3,3
180413,2,1,0,0,0,0,0,0,0,0,0,0
180414,1,1,0,0,0,0,0,0,0,0,0,0
180414,2,1,0,0,0,0,0,0,0,0,0,0
180415,1,1,0,0,0,0,0,0,0,0,0,0
180415,2,1,0,0,9,0,8,0,0,0,22,0
180416,1,1,20,20,20,20,20,20,20,20,20,20
180417,1,1,17,0,0,0,0,0,0,0,0,0
180418,1,1,21,21,21,21,21,21,21,21,21,21
180418,2,1,0,0,0,0,0,0,0,0,0,0
180419,1,1,0,0,0,0,6,0,0,0,0,0
180419,2,1,0,0,0,0,0,0,0,0,0,0
180420,1,1,0,0,0,0,0,0,0,0,0,0
180420,2,1,0,0,0,0,0,0,0,0,0,0
180421,0,1,0,22,0,0,0,0,0,0,0,0
180421,0,2,0,0,0,0,0,0,0,0,0,0
180421,0,3,0,9,19,0,21,20,14,0,20,0
180421,1,1,7,31,24,0,0,0,0,0,0,0
180422,1,1,0,0,0,0,0,0,0,0,0,17
180422,2,1,0,0,0,0,0,0,0,0,0,0
180422,3,1,0,0,0,0,0,0,0,0,0,0
180422,4,1,0,0,0,0,0,0,0,0,0,0
180423,1,1,0,0,0,0,0,0,0,0,0,0
180423,2,1,0,0,0,0,0,0,0,0,0,0
180424,0,1,27,27,27,27,27,27,27,27,27,27
180424,1,1,6,4,19,0,24,18,27,0,17,20
180425,1,1,0,0,15,0,0,0,0,0,0,0
180426,1,1,0,8,20,0,21,10,3,14,17,15
180427,1,1,0,0,0,0,0,0,0,0,0,0
180427,2,1,0,0,0,0,0,0,0,0,0,0
180428,1,1,16,15,19,0,0,0,23,24,14,7
180429,1,1,0,0,0,0,0,0,0,0,0,0
180429,2,1,0,0,0,0,0,0,0,0,0,0
180429,3,1,0,0,0,0,0,0,0,0,0,0
180430,1,1,0,0,0,0,0,0,0,0,0,0
180430,2,1,0,0,0,0,0,0,0,0,0,0
180431,1,1,18,18,18,18,18,18,18,18,18,18
180431,2,1,0,0,0,0,0,0,0,0,0,0
180432,2,1,0,0,0,0,0,0,0,0,0,0
180433,1,1,13,19,20,0,10,4,13,15,2,21
180433,2,1,0,0,7,0,0,0,0,0,0,0
180434,1,1,0,0,0,0,0,0,0,0,0,0
180434,2,1,0,0,0,0,0,0,0,0,0,0
180435,1,1,34,33,0,0,0,0,0,0,0,0
180435,2,1,0,0,0,0,0,0,0,0,0,0
180436,1,1,9,32,0,0,0,18,0,0,20,0
180437,1,1,13,0,0,0,0,0,0,0,10,35
180437,2,1,0,0,0,0,0,0,0,0,0,0
180438,1,1,1,1,1,1,1,1,1,1,1,1
180439,1,1,0,0,0,0,0,22,0,0,0,0
180440,1,1,4,4,4,4,4,4,4,4,4,4
180440,2,1,0,0,0,0,0,0,0,0,0,0
180441,0,1,30,30,30,30,30,30,30,30,30,30
180441,1,1,5,5,5,5,5,5,5,5,5,5
180442,1,1,16,16,16,16,16,16,16,16,16,16
180443,1,1,0,0,0,15,0,16,0,0,0,0
180443,2,1,0,0,0,0,0,0,0,0,0,0
180444,1,1,0,0,30,0,0,0,0,0,0,0
180444,2,1,0,0,0,0,0,8,0,0,0,0
180445,1,1,29,13,12,23,20,22,12,22,11,17
180445,2,1,20,20,20,20,20,20,20,20,20,20
180446,0,1,0,0,0,0,0,0,0,0,0,0
180446,1,1,26,26,26,26,26,26,26,26,26,26
180447,1,1,0,0,15,7,0,38,0,13,27,6
180448,1,1,0,0,0,0,0,0,0,0,0,0
180448,2,1,0,11,0,33,17,20,2,0,6,0
180449,1,1,0,0,0,0,11,0,0,14,0,0
180449,2,1,0,0,0,0,0,0,0,7,19,0
180449,3,1,0,0,0,0,0,0,0,0,0,0
180449,4,1,0,0,21,0,0,0,0,0,0,0
180449,5,1,0,0,0,0,0,0,0,0,0,0
180450,1,1,0,16,14,10,8,22,0,0,16,0
180451,1,1,15,0,13,0,11,13,0,0,0,9
180451,2,1,0,0,0,0,0,0,0,0,0,0
180452,1,1,0,0,0,0,0,0,0,0,0,0
180452,2,1,0,0,14,0,0,0,0,0,0,0
180453,0,1,0,0,0,0,0,0,0,25,27,0
180453,1,1,0,0,0,0,0,0,0,0,0,0
180454,1,1,0,0,0,0,0,0,0,0,0,0
180454,2,1,0,0,0,0,0,0,0,0,0,0
180455,1,1,0,0,11,20,0,13,0,0,0,0
180456,1,1,0,0,0,0,0,0,0,0,0,0
180456,2,1,0,0,0,0,0,0,0,0,0,0
180457,1,1,0,0,0,0,0,0,0,0,0,0
180457,2,1,0,0,0,0,0,0,0,0,0,0
180458,1,1,0,32,0,15,17,0,21,34,7,4
180459,1,1,0,0,25,0,18,0,0,0,0,27
180459,2,1,0,0,0,0,0,24,0,0,0,0
180460,1,1,0,0,0,0,0,0,0,0,0,0
180460,2,1,0,0,0,0,0,0,0,0,0,0
180461,1,1,0,0,16,0,0,14,0,0,0,0
180462,1,1,0,7,0,0,0,0,0,14,7,5
180463,1,1,0,0,0,0,0,0,0,0,0,0
180463,2,1,0,0,0,0,0,0,0,0,0,0
180464,1,1,0,0,0,0,0,0,0,0,0,0
180464,2,1,0,0,0,0,0,0,0,0,0,0
180465,0,1,0,0,0,0,0,0,0,0,0,0
180465,1,1,0,0,0,0,0,0,0,0,0,0
180466,1,1,0,0,0,0,0,0,0,0,0,0
180466,2,1,0,0,0,0,0,0,18,0,0,0
180467,1,1,0,0,0,0,0,0,0,0,0,0
180467,2,1,0,0,0,0,0,0,0,0,0,0
180467,3,1,0,0,0,0,17,0,0,0,0,0
180467,4,1,0,0,0,0,0,0,0,0,0,0
180467,5,1,0,0,0,0,0,0,0,0,0,0
180467,6,1,0,0,0,0,0,0,0,0,0,0
180467,7,1,0,0,24,0,0,0,0,0,0,0
180468,1,1,32,32,32,32,32,32,32,32,32,32
180469,1,1,18,0,0,0,17,0,8,15,16,0
180470,1,1,0,0,0,0,0,0,0,0,0,0
180470,2,1,0,0,0,0,0,0,0,0,0,0
180471,1,1,17,8,3,8,5,0,19,0,11,21
180472,1,1,0,24,10,0,0,0,0,0,0,0
180473,1,1,9,0,0,0,0,0,0,0,0,0
180474,0,1,10,10,10,10,10,10,10,10,10,10
180474,1,1,0,0,0,0,0,0,0,0,0,0
180475,1,1,26,26,26,26,26,26,26,26,26,26
180476,1,1,11,25,0,0,0,0,0,26,0,0
180476,2,1,0,0,0,0,0,0,0,0,7,0
180477,1,1,1,1,1,1,1,1,1,1,1,1
180478,1,1,0,0,0,0,15,0,11,0,24,0
180479,1,1,0,0,0,0,0,0,0,0,0,0
180479,2,1,0,0,0,0,0,0,0,0,0,0
180480,1,1,0,0,0,0,0,0,0,0,0,0
180480,2,1,0,0,0,0,0,0,0,0,0,0
180480,3,1,0,0,0,0,0,0,0,0,0,0
180481,1,1,16,16,16,16,16,16,16,16,16,16
180482,1,1,0,0,0,0,0,0,0,0,0,0
180482,2,1,0,0,0,0,0,0,0,0,0,0
180483,0,1,0,0,0,0,0,0,0,0,0,0
180483,1,1,15,0,0,26,0,32,0,0,0,0
180484,1,1,0,0,0,0,0,0,0,0,0,0
180484,2,1,0,0,0,0,0,0,0,0,9,0
180485,1,1,0,0,11,0,0,0,0,13,0,0
180485,2,1,0,0,0,0,0,0,0,0,0,0
180486,1,1,9,0,0,0,0,0,0,0,0,0
180486,2,1,0,0,0,0,0,0,0,0,0,0
180487,1,1,11,0,0,6,0,6,17,0,0,0
180488,1,1,0,0,0,0,0,0,0,0,0,0
180488,2,1,0,0,0,0,0,0,0,0,0,0
180488,3,1,0,0,0,0,0,0,0,0,0,0
180489,1,1,9,0,0,0,11,0,0,0,0,39
180490,0,1,0,0,0,0,0,0,0,0,0,0
180490,1,1,0,0,0,18,0,0,0,0,0,0
180491,1,1,0,0,0,0,0,0,0,0,0,0
180491,2,1,0,0,0,0,0,0,0,0,0,26
180492,1,1,0,0,0,0,0,0,0,0,0,0
180492,2,1,2,0,0,0,0,0,0,0,0,0
180493,1,1,1,1,1,1,1,1,1,1,1,1
180493,2,1,0,0,0,0,0,0,0,0,0,0
180494,1,1,0,0,13,0,0,6,0,0,25,0
180494,2,1,0,0,0,0,0,0,0,0,0,0
180495,1,1,0,0,0,0,0,0,0,0,0,0
180495,2,1,0,0,0,0,0,0,0,0,0,0
180496,1,1,0,0,0,0,0,0,0,0,0,0
180497,0,1,0,0,0,0,0,20,0,0,0,12
180497,0,2,25,4,0,25,0,0,0,0,0,0
180497,0,3,0,0,0,0,0,0,0,0,0,0
180497,0,4,0,0,0,0,0,0,0,0,0,0
180497,0,5,0,0,0,0,0,0,0,0,0,0
180497,1,1,0,0,0,0,0,0,0,0,13,0
180498,1,1,0,0,0,0,0,0,0,0,0,0
180498,2,1,0,0,0,0,0,0,0,0,0,0
180499,1,1,0,0,0,0,0,0,0,0,0,0
180499,2,1,0,11,6,0,0,0,0,6,22,0
180500,1,1,17,17,17,17,17,17,17,17,17,17
180501,1,1,0,0,0,0,0,25,0,0,0,0
180501,2,1,0,0,0,0,0,0,0,0,0,0
180502,1,1,0,0,0,0,23,0,0,7,0,0
180502,2,1,0,0,0,0,0,0,0,10,0,0
180503,1,1,0,0,0,0,8,25,25,0,0,0
180503,2,1,0,0,0,0,0,0,0,0,0,0
180504,0,1,21,0,0,22,0,0,0,0,0,0
180504,1,1,0,0,0,0,0,0,0,0,0,0
180505,1,1,0,0,0,0,0,0,0,0,0,0
180505,2,1,5,5,5,5,5,5,5,5,5,5
180506,1,1,0,0,0,0,0,0,0,0,0,0
180507,1,1,0,11,0,0,0,0,0,0,31,11
180508,1,1,5,5,5,5,5,5,5,5,5,5
180509,1,1,6,19,13,17,18,8,18,16,24,16
180509,2,1,0,0,0,0,0,0,0,0,0,0
180510,1,1,13,13,19,0,18,21,10,33,37,17
180511,1,1,32,32,32,32,32,32,32,32,32,32
180511,2,1,0,0,30,0,0,0,0,0,0,0
180512,1,1,0,9,0,0,0,0,0,0,0,0
180513,1,1,16,16,16,16,16,16,16,16,16,16
180514,1,1,3,36,0,33,13,18,16,0,0,13
180515,1,1,0,0,0,0,0,0,0,0,0,0
180515,2,1,0,0,0,0,0,0,0,0,0,0
180515,3,1,0,0,0,0,0,0,0,0,0,0
180516,1,1,0,0,0,0,0,13,0,0,0,0
180516,2,1,0,0,8,0,0,0,0,0,0,0
180517,1,1,0,0,6,0,0,0,0,0,0,0
180517,2,1,0,0,0,0,0,0,0,0,0,0
180518,1,1,0,0,0,0,0,0,0,19,0,9
180519,1,1,0,0,0,0,0,0,24,0,0,0
180520,1,1,0,0,21,0,5,10,0,0,0,0
180521,1,1,0,0,0,0,0,0,0,0,0,0
180521,2,1,0,0,0,0,0,0,0,0,0,0
180522,1,1,0,0,6,0,0,15,0,11,0,0
180523,1,1,0,0,11,0,0,0,0,0,0,10
180524,1,1,0,0,0,0,0,0,0,0,0,0
180525,1,1,0,0,0,23,5,15,10,15,7,32
180526,1,1,0,0,0,0,0,0,0,0,0,0
180526,2,1,0,0,0,0,0,0,0,0,0,0
180527,1,1,0,0,0,0,0,0,0,0,0,0
180527,2,1,0,0,0,0,0,0,0,0,0,0
180528,1,1,17,0,9,0,0,0,0,0,0,0
180528,2,1,0,19,0,0,0,0,0,8,0,0
180529,1,1,0,0,0,0,0,0,0,0,0,0
180529,2,1,0,0,0,0,0,0,0,0,0,0
180530,1,1,0,0,0,0,0,0,0,0,0,0
180531,1,1,0,0,0,0,0,30,24,20,0,0
180531,2,1,12,0,0,0,11,12,14,6,0,0
180532,1,1,0,13,0,0,0,14,0,0,0,10
180533,1,1,0,0,0,0,29,0,0,0,0,0
180533,2,1,0,0,0,0,0,0,10,0,0,0
180534,1,1,0,0,0,0,0,0,13,0,0,0
180535,1,1,24,24,24,24,24,24,24,24,24,24
180536,1,1,0,0,0,0,0,0,0,0,0,0
180536,2,1,0,0,0,0,0,0,0,0,0,0
180537,1,1,20,20,20,20,20,20,20,20,20,20
180538,1,1,13,0,18,13,10,16,11,30,9,0
180538,2,1,0,0,0,0,0,0,0,0,0,0
180540,1,1,0,0,0,0,0,0,0,0,0,0
180540,2,1,0,0,0,0,11,0,12,0,0,0
180542,1,1,0,0,0,0,0,11,0,0,0,0
180543,1,1,0,0,25,0,0,0,0,0,12,0
180544,0,1,0,0,0,0,0,0,0,0,0,0
180544,1,1,0,0,0,0,0,0,0,0,0,0
180544,2,1,0,0,0,0,0,0,0,0,0,0
180545,0,1,0,0,0,0,0,0,0,0,0,0
180545,1,1,0,0,0,0,0,0,0,0,0,0
180546,0,1,0,0,0,0,0,25,0,0,8,0
180546,0,2,0,0,0,0,0,0,0,0,0,0
180546,0,3,0,27,0,21,0,19,0,0,0,0
180546,0,4,0,0,0,0,0,0,0,0,0,0
180546,0,5,0,0,29,0,0,26,13,0,10,0
180546,1,1,0,0,6,15,0,0,0,7,0,0
180546,2,1,0,0,15,0,0,0,0,0,0,0
180546,3,1,0,0,0,12,0,0,0,0,0,25
180547,0,1,0,0,0,0,0,0,0,0,0,0
180547,1,1,0,0,0,0,0,0,0,0,0,0
180548,1,1,0,0,0,0,0,0,0,0,0,0
180549,1,1,8,22,0,26,23,0,0,17,17,12
180550,1,1,10,10,10,10,10,10,10,10,10,10
180550,2,1,0,0,0,0,0,0,0,0,0,0
180551,1,1,0,0,0,0,30,0,0,0,0,0
180552,1,1,0,0,0,0,0,0,0,0,0,0
180553,1,1,0,0,0,0,0,0,0,0,0,0
180553,2,1,0,0,0,0,0,0,0,0,0,0
180554,1,1,5,5,5,5,5,5,5,5,5,5
180555,1,1,0,0,0,0,0,0,0,0,0,0
180556,1,1,20,20,20,20,20,20,20,20,20,20
180556,2,1,2,2,2,2,2,2,2,2,2,2
180557,1,1,19,19,19,19,19,19,19,19,19,19
180557,2,1,0,0,0,0,0,0,0,0,0,0
180558,1,1,0,0,0,0,0,0,0,0,0,0
180558,2,1,0,0,0,0,0,0,0,0,0,0
180559,1,1,0,0,0,0,0,0,0,0,0,0
180559,2,1,0,0,0,0,0,0,0,0,0,0
180560,1,1,0,0,0,0,0,0,0,0,0,0
180560,2,1,0,0,14,0,0,0,0,0,0,0
180560,3,1,0,0,0,0,0,0,0,0,0,0
180561,1,1,0,0,0,0,16,0,0,1,2,0
180562,1,1,0,0,0,0,0,0,19,0,0,0
180562,2,1,0,0,0,0,0,0,0,0,0,0
180563,1,1,20,20,20,20,20,20,20,20,20,20
180564,1,1,17,0,0,0,0,0,0,16,0,0
180564,2,1,0,0,0,0,0,0,0,0,0,0
180565,1,1,0,0,0,0,0,0,0,0,7,0
180565,2,1,0,0,0,0,0,0,0,0,0,0
180566,1,1,20,20,20,20,20,20,20,20,20,20
180566,2,1,5,5,5,5,5,5,5,5,5,5
180567,0,1,0,0,19,0,0,0,0,0,0,26
180567,1,1,10,10,10,10,10,10,10,10,10,10
180568,1,1,0,0,0,0,0,0,0,13,0,0
180568,2,1,0,0,27,0,0,0,0,0,0,0
180569,1,1,2,2,2,2,2,2,2,2,2,2
180570,1,1,0,0,0,10,0,0,0,21,0,0
180570,2,1,0,0,0,0,0,0,0,0,0,0
180571,1,1,0,0,0,0,18,0,0,0,0,0
180572,1,1,0,0,0,0,0,0,11,0,0,0
180572,2,1,0,0,0,0,0,0,0,0,0,0
180573,1,1,19,0,34,22,0,20,0,0,0,0
180573,2,1,0,0,4,0,28,33,0,0,0,0
180574,1,1,0,0,0,0,0,0,0,0,0,0
180575,1,1,15,0,0,0,0,0,0,18,8,14
180575,2,1,0,0,0,0,0,0,0,0,0,0
180575,3,1,0,0,0,0,5,0,3,0,0,0
180576,0,1,0,0,0,0,0,0,0,0,31,19
180576,1,1,0,0,0,0,0,0,0,0,0,0
180577,1,1,0,0,0,0,0,0,0,0,14,0
180578,1,1,19,0,0,0,0,0,0,0,14,0
180580,1,1,0,24,6,0,18,14,0,51,12,11
180581,1,1,0,0,0,0,0,0,0,11,0,0
180582,1,1,0,14,17,0,0,4,7,19,0,0
180583,1,1,9,12,0,0,0,0,0,0,0,0
180583,2,1,0,0,0,0,0,0,0,0,0,0
180583,3,1,0,0,0,0,0,0,0,0,0,0
180584,1,1,16,19,0,0,0,0,0,9,11,0
180586,1,1,14,0,0,0,0,0,0,0,0,0
180586,2,1,17,0,0,0,0,0,13,0,0,0
180587,1,1,0,0,0,0,0,0,0,0,0,0
180588,1,1,0,0,0,0,0,0,0,0,0,8
180590,1,1,0,0,0,0,0,15,0,0,0,0
180590,2,1,0,0,0,0,0,0,0,0,0,0
180591,1,1,0,0,0,0,0,0,0,0,0,0
180592,1,1,0,0,0,0,0,0,0,0,0,0
180592,2,1,0,0,0,0,0,0,0,0,0,0
180593,0,1,13,0,0,0,0,5,0,0,0,0
180593,1,1,1,1,1,1,1,1,1,1,1,1
180594,0,1,25,25,25,25,25,25,25,25,25,25
180594,1,1,0,0,0,0,0,0,0,0,0,0
180595,1,1,0,0,0,0,0,0,0,0,0,0
180595,2,1,0,0,0,0,0,0,0,0,0,0
180595,3,1,0,0,0,17,0,0,0,0,20,0
180595,4,1,0,0,0,0,0,0,0,0,0,0
180596,1,1,0,0,18,4,23,0,10,7,14,26
180597,1,1,0,0,0,0,0,0,0,0,0,0
180597,2,1,0,0,0,0,6,0,0,0,0,0
180597,3,1,0,0,0,0,0,0,0,0,0,20
180598,1,1,0,0,0,0,0,0,12,0,0,0
180598,2,1,0,0,0,0,0,0,0,0,0,0
180599,1,1,7,7,7,7,7,7,7,7,7,7
180600,1,1,25,25,25,25,25,25,25,25,25,25
180601,1,1,0,14,0,0,19,23,20,16,4,17
180602,1,1,15,25,42,19,21,31,23,7,8,12
180603,1,1,17,17,17,17,17,17,17,17,17,17
180603,2,1,0,0,0,0,0,0,0,0,0,0
180604,1,1,0,0,0,0,17,13,0,0,14,0
180604,2,1,0,0,0,0,0,0,0,0,0,0
180605,1,1,0,0,0,0,0,0,0,0,0,0
180605,2,1,0,0,0,0,0,0,0,0,0,0
180606,0,1,0,0,0,0,0,0,0,0,0,0
180606,1,1,0,0,0,0,0,0,0,0,0,0
180607,1,1,10,0,0,16,0,0,8,0,0,12
180607,2,1,0,0,0,23,0,0,0,16,0,20
180608,1,1,32,32,32,32,32,32,32,32,32,32
180609,1,1,0,0,0,0,0,0,0,0,0,0
180610,1,1,0,0,0,0,0,0,0,0,0,0
180610,2,1,0,0,0,0,0,0,0,0,0,0
180611,1,1,27,0,18,0,23,25,0,21,0,24
180612,1,1,20,20,20,20,20,20,20,20,20,20
180613,1,1,0,0,0,0,0,0,0,0,0,0
180613,2,1,0,0,0,0,0,0,0,0,0,0
180614,1,1,20,0,0,0,0,23,0,23,0,10
180614,2,1,0,0,0,0,0,0,0,0,0,0
180615,1,1,0,0,0,0,0,0,0,0,0,0
180616,1,1,0,0,16,0,0,0,13,0,0,0
180616,2,1,0,0,0,0,0,0,5,13,0,0
180617,1,1,0,0,0,12,15,13,0,0,13,0
180617,2,1,0,0,0,0,4,0,0,0,0,0
180618,1,1,0,0,0,0,0,0,0,0,0,0
180619,1,1,4,4,4,4,4,4,4,4,4,4
180620,1,1,0,0,0,0,0,0,0,0,0,0
180620,2,1,0,0,18,0,0,0,0,0,0,0
180621,1,1,0,15,5,0,40,25,0,0,0,0
180622,1,1,0,0,0,0,0,0,0,0,0,30
180623,1,1,0,0,0,0,0,0,0,0,0,0
180624,1,1,19,4,18,0,0,29,0,0,0,22
180627,0,1,0,0,0,0,0,0,0,0,0,0
180627,1,1,0,0,0,0,0,0,0,0,0,0
180627,2,1,0,0,0,0,0,0,0,0,0,0
180628,1,1,0,0,0,0,0,0,0,0,0,0
180628,2,1,0,0,0,0,0,0,0,0,0,0
180629,1,1,17,0,0,30,0,0,18,0,0,0
180630,0,1,0,0,0,0,10,0,0,0,0,0
180630,1,1,37,0,0,0,0,0,0,0,0,0
180631,1,1,19,0,0,0,0,0,7,0,0,0
180632,1,1,5,0,0,0,0,0,0,0,0,0
180632,2,1,0,0,0,0,0,0,0,0,0,0
180632,3,1,0,0,0,0,0,0,0,0,0,0
180633,1,1,13,13,13,13,13,13,13,13,13,13
180634,0,1,0,0,0,12,0,0,0,0,0,0
180634,1,1,0,0,0,0,0,0,0,0,0,0
180635,1,1,14,14,14,14,14,14,14,14,14,14
180635,2,1,0,0,0,0,0,0,0,0,0,0
180636,1,1,13,13,13,13,13,13,13,13,13,13
180637,1,1,13,0,0,10,15,13,2,0,8,0
180638,1,1,0,0,0,0,0,0,0,0,0,0
180638,2,1,0,0,0,0,0,0,0,0,0,0
180639,1,1,0,0,0,0,0,0,0,0,0,0
180639,2,1,0,0,0,0,0,0,0,0,0,0
180640,1,1,0,0,0,0,0,0,0,0,0,0
180640,2,1,0,0,0,0,0,0,0,0,0,0
180641,1,1,0,0,0,0,0,0,0,0,0,0
180641,2,1,0,0,0,0,0,0,0,0,0,0
180642,1,1,0,0,0,0,0,0,0,0,0,0
180643,1,1,0,0,0,0,0,0,0,32,14,0
180643,2,1,0,0,0,0,0,0,0,0,0,0
180644,1,1,0,0,16,57,0,17,0,20,6,19
180645,0,1,0,0,0,0,0,0,0,0,0,0
180645,1,1,0,0,0,0,0,0,0,0,0,0
180646,1,1,21,21,21,21,21,21,21,21,21,21
180647,1,1,0,0,0,0,0,0,0,0,0,0
180647,2,1,0,0,0,0,0,0,0,0,0,0
180648,1,1,5,20,25,16,0,0,0,31,0,17
180649,1,1,19,31,34,14,13,4,5,19,20,9
180650,1,1,12,12,12,12,12,12,12,12,12,12
180650,2,1,0,0,0,0,0,0,0,0,0,0
180652,1,1,0,0,0,0,0,0,0,0,0,0
180652,2,1,0,0,0,0,0,0,0,0,0,0
180653,1,1,0,0,0,0,0,0,0,0,0,0
180653,2,1,0,0,0,0,0,0,0,0,0,0
180654,1,1,11,8,4,0,0,8,19,0,29,23
180655,1,1,0,0,0,0,0,0,0,0,0,0
180656,1,1,14,14,14,14,14,14,14,14,14,14
180657,1,1,0,0,26,0,0,0,0,13,16,0
180657,2,1,0,0,0,0,0,0,0,0,0,0
180658,0,1,0,0,0,0,0,0,16,0,0,0
180658,1,1,13,11,11,34,14,9,10,10,8,21
180659,1,1,0,0,0,0,0,0,0,0,0,0
180659,2,1,0,0,0,0,0,0,0,0,0,0
180659,3,1,0,0,0,0,0,0,0,0,0,0
180660,1,1,0,17,0,0,13,0,0,0,0,7
180660,2,1,0,0,0,0,0,0,0,0,0,0
180661,0,1,23,23,23,23,23,23,23,23,23,23
180661,0,2,0,0,0,0,18,11,0,15,0,10
180661,1,1,0,0,0,0,0,8,0,0,14,17
180662,1,1,7,0,0,0,14,0,21,0,0,0
180662,2,1,13,0,0,13,0,0,0,0,0,0
180663,1,1,0,0,0,0,0,0,24,0,0,0
180664,1,1,30,0,0,14,0,0,0,0,12,0
180665,1,1,0,0,0,0,0,0,0,0,0,0
180665,2,1,0,0,17,0,0,8,0,0,4,0
180666,0,1,0,0,0,0,0,0,0,0,0,0
180666,1,1,0,0,0,0,0,0,0,0,0,0
180667,0,1,0,0,20,0,0,0,0,0,21,0
180667,1,1,0,0,0,0,0,0,23,0,0,0
180668,1,1,0,0,0,0,0,0,0,0,0,0
180668,2,1,0,0,0,0,0,0,0,0,0,0
180669,1,1,0,19,0,0,5,0,26,17,5,20
180670,1,1,0,0,0,0,32,0,0,0,14,0
180671,1,1,0,0,0,0,0,0,0,0,0,0
180671,2,1,0,0,0,0,0,0,0,0,0,0
180671,3,1,0,0,0,0,0,0,0,0,6,13
180671,4,1,0,0,14,0,0,0,0,0,0,0
180672,0,1,19,16,27,0,0,0,15,0,0,0
180672,1,1,0,0,0,0,0,0,0,0,0,0
180673,1,1,0,0,0,0,0,0,0,0,0,0
180673,2,1,0,0,15,0,0,0,0,0,0,0
180674,1,1,0,0,0,0,0,19,14,0,9,0
180675,1,1,0,0,0,0,0,20,0,0,0,0
180675,2,1,0,0,0,0,0,0,0,0,0,0
180676,1,1,17,17,17,17,17,17,17,17,17,17
180677,1,1,0,0,0,0,0,0,0,0,0,15
180677,2,1,0,0,0,0,0,0,0,0,0,0
180678,1,1,0,0,0,0,0,0,0,0,0,0
180678,2,1,16,16,16,16,16,16,16,16,16,16
180679,0,1,0,0,0,0,0,0,0,0,0,0
180679,1,1,0,0,0,0,0,0,0,0,0,0
180680,1,1,0,0,0,0,0,0,0,24,0,0
180680,2,1,0,0,0,0,0,0,0,0,0,0
180680,3,1,0,0,0,0,0,0,0,0,0,0
180681,1,1,15,20,15,0,0,0,0,0,39,31
180682,1,1,0,0,42,0,0,0,0,0,0,0
180682,2,1,0,0,0,0,0,0,0,0,0,0
180683,1,1,0,0,0,0,0,0,0,0,0,0
180684,0,1,0,0,18,20,0,0,0,5,0,12
180684,1,1,0,0,7,14,9,5,0,19,15,21
180685,1,1,0,0,0,0,0,0,0,0,0,0
180685,2,1,0,0,0,0,0,0,0,22,0,0
180686,1,1,0,0,0,0,0,0,0,0,0,0
180686,2,1,0,0,0,0,0,0,0,0,0,0
180687,1,1,0,0,0,0,0,0,0,0,0,0
180687,2,1,19,19,19,19,19,19,19,19,19,19
180688,1,1,0,0,0,0,0,0,0,0,0,0
180688,2,1,0,10,0,0,0,0,0,0,0,0
180689,0,1,19,19,19,19,19,19,19,19,19,19
180689,1,1,0,0,0,0,0,0,0,0,0,0
180690,1,1,15,16,15,26,10,12,11,29,17,20
180690,2,1,0,0,0,18,0,0,0,0,0,0