ST_CASE,VEH_NO,PER_NO,P1,P2,P3,P4,P5,P6,P7,P8,P9,P10
180690,3,1,3,3,3,3,3,3,3,3,3,3
180691,0,1,0,18,0,0,25,0,0,0,0,0
180691,1,1,0,0,15,48,16,25,0,0,0,0
180692,1,1,0,0,0,0,0,0,0,0,0,0
180692,2,1,0,0,0,0,0,0,0,0,0,0
180693,1,1,0,0,0,0,0,0,0,0,0,0
180693,2,1,0,0,0,0,0,0,0,0,0,0
180694,1,1,0,0,0,0,0,0,0,0,0,0
180695,1,1,0,0,0,0,0,0,14,0,0,0
180695,2,1,0,0,0,0,9,0,0,0,0,0
180696,1,1,0,0,0,0,0,0,0,0,0,0
180697,1,1,0,0,0,0,0,0,0,0,22,24
180697,2,1,0,0,0,0,0,21,0,0,0,0
180698,1,1,0,0,0,0,0,0,0,0,0,0
180699,1,1,0,0,0,0,0,0,0,0,0,0
180699,2,1,0,23,0,0,0,0,0,0,0,13
180700,1,1,0,0,0,0,0,0,0,0,0,0
180701,1,1,0,0,0,0,0,0,0,0,0,0
180701,2,1,4,27,0,0,0,15,0,0,0,7
180702,1,1,29,19,17,30,36,30,25,25,14,0
180703,1,1,0,0,0,0,0,0,0,0,0,17
180703,2,1,0,0,0,0,0,0,0,0,0,0
180704,0,1,0,0,0,0,0,0,0,0,0,0
180704,1,1,0,0,0,0,0,0,16,0,0,0
180705,1,1,24,24,24,24,24,24,24,24,24,24
180706,1,1,7,7,7,7,7,7,7,7,7,7
180707,1,1,0,0,0,0,0,0,0,0,0,0
180708,1,1,0,0,8,0,21,0,0,0,0,11
180710,1,1,26,23,0,0,0,0,0,32,0,34
180711,1,1,0,0,0,0,0,0,0,0,0,0
180711,2,1,0,0,0,0,0,0,0,0,0,0
180712,1,1,0,0,6,0,11,29,0,0,0,0
180713,1,1,0,0,0,0,0,0,0,0,0,16
180713,2,1,0,0,0,0,3,0,0,0,0,0
180714,1,1,0,0,0,0,0,0,0,24,0,0
180715,1,1,0,0,6,0,21,27,16,0,0,25
180716,1,1,0,0,19,0,0,0,0,0,0,17
180716,2,1,0,0,0,0,0,0,0,0,0,0
180717,1,1,3,3,3,3,3,3,3,3,3,3
180717,2,1,0,0,0,0,0,0,0,0,0,0
180718,1,1,0,0,0,0,26,0,0,0,2,0
180719,1,1,17,23,2,12,0,0,11,34,17,0
180720,1,1,0,16,0,5,3,0,20,37,18,0
180720,2,1,0,0,0,0,0,0,0,0,0,0
180721,1,1,7,11,24,22,21,26,24,2,19,32
180722,1,1,0,0,0,0,0,0,0,0,9,0
180722,2,1,0,0,0,0,0,0,0,0,9,0
180722,3,1,0,0,0,0,0,0,0,0,0,0
180723,1,1,11,31,15,0,21,23,5,14,11,12
180723,2,1,0,0,0,0,0,13,0,0,0,0
180724,1,1,25,0,0,0,0,0,0,0,0,21
180725,1,1,0,0,0,0,0,33,0,0,0,0
180726,1,1,0,0,0,0,0,0,0,0,0,0
180726,2,1,0,13,0,0,0,0,0,0,0,0
180727,1,1,14,0,0,0,0,0,0,0,0,0
180728,1,1,0,17,3,10,27,0,10,5,0,0
180729,1,1,0,0,0,0,0,0,0,0,0,0
180730,1,1,21,21,21,21,21,21,21,21,21,21
180731,1,1,0,0,0,0,0,0,0,0,0,0
180731,2,1,0,0,0,0,0,0,19,0,0,0
180732,1,1,15,16,17,0,16,0,0,22,16,26
180733,1,1,7,20,0,10,0,0,6,0,0,0
180733,2,1,0,0,0,0,0,0,0,0,0,0
180733,3,1,2,0,0,0,0,0,0,0,0,0
180734,1,1,0,0,8,0,0,0,0,18,0,0
180734,2,1,0,0,0,0,0,0,0,0,0,0
180735,1,1,0,0,0,0,26,0,0,19,0,0
180735,2,1,0,0,0,0,0,0,0,0,0,0
180736,1,1,0,0,0,0,0,0,0,0,0,0
180737,1,1,0,0,0,0,0,0,0,0,0,0
180738,1,1,29,0,0,0,8,0,0,0,0,2
180739,1,1,21,21,21,21,21,21,21,21,21,21
180740,1,1,17,11,21,0,0,20,0,0,0,0
180741,1,1,0,0,0,0,0,27,0,0,0,0
180741,2,1,0,0,0,0,0,0,0,0,0,0
180742,1,1,0,0,0,0,0,0,12,0,0,0
180744,1,1,0,31,0,0,0,0,0,0,0,11
180744,2,1,0,0,0,0,0,0,0,0,0,0
180744,3,1,0,0,0,0,0,0,0,0,0,0
180745,1,1,0,0,0,0,0,0,0,0,0,0
180745,2,1,0,0,0,0,0,0,0,0,0,0
180746,1,1,0,0,0,0,0,0,0,17,0,4
180747,1,1,0,0,0,0,0,0,0,0,0,0
180747,2,1,0,0,0,0,0,0,0,0,0,0
180748,0,1,0,0,0,0,0,0,0,0,0,0
180748,1,1,0,0,0,0,0,0,0,0,0,0
180749,1,1,0,0,0,0,0,11,0,0,0,0
180749,2,1,0,0,0,8,0,0,0,0,0,0
180750,1,1,11,11,11,11,11,11,11,11,11,11
180750,2,1,0,0,0,0,0,0,0,0,0,0
180751,1,1,29,15,8,25,11,15,9,19,21,17
180752,1,1,0,0,0,0,0,0,0,0,0,0
180752,2,1,0,0,0,0,0,0,0,0,0,0
180753,0,1,23,23,23,23,23,23,23,23,23,23
180753,1,1,0,0,0,0,0,0,0,0,0,23
180754,1,1,9,9,9,9,9,9,9,9,9,9
180755,0,1,0,0,0,0,0,0,0,0,0,0
180755,1,1,0,0,0,0,0,0,0,0,0,0
180756,1,1,0,0,0,0,0,0,0,0,0,0
180756,2,1,0,0,0,0,0,0,0,0,0,0
180757,0,1,20,20,20,20,20,20,20,20,20,20
180757,1,1,0,0,15,0,15,0,0,0,22,22
180758,1,1,0,0,0,0,0,0,0,0,0,0
180758,2,1,0,0,9,0,0,0,0,0,0,0
180758,3,1,0,0,0,0,0,0,0,0,0,0
180758,4,1,0,0,0,0,0,16,0,0,0,0
180759,0,1,7,7,7,7,7,7,7,7,7,7
180759,1,1,0,0,0,0,0,0,0,0,0,0
180760,1,1,18,18,18,18,18,18,18,18,18,18
180761,1,1,5,0,0,0,0,0,0,0,0,0
180762,1,1,0,0,0,0,0,0,0,0,0,0
180762,2,1,0,0,0,0,0,0,0,0,0,0
180763,1,1,0,0,0,0,5,0,0,0,0,0
180763,2,1,0,0,14,0,0,0,0,0,13,23
180764,1,1,17,17,17,17,17,17,17,17,17,17
180764,2,1,0,0,0,0,0,0,0,0,0,0
180765,0,1,0,0,0,0,0,0,13,13,15,0
180765,1,1,18,18,18,18,18,18,18,18,18,18
180765,2,1,0,0,0,0,0,0,14,18,0,0
180766,1,1,0,0,0,0,0,0,0,0,0,0
180766,2,1,0,0,0,0,0,0,0,0,0,0
180767,1,1,21,21,21,21,21,21,21,21,21,21
180768,1,1,0,0,0,0,0,0,0,0,0,0
180768,2,1,0,0,15,13,0,0,19,7,0,0
180769,0,1,14,18,0,0,0,27,36,9,0,30
180769,1,1,0,0,0,0,0,0,5,14,0,0
180770,1,1,0,15,0,0,0,0,0,0,0,0
180771,1,1,15,0,0,0,0,17,2,0,0,0
180771,2,1,0,0,0,0,0,0,0,0,0,0
180772,0,1,17,0,0,0,0,0,6,14,0,9
180772,1,1,0,0,0,0,0,0,0,0,0,0
180773,0,1,0,0,0,0,0,0,0,0,0,0
180773,1,1,0,0,0,0,0,0,0,0,0,0
180774,1,1,0,0,0,0,0,0,0,0,0,0
180774,2,1,0,0,0,0,0,0,0,0,0,0
180774,3,1,0,0,0,0,0,0,0,0,0,0
180775,1,1,23,23,23,23,23,23,23,23,23,23
180775,2,1,0,0,0,0,0,0,0,0,0,0
180776,1,1,15,15,15,15,15,15,15,15,15,15
180777,1,1,0,0,0,0,0,0,0,0,0,0
180778,1,1,0,0,0,0,0,0,0,0,0,0
180778,2,1,0,0,0,0,0,0,0,0,0,0
180779,1,1,0,0,42,0,15,0,0,0,0,0
180779,2,1,0,0,0,0,0,0,0,0,0,0
180780,1,1,0,22,24,9,0,0,0,7,21,33
180781,1,1,0,0,7,0,0,0,0,0,0,0
180782,1,1,0,0,0,0,0,0,0,0,0,0
180782,2,1,0,0,0,0,0,0,0,0,0,0
180784,1,1,0,0,0,0,0,0,6,23,0,0
180784,2,1,10,0,0,0,0,0,0,4,0,0
180785,1,1,0,0,0,0,0,0,0,0,0,0
180785,2,1,15,0,0,0,0,0,0,0,0,0
180786,1,1,6,6,6,6,6,6,6,6,6,6
180786,2,1,0,0,0,0,0,0,0,0,0,0
180787,1,1,0,21,0,0,0,8,0,0,0,0
180788,1,1,0,0,0,0,0,0,0,0,0,0
180788,2,1,0,0,0,0,0,0,0,0,0,0
180788,3,1,0,0,0,0,0,0,0,0,0,0
180788,4,1,0,0,0,0,0,0,0,0,0,0
180789,1,1,19,19,19,19,19,19,19,19,19,19
180790,1,1,0,0,0,34,0,0,0,0,8,0
180791,1,1,0,0,18,0,0,0,0,17,0,0
180792,1,1,10,10,10,10,10,10,10,10,10,10
180793,1,1,0,0,0,0,0,0,0,0,0,0
180793,2,1,0,0,0,0,10,0,0,0,0,0
180794,1,1,6,6,6,6,6,6,6,6,6,6
180795,0,1,0,0,0,0,0,0,0,0,18,0
180795,1,1,0,0,0,0,0,0,0,0,0,0
180797,1,1,0,0,0,0,0,0,0,0,15,0
180797,2,1,0,0,0,0,0,0,0,0,0,0
180798,1,1,0,0,0,0,0,0,0,0,0,0
180798,2,1,0,0,0,0,0,0,0,0,0,0
180799,1,1,0,0,0,0,0,0,0,0,0,0
180799,2,1,0,0,0,0,0,0,0,0,0,0
180799,3,1,0,0,0,0,0,0,0,0,0,0
180799,4,1,0,0,0,0,0,0,0,0,0,0
180799,5,1,0,0,0,0,0,0,0,0,0,0
180800,1,1,0,0,0,0,0,0,0,0,0,0
180800,2,1,0,0,0,0,0,0,0,0,0,0
180801,1,1,23,21,0,17,14,15,24,33,33,8
180802,1,1,0,19,0,0,0,0,17,0,0,0
180803,1,1,34,34,34,34,34,34,34,34,34,34
180804,1,1,0,0,0,0,0,0,0,0,0,0
180804,2,1,0,0,0,0,0,0,0,0,0,0
180805,1,1,6,19,0,0,15,19,0,0,0,0
180806,1,1,19,0,0,29,0,20,10,16,0,0
180807,1,1,21,21,21,21,21,21,21,21,21,21
180807,2,1,0,0,0,0,0,0,0,0,0,0
180808,1,1,11,0,0,7,24,15,21,0,0,0
180808,2,1,12,0,0,0,11,0,0,0,17,0
180809,1,1,0,0,0,0,0,0,0,0,17,0
180809,2,1,0,0,0,0,0,0,0,0,0,0
180810,1,1,0,0,0,0,0,0,0,0,0,0
180810,2,1,0,0,0,0,0,0,0,0,0,0
180811,1,1,0,0,0,0,0,0,0,0,12,0
180811,2,1,0,0,0,0,0,0,0,0,0,0
180812,1,1,0,0,0,0,0,0,0,0,0,0
180812,2,1,0,0,0,10,0,31,0,0,0,0
180813,1,1,0,0,0,0,0,0,0,0,0,0
180813,2,1,0,0,0,0,0,0,0,0,0,0
180814,1,1,0,0,0,0,0,0,0,0,0,0
180815,1,1,0,28,0,17,27,0,0,12,0,0
180815,2,1,0,0,0,0,0,0,0,0,0,0
180816,1,1,0,0,0,0,0,0,0,0,0,0
180816,2,1,0,0,0,0,0,0,0,0,0,0
180817,1,1,0,0,0,0,0,0,0,0,0,0
180817,2,1,0,0,0,0,0,0,0,0,0,0
180818,1,1,0,0,0,16,18,0,0,0,0,0
180819,1,1,0,0,0,0,0,0,0,0,0,0
180820,1,1,0,0,0,0,0,0,0,0,0,0
180820,2,1,0,0,0,0,0,0,0,0,0,0
180820,3,1,0,13,0,0,0,0,0,0,0,0
180821,1,1,0,24,8,7,15,26,22,20,14,12
180822,1,1,0,0,0,0,0,0,0,0,0,0
180822,2,1,0,0,0,0,0,0,0,0,0,0
180823,1,1,0,11,10,12,15,9,34,15,10,8
180824,0,1,0,0,0,0,0,0,0,0,0,0
180824,1,1,0,0,0,0,0,0,0,0,0,0
180825,1,1,0,6,0,13,18,13,15,0,0,14
180826,1,1,0,0,0,0,0,0,0,0,0,0
180826,2,1,0,0,0,0,0,0,0,0,0,0
180827,1,1,0,0,0,0,0,0,0,0,0,0
180827,2,1,0,0,0,0,0,0,0,0,0,0
180828,1,1,0,0,0,10,0,0,34,0,0,33
180829,1,1,0,0,0,9,0,19,0,0,0,0
180830,0,1,0,0,0,0,0,0,0,0,0,26
180830,1,1,0,3,23,0,24,0,9,13,0,23
180831,1,1,0,20,0,26,46,0,10,22,12,0
180832,1,1,0,0,0,0,0,0,0,0,0,0
180832,2,1,0,0,0,0,0,0,0,0,0,0
180833,0,1,0,0,0,0,0,0,0,0,0,0
180833,1,1,0,0,0,0,20,0,20,0,0,0
180834,1,1,0,0,0,0,0,0,0,0,8,0
180834,2,1,0,0,0,0,0,26,5,0,0,0
180835,1,1,11,11,11,11,11,11,11,11,11,11
180835,2,1,0,0,0,0,0,0,0,0,0,0
180836,1,1,0,0,0,0,23,35,0,0,0,0
180837,1,1,16,0,13,35,0,6,0,37,0,0
180838,1,1,0,0,0,0,0,0,0,9,18,26
180839,1,1,0,20,22,0,0,20,0,0,0,0
180840,1,1,0,0,0,12,0,11,0,0,0,0
180841,1,1,13,36,8,0,0,21,27,23,0,21
180842,1,1,16,0,0,0,6,0,0,0,0,22
180842,2,1,0,0,0,0,0,0,0,0,0,0
180843,1,1,16,16,16,16,16,16,16,16,16,16
180844,1,1,0,0,0,0,0,0,0,0,0,0
180844,2,1,0,0,0,0,0,0,0,0,21,0
180845,1,1,0,0,0,0,16,0,0,0,25,0
180846,1,1,19,19,19,19,19,19,19,19,19,19
180847,0,1,0,0,0,0,24,0,0,0,0,0
180847,1,1,0,0,0,0,0,0,0,0,0,0
180848,1,1,0,15,0,0,0,0,0,0,0,0
180849,0,1,0,0,0,0,0,0,0,0,0,0
180849,1,1,14,7,0,16,0,0,0,0,13,0
180850,1,1,0,0,0,6,0,14,0,0,0,14
180850,2,1,0,0,0,0,0,0,0,0,0,0
180851,0,1,20,20,20,20,20,20,20,20,20,20
180851,1,1,0,0,0,27,10,0,0,0,0,0
180852,1,1,0,0,0,0,0,0,0,0,0,0
180852,2,1,0,0,0,0,0,0,0,0,24,0
180853,1,1,0,15,5,0,0,6,0,0,0,0
180853,2,1,0,0,0,0,0,0,0,0,0,0
180854,1,1,42,0,0,0,0,0,0,0,0,0
180855,1,1,0,0,0,0,0,0,0,11,0,10
180856,1,1,0,0,0,0,0,0,0,0,0,0
180857,1,1,0,10,0,0,0,3,0,20,0,18
180858,1,1,0,17,0,0,0,0,0,0,0,0
180859,1,1,26,26,26,26,26,26,26,26,26,26
180860,1,1,34,27,10,6,8,26,0,24,13,8
180860,2,1,0,0,0,0,0,0,0,0,0,0
190001,1,1,20,20,20,20,20,20,20,20,20,20
190002,1,1,12,12,12,12,12,12,12,12,12,12
190003,1,1,0,0,0,0,0,0,0,0,0,0
190004,1,1,0,0,0,0,0,0,0,0,0,0
190005,1,1,24,24,24,24,24,24,24,24,24,24
190005,2,1,0,0,0,0,0,0,0,0,0,0
190006,1,1,0,0,0,0,0,0,0,0,0,0
190006,2,1,0,0,0,0,0,0,0,0,0,0
190007,1,1,16,16,16,16,16,16,16,16,16,16
190008,1,1,0,0,0,0,0,0,0,0,0,0
190008,2,1,0,0,0,0,0,0,0,0,0,0
190008,3,1,0,0,0,0,0,0,19,0,0,0
190009,1,1,0,0,0,0,0,0,27,0,0,0
190009,2,1,0,0,0,0,0,0,0,0,0,0
190010,1,1,0,0,0,0,0,0,0,0,0,0
190010,2,1,0,0,0,0,0,0,0,0,0,0
190011,1,1,10,10,10,10,10,10,10,10,10,10
190012,1,1,0,0,0,0,0,0,0,0,0,0
190013,1,1,16,16,16,16,16,16,16,16,16,16
190014,1,1,0,0,0,0,0,0,0,0,0,0
190014,2,1,0,0,0,0,0,0,0,0,0,0
190015,1,1,0,0,0,0,0,0,0,0,0,0
190015,2,1,0,0,0,0,0,0,0,0,0,0
190016,1,1,0,0,0,0,0,0,0,0,0,0
190016,2,1,0,0,0,0,0,0,0,0,0,0
190017,1,1,7,7,7,7,7,7,7,7,7,7
190018,0,1,17,0,0,0,0,29,0,0,0,0
190018,1,1,0,0,0,0,0,0,0,0,0,0
190019,1,1,0,0,0,0,0,0,0,0,0,0
190019,2,1,0,0,0,0,0,0,0,0,0,0
190019,3,1,0,0,0,0,0,0,0,0,0,0
190020,0,1,0,0,0,0,0,0,0,0,0,0
190020,1,1,0,0,0,0,0,0,0,0,0,0
190021,1,1,0,0,0,0,0,0,0,0,0,0
190021,2,1,0,0,0,0,0,0,0,0,0,0
190022,1,1,0,0,0,0,0,0,0,0,0,0
190023,1,1,0,24,26,18,12,0,0,0,0,0
190024,1,1,0,0,0,0,0,0,0,0,0,0
190025,1,1,0,0,0,0,0,0,0,0,0,0
190026,1,1,0,0,0,0,0,0,19,0,0,0
190026,2,1,0,0,0,0,0,0,0,0,0,0
190027,1,1,13,13,13,13,13,13,13,13,13,13
190027,2,1,0,0,0,7,0,0,0,0,0,0
190027,3,1,0,0,0,0,0,0,0,0,0,0
190028,1,1,15,15,15,15,15,15,15,15,15,15
190029,1,1,0,0,0,0,0,5,0,0,0,0
190029,2,1,4,4,4,4,4,4,4,4,4,4
190030,1,1,0,0,0,0,0,0,0,0,0,0
190032,1,1,0,0,0,0,0,0,0,0,0,0
190033,0,1,16,16,16,16,16,16,16,16,16,16
190033,1,1,8,0,0,0,0,41,0,0,0,27
190034,1,1,0,0,0,0,0,0,0,0,0,0
190035,1,1,0,0,0,0,0,0,0,0,22,0
190036,1,1,0,0,0,0,0,0,0,0,0,0
190036,2,1,0,0,0,0,0,0,0,0,0,0
190037,1,1,0,0,0,0,0,0,0,0,0,0
190037,2,1,0,0,0,0,0,0,0,0,0,0
190037,3,1,0,0,0,0,0,0,0,0,0,0
190038,1,1,0,0,0,0,0,0,0,0,0,0
190038,2,1,0,0,0,0,0,0,0,0,0,0
190039,1,1,0,0,0,0,0,0,0,0,0,0
190039,2,1,0,0,0,0,0,13,0,0,0,0
190040,1,3,19,16,21,28,0,0,0,0,23,20
190041,1,1,13,0,9,17,0,0,0,0,0,0
190042,1,1,0,0,0,0,0,0,0,0,0,0
190042,2,1,0,0,0,0,0,0,0,0,0,0
190043,1,1,0,0,0,0,0,0,0,0,0,0
190043,2,1,0,0,0,0,0,11,0,0,0,0
190044,1,1,8,8,8,8,8,8,8,8,8,8
190045,1,1,0,0,0,0,0,0,0,0,0,0
190045,2,1,0,0,0,0,0,5,0,0,0,0
190046,0,1,1,17,0,6,0,0,0,0,0,0
190046,1,1,0,22,0,0,0,0,0,0,0,0
190047,1,1,0,0,0,0,0,0,0,0,0,0
190047,2,1,0,0,0,0,0,0,0,0,0,0
190048,1,1,0,0,0,0,0,0,0,0,0,0
190048,3,1,0,0,0,0,0,0,0,0,0,0
190049,1,1,0,7,0,0,0,0,18,0,0,0
190050,1,1,0,0,0,0,0,0,0,0,0,16
190050,2,1,0,0,0,0,0,0,0,0,0,0
190051,1,1,0,0,0,0,0,0,0,0,0,0
190051,2,1,0,0,0,0,0,0,0,0,0,0
190052,1,1,0,0,0,0,0,0,0,0,0,0
190053,1,1,0,0,0,0,0,0,0,0,0,0
190054,1,1,0,0,0,0,0,15,0,0,0,18
190055,1,1,0,0,0,0,11,0,0,0,0,0
190056,0,1,0,0,0,12,0,30,23,0,33,12
190056,1,1,0,12,0,0,0,0,0,9,0,0
190056,2,1,0,0,0,0,0,0,0,0,0,0
190057,1,1,0,0,0,0,0,14,0,0,0,0
190057,2,1,0,0,0,0,0,0,0,0,0,0
190058,1,1,0,0,0,0,0,0,0,0,0,0
190058,2,1,0,0,0,0,0,0,0,0,0,0
190059,1,1,0,0,20,0,11,0,16,0,0,0
190060,1,1,0,0,0,0,0,0,0,0,0,0
190060,2,1,0,0,0,0,0,0,0,0,0,0
190060,3,1,0,0,0,0,0,0,0,0,0,0
190061,1,1,0,0,0,0,0,0,0,0,0,0
190061,2,1,0,0,0,0,0,0,0,0,0,0
190062,1,1,0,0,0,0,0,0,0,0,0,0
190063,1,1,0,0,0,0,0,0,0,0,0,0
190063,2,1,0,0,0,0,0,0,0,0,0,0
190064,1,1,0,0,0,0,0,0,0,0,0,0
190065,1,1,0,9,0,0,0,0,0,0,0,0
190065,2,1,14,14,14,14,14,14,14,14,14,14
190066,1,1,7,7,7,7,7,7,7,7,7,7
190066,2,1,0,0,0,0,0,0,0,0,0,0
190067,0,1,25,25,25,25,25,25,25,25,25,25
190067,1,1,0,0,0,0,0,0,0,0,0,0
190068,1,1,0,0,6,0,0,0,0,0,0,0
190069,1,1,0,0,0,0,0,0,0,0,0,0
190069,2,1,0,0,0,0,0,0,0,0,0,0
190070,1,1,0,0,0,0,0,0,0,0,0,0
190070,2,1,0,0,0,0,0,0,0,0,0,0
190071,1,1,0,24,0,0,0,0,0,0,0,0
190071,2,1,0,0,0,0,0,0,0,0,0,19
190072,1,1,0,0,18,0,0,8,0,0,0,32
190073,0,1,0,0,0,0,0,0,0,0,0,0
190073,1,1,0,0,0,5,0,0,0,0,0,0
190074,1,1,0,0,0,0,0,0,0,0,0,0
190074,2,1,0,0,0,0,0,0,0,0,0,0
190075,1,1,0,0,0,0,0,0,0,0,0,0
190075,2,1,0,0,0,0,0,0,0,0,0,0
190076,1,1,0,0,0,0,0,0,0,0,0,0
190076,2,1,0,0,0,0,0,0,0,0,0,0
190077,1,1,28,28,28,28,28,28,28,28,28,28
190078,1,1,0,8,0,0,0,0,0,0,0,0
190078,2,1,0,0,0,0,0,0,0,0,0,0
190081,1,1,0,30,0,0,11,0,21,17,0,13
190082,1,1,0,0,0,0,0,0,0,0,10,0
190082,2,1,0,0,0,0,0,0,0,0,0,0
190083,1,1,0,0,0,0,0,0,0,0,0,0
190084,1,1,20,20,20,20,20,20,20,20,20,20
190085,1,1,0,0,0,0,0,0,0,0,0,0
190086,1,1,20,20,20,20,20,20,20,20,20,20
190086,2,1,0,0,0,0,0,0,0,0,0,0
190087,1,1,8,20,0,26,0,28,21,13,29,0
190088,1,1,0,0,0,0,0,0,0,0,0,0
190089,0,1,0,0,0,0,0,0,0,0,0,0
190089,1,1,0,0,0,0,0,0,0,0,0,0
190090,1,1,0,13,29,19,0,0,0,7,0,0
190091,1,1,0,0,0,0,0,0,0,0,0,0
190091,2,1,11,11,11,11,11,11,11,11,11,11
190092,1,1,0,0,0,0,0,0,0,0,0,0
190092,2,1,0,0,0,0,0,0,0,0,0,0
190093,1,1,0,0,0,0,0,0,0,0,0,0
190094,1,1,0,0,0,0,10,0,0,17,0,0
190095,1,1,0,0,0,0,0,0,0,0,0,0
190096,1,1,8,8,8,8,8,8,8,8,8,8
190097,1,1,15,15,15,15,15,15,15,15,15,15
190098,1,1,0,0,0,0,0,0,0,0,0,0
190099,1,1,0,0,0,0,0,0,0,0,0,0
190099,2,1,0,0,0,0,0,0,0,0,0,0
190100,1,1,0,0,0,0,0,0,0,0,0,0
190100,2,1,0,0,0,0,0,0,0,0,0,0
190100,3,1,0,0,0,0,0,0,0,0,0,0
190101,1,1,0,0,0,0,0,0,0,0,0,0
190101,2,1,0,0,0,0,0,0,0,0,0,0
190104,1,1,21,0,0,0,0,27,0,0,0,0
190105,1,1,0,0,0,0,0,0,0,0,0,0
190105,2,1,14,14,14,14,14,14,14,14,14,14
190106,1,1,0,0,0,0,0,0,0,0,0,0
190106,2,1,0,0,0,0,0,0,0,0,0,0
190107,1,1,0,0,0,0,0,0,0,0,0,0
190108,1,1,0,0,0,0,0,0,0,0,0,0
190108,2,1,0,0,0,0,0,0,0,0,0,0
190109,0,1,0,0,0,0,0,0,0,0,0,0
190109,1,1,0,0,0,0,0,0,0,0,0,0
190110,1,1,0,0,0,0,0,0,0,0,0,0
190110,2,1,0,0,0,0,0,0,0,0,0,0
190111,1,1,0,0,0,0,0,0,0,0,0,0
190112,1,1,0,0,0,0,0,0,0,0,0,0
190113,1,1,0,0,0,0,0,0,0,0,0,0
190113,2,1,0,0,0,0,0,0,0,0,0,0
190114,1,1,0,0,0,0,0,0,0,0,0,0
190114,2,1,0,0,0,0,0,0,0,0,0,0
190115,1,1,18,18,18,18,18,18,18,18,18,18
190115,2,1,0,0,0,0,0,0,0,0,0,0
190116,1,1,0,0,0,0,0,0,0,0,0,0
190117,1,1,0,0,0,0,0,0,0,0,0,0
190117,2,1,0,0,0,0,0,0,0,0,0,0
190117,3,1,0,0,0,0,0,0,0,0,0,0
190117,4,1,0,0,0,0,0,0,0,0,0,0
190118,0,1,0,0,0,0,0,0,0,0,0,0
190118,1,1,0,0,0,0,0,0,0,0,0,0
190119,2,1,0,0,0,0,0,0,0,0,0,0
190120,1,1,0,0,0,0,0,0,0,0,0,0
190120,2,1,0,0,0,0,0,0,0,0,0,0
190121,1,1,12,12,12,12,12,12,12,12,12,12
190122,1,1,0,0,21,0,0,29,10,0,12,0
190123,1,1,0,0,0,0,0,0,0,0,0,0
190124,1,1,0,0,0,0,0,0,0,0,0,0
190124,2,1,0,0,0,0,0,0,0,0,0,0
190125,1,1,0,0,0,0,0,0,0,0,0,0
190127,1,1,0,0,0,10,0,0,0,0,0,0
190127,2,1,0,0,30,0,0,0,0,0,0,0
190127,3,1,0,0,0,0,0,0,0,0,0,0
190128,1,1,0,0,0,0,0,0,0,0,0,0
190128,2,1,0,0,0,0,0,0,0,0,0,0
190129,1,1,0,0,0,0,0,0,0,0,0,0
190129,2,1,0,0,0,0,0,0,0,0,0,0
190130,1,1,0,0,18,0,0,33,0,19,0,0
190131,1,1,0,0,0,0,0,0,0,0,24,0
190132,1,1,38,38,38,38,38,38,38,38,38,38
190133,1,1,17,17,17,17,17,17,17,17,17,17
190134,1,1,0,0,0,0,0,0,0,0,0,0
190135,1,1,12,12,12,12,12,12,12,12,12,12
190136,1,1,13,13,13,13,13,13,13,13,13,13
190136,2,1,0,0,9,0,0,0,0,0,0,0
190138,1,1,0,0,0,0,0,0,0,0,0,0
190138,2,1,0,0,0,0,0,0,0,0,0,0
190139,1,1,2,2,2,2,2,2,2,2,2,2
190140,1,1,20,0,0,33,0,14,0,0,0,16
190141,1,1,0,0,0,0,0,0,0,0,0,0
190142,1,1,0,0,0,0,0,18,0,19,7,10
190143,1,1,0,0,0,0,0,0,0,0,0,0
190144,1,1,11,11,11,11,11,11,11,11,11,11
190144,2,1,0,0,0,0,0,0,0,0,0,0
190145,1,1,0,0,15,0,0,0,0,0,0,0
190146,1,1,0,0,0,0,0,0,0,0,0,0
190146,2,1,0,0,0,0,0,0,0,0,0,0
190147,1,1,0,0,0,0,0,0,9,0,0,0
190147,2,1,19,0,0,17,0,0,0,0,0,0
190148,1,1,0,0,0,0,0,0,0,0,0,0
190149,1,1,6,6,6,6,6,6,6,6,6,6
190149,2,1,0,28,30,0,0,0,0,0,0,0
190150,0,1,0,0,0,0,0,0,0,0,0,0
190150,1,1,0,0,0,0,0,0,0,0,0,0
190151,1,1,21,21,21,21,21,21,21,21,21,21
190151,2,1,0,0,0,0,0,0,0,0,0,0
190152,1,1,0,0,0,0,0,0,16,0,14,0
190153,1,1,0,0,0,0,0,0,0,0,0,0
190154,1,1,0,0,0,0,0,0,0,0,0,0
190154,2,1,0,0,0,0,0,0,0,0,0,0
190155,1,1,0,0,0,0,0,0,0,0,0,0
190155,2,1,0,0,0,8,0,0,0,0,0,0
190155,3,1,0,0,34,0,0,0,0,10,0,0
190156,1,1,0,0,0,0,0,0,0,0,0,0
190156,2,1,0,0,0,0,0,0,0,0,0,0
190157,1,1,0,0,0,0,0,0,0,0,0,0
190158,0,1,0,0,0,0,17,26,0,0,34,9
190158,1,1,0,0,0,0,0,0,0,0,0,0
190159,1,1,0,0,0,0,0,0,0,0,0,0
190159,2,1,0,0,0,0,0,0,0,0,0,0
190160,1,1,0,0,0,0,0,0,0,0,23,0
190161,1,1,0,19,7,0,4,6,0,29,13,0
190161,2,1,0,0,0,0,0,0,0,0,0,0
190162,1,1,0,0,0,26,0,0,0,0,0,0
190163,1,1,0,0,0,0,0,0,0,0,0,0
190163,2,1,0,0,0,0,0,0,0,0,0,0