ST_CASE,VEH_NO,PER_NO,P1,P2,P3,P4,P5,P6,P7,P8,P9,P10
210411,2,1,0,0,0,0,0,0,6,0,0,0
210412,0,1,3,9,28,23,22,8,18,31,5,32
210412,1,1,0,31,0,0,0,0,0,0,0,0
210413,0,1,0,0,0,0,0,0,0,0,0,0
210413,1,1,14,0,0,0,0,0,0,0,0,0
210414,1,1,14,14,14,14,14,14,14,14,14,14
210415,0,1,0,19,0,20,0,23,0,0,12,0
210415,1,1,0,0,0,0,0,0,0,0,0,0
210415,2,1,0,0,14,0,0,0,0,0,0,0
210416,1,1,17,17,17,17,17,17,17,17,17,17
210416,2,1,0,0,0,0,16,0,0,0,0,0
210417,1,1,0,0,0,0,0,0,0,0,0,0
210417,2,1,0,0,0,0,0,0,0,0,0,0
210418,1,1,0,0,0,0,0,0,0,0,0,0
210418,2,1,0,0,0,0,0,0,0,0,0,0
210419,1,1,0,0,0,0,0,0,0,0,0,0
210419,2,1,0,0,0,0,0,0,0,0,0,0
210420,1,1,0,0,0,0,0,0,0,0,0,0
210420,2,1,0,0,0,0,0,0,0,0,0,0
210421,0,1,0,0,0,0,0,0,0,0,0,0
210421,1,1,0,0,0,0,0,0,0,0,0,0
210422,1,1,16,16,16,16,16,16,16,16,16,16
210423,1,1,18,18,18,18,18,18,18,18,18,18
210424,1,1,0,0,0,0,0,0,0,0,11,0
210424,2,1,0,0,0,0,0,0,0,0,0,0
210425,1,1,27,27,27,27,27,27,27,27,27,27
210426,1,1,0,0,0,21,0,0,0,25,0,0
210426,2,1,0,0,0,0,0,0,0,0,0,0
210427,1,1,15,15,15,15,15,15,15,15,15,15
210428,1,1,0,0,0,0,0,0,0,0,0,0
210428,2,1,0,0,0,0,0,0,0,0,0,0
210429,1,1,8,8,8,8,8,8,8,8,8,8
210430,1,1,0,0,0,0,0,0,0,0,0,0
210431,1,1,0,0,0,0,0,0,0,0,0,0
210431,2,1,0,0,0,0,0,0,0,0,0,0
210432,1,1,0,0,0,0,0,0,0,0,0,0
210433,1,1,0,0,0,8,0,0,0,0,0,0
210434,1,1,21,21,21,21,21,21,21,21,21,21
210434,2,1,0,0,0,0,0,0,0,0,0,0
210435,1,1,0,0,0,0,0,0,0,0,0,0
210436,1,1,0,0,0,0,0,0,0,0,0,0
210436,2,1,0,0,0,0,0,0,0,21,0,0
210436,3,1,0,0,0,0,0,0,0,0,0,0
210437,1,1,0,0,0,18,0,0,0,0,0,0
210437,2,1,0,0,0,0,0,0,0,0,0,0
210438,1,1,20,20,20,20,20,20,20,20,20,20
210439,0,1,8,8,8,8,8,8,8,8,8,8
210439,1,1,0,0,0,0,0,0,0,0,0,0
210440,1,1,0,14,0,0,0,0,0,0,0,0
210440,2,1,0,0,0,10,0,0,3,0,0,0
210441,1,1,18,18,18,18,18,18,18,18,18,18
210441,2,1,0,0,0,0,0,0,0,0,0,0
210442,1,1,0,0,0,0,0,0,0,15,0,0
210443,1,1,16,16,16,16,16,16,16,16,16,16
210444,1,1,0,0,0,0,0,0,0,0,0,0
210445,1,1,13,13,13,13,13,13,13,13,13,13
210446,1,1,0,0,0,0,0,0,0,0,0,0
210447,1,1,14,14,14,14,14,14,14,14,14,14
210448,1,1,0,0,0,20,0,0,0,0,27,34
210449,1,1,0,0,0,0,0,0,0,0,0,0
210449,2,1,0,0,0,0,0,0,0,0,0,0
210449,3,1,0,0,0,0,0,0,0,0,0,0
210449,4,1,0,0,0,0,0,0,0,0,0,0
210450,1,1,0,0,0,0,0,0,0,0,0,0
210451,1,1,0,0,0,0,0,0,0,0,0,0
210452,0,1,0,0,0,0,0,0,0,0,0,0
210452,0,2,0,0,0,0,0,0,0,0,0,0
210452,1,1,0,0,0,0,0,0,0,0,6,0
210453,1,1,0,0,0,0,0,0,0,0,0,0
210453,2,1,0,0,0,0,0,0,0,0,0,0
210454,1,1,0,0,0,0,0,0,0,0,0,0
210455,1,1,17,0,0,0,0,0,0,0,0,0
210455,2,1,0,0,0,0,0,0,0,0,0,0
210456,1,1,2,2,2,2,2,2,2,2,2,2
210456,2,1,0,0,0,0,0,0,0,0,0,0
210457,1,1,0,0,0,0,0,0,0,0,0,0
210457,2,1,0,0,0,0,0,0,0,12,0,0
210457,3,1,0,0,0,0,0,0,0,0,0,0
210457,4,1,0,0,0,0,0,0,0,0,0,0
210458,1,1,0,0,0,0,0,0,0,0,0,0
210459,1,1,16,16,16,16,16,16,16,16,16,16
210460,1,1,12,12,12,12,12,12,12,12,12,12
210461,1,1,8,8,8,8,8,8,8,8,8,8
210461,2,1,0,0,0,0,0,0,0,0,0,0
210461,3,1,0,0,8,0,0,0,19,18,0,32
210462,1,1,16,16,16,16,16,16,16,16,16,16
210463,1,1,0,0,0,0,0,0,0,0,0,0
210463,2,1,0,0,0,0,0,0,0,0,0,0
210464,1,1,0,0,0,0,0,0,0,0,0,0
210464,2,1,0,11,0,0,0,0,0,0,0,0
210464,3,1,10,0,0,0,0,0,0,0,0,0
210465,0,1,0,0,0,0,0,0,0,0,0,0
210465,1,1,0,0,0,0,0,0,0,0,0,0
210466,1,1,0,0,0,0,0,0,0,0,0,0
210466,2,1,10,10,10,10,10,10,10,10,10,10
210467,0,1,13,13,13,13,13,13,13,13,13,13
210467,1,1,0,0,0,0,0,0,0,0,0,0
210468,1,2,0,0,0,0,0,0,0,0,0,0
210468,2,1,0,0,0,0,0,0,0,0,0,0
210469,1,1,0,0,0,0,0,0,0,0,0,0
210469,2,1,0,0,0,0,0,0,0,0,0,0
210470,1,1,0,0,0,0,0,0,0,0,0,0
210471,1,1,14,0,0,0,0,0,24,10,0,0
210472,1,1,18,18,18,18,18,18,18,18,18,18
210473,0,1,0,0,0,0,0,0,0,0,0,0
210473,1,1,0,0,0,0,0,0,0,0,0,0
210474,1,1,14,14,14,14,14,14,14,14,14,14
210475,1,1,16,16,16,16,16,16,16,16,16,16
210475,2,1,0,8,0,0,0,0,0,0,0,0
210475,3,1,0,18,0,0,0,0,0,0,0,0
210476,1,1,0,0,0,0,0,0,0,0,0,0
210477,1,1,12,12,12,12,12,12,12,12,12,12
210477,2,1,0,0,0,0,0,0,0,0,31,0
210477,3,1,0,0,0,0,0,0,0,0,0,0
210478,1,1,0,0,0,0,0,0,0,0,0,0
210478,2,1,0,0,0,0,0,0,0,0,0,0
210479,1,1,0,0,0,0,0,0,0,0,0,0
210479,2,1,0,0,0,0,0,0,0,0,0,0
210480,1,1,0,0,0,0,0,0,0,0,0,0
210481,1,1,0,0,0,0,0,0,0,0,0,28
210481,2,1,0,0,0,0,0,0,0,0,0,0
210482,1,1,0,0,0,0,0,0,0,0,0,0
210483,1,1,0,0,0,0,0,0,0,0,0,0
210483,2,1,0,0,0,0,0,0,0,0,0,0
210483,3,1,0,0,0,0,0,0,0,0,0,0
210484,1,1,0,0,0,0,0,0,0,0,0,0
210484,2,1,0,0,0,0,0,0,0,0,0,0
210484,3,1,0,0,0,0,0,0,0,0,0,0
210485,1,1,0,0,0,0,0,0,0,0,0,0
210485,2,1,0,0,0,0,0,0,0,0,0,0
210486,1,1,23,23,23,23,23,23,23,23,23,23
210486,2,1,0,0,0,0,0,0,0,0,17,0
210487,1,1,0,0,0,0,0,0,0,0,0,0
210488,1,1,0,0,0,0,0,0,0,0,0,0
210488,2,1,0,0,0,0,11,0,0,0,0,0
210489,1,1,0,0,0,0,5,0,0,0,0,0
210489,2,1,0,0,0,0,0,0,0,0,0,0
210490,1,1,0,0,0,0,0,0,0,0,0,0
210491,0,1,23,23,23,23,23,23,23,23,23,23
210491,1,1,0,0,0,0,0,0,0,0,0,0
210492,1,1,0,0,0,0,0,0,0,0,0,0
210492,2,1,0,0,0,0,0,0,0,0,33,0
210493,0,1,0,0,0,0,0,0,0,0,0,0
210493,1,1,0,0,0,0,0,0,0,0,0,0
210493,2,1,0,0,0,0,0,0,0,0,0,0
210494,1,1,0,0,0,0,0,0,0,0,0,0
210494,2,1,0,0,0,0,0,0,0,0,0,0
210495,1,1,0,0,0,0,0,0,0,0,0,0
210495,2,1,0,0,0,0,0,0,0,0,0,0
210496,1,1,0,0,0,0,0,0,0,0,0,0
210496,2,1,0,0,0,16,0,6,0,0,0,0
210497,1,1,0,0,0,12,10,0,18,0,18,0
210497,2,1,0,0,0,0,0,0,0,0,0,0
210498,1,1,0,0,0,0,0,0,0,0,0,0
210498,2,1,0,0,0,0,0,0,0,0,0,0
210499,1,1,12,12,12,12,12,12,12,12,12,12
210499,2,1,0,0,0,0,0,0,0,0,0,0
210500,1,1,9,9,9,9,9,9,9,9,9,9
210501,1,1,0,0,0,0,0,0,0,0,0,0
210501,2,1,0,0,0,0,0,0,0,0,0,0
210502,1,1,0,0,0,0,0,0,0,0,0,0
210502,2,1,0,0,0,0,0,0,0,0,0,0
210503,1,1,0,0,0,0,0,0,0,0,0,0
210504,1,1,0,0,0,0,0,0,0,0,0,0
210504,2,1,0,0,0,0,0,0,0,0,0,0
210505,0,1,0,0,0,0,13,0,18,0,42,13
210505,1,1,6,7,23,0,25,0,0,0,26,23
210506,1,1,0,0,0,0,0,0,0,0,0,0
210507,1,1,0,0,0,0,0,0,0,0,0,0
210508,1,1,0,0,0,0,0,0,0,0,0,0
210508,2,1,0,0,0,0,0,0,0,0,0,0
210509,1,1,0,0,0,0,0,0,0,4,6,0
210510,1,1,0,0,0,0,0,13,0,0,7,0
210511,1,1,0,0,0,0,0,0,0,0,0,0
210511,2,1,11,0,0,0,0,0,0,0,0,0
210512,1,1,19,19,19,19,19,19,19,19,19,19
210513,1,1,15,0,0,0,0,0,0,0,0,0
210513,2,1,0,0,0,0,0,0,0,0,0,0
210514,1,1,0,0,0,0,0,0,0,0,0,0
210514,2,1,0,0,0,0,0,0,0,0,0,0
210515,0,1,0,0,0,0,0,0,0,0,0,0
210515,1,1,0,0,20,16,0,0,0,0,0,0
210516,1,1,0,0,0,0,0,0,0,0,0,0
210517,1,1,21,21,21,21,21,21,21,21,21,21
210518,1,1,0,0,0,0,0,0,0,0,0,0
210519,1,1,0,0,0,0,0,0,0,0,0,0
210520,1,1,0,0,0,0,0,0,0,0,0,0
210520,2,1,0,0,0,0,0,0,0,0,0,0
210521,0,1,0,0,0,0,0,0,0,0,0,0
210521,1,1,0,0,0,0,0,0,0,0,0,0
210522,0,1,17,15,0,0,0,18,0,12,29,14
210522,1,1,0,0,0,0,0,0,0,0,0,0
210523,1,1,0,0,0,0,0,0,0,0,0,0
210523,2,1,0,0,0,0,0,0,0,0,0,0
210523,3,1,0,0,0,0,0,0,0,0,0,0
210524,1,1,0,0,0,0,0,0,0,0,0,0
210524,2,1,0,0,0,0,0,0,0,0,0,0
210525,1,1,0,0,0,0,0,0,0,0,0,0
210526,1,1,0,0,0,0,0,0,0,0,0,0
210527,0,1,34,34,34,34,34,34,34,34,34,34
210527,1,1,0,0,0,0,0,0,0,14,0,0
210528,1,1,0,0,0,0,0,0,0,0,0,0
210529,1,1,0,0,0,0,0,0,0,0,0,0
210529,2,1,0,0,0,0,0,0,0,0,0,0
210530,0,1,23,23,23,23,23,23,23,23,23,23
210530,1,1,0,0,0,0,0,0,0,0,0,0
210531,1,1,0,11,0,0,0,20,0,0,0,0
210531,2,1,11,0,0,12,0,0,0,13,0,0
210532,0,1,0,0,0,0,0,0,0,0,0,0
210532,1,1,0,0,0,0,0,0,0,0,0,0
210533,1,1,0,0,0,0,0,0,0,0,0,0
210533,2,1,18,18,18,18,18,18,18,18,18,18
210534,1,1,0,0,0,0,0,0,0,0,0,0
210535,1,1,0,0,0,0,0,0,0,0,0,0
210536,1,1,0,0,0,0,0,0,0,0,0,0
210536,2,1,0,0,0,0,0,0,0,0,0,0
210537,1,1,16,16,16,16,16,16,16,16,16,16
210538,1,1,0,0,0,0,0,0,0,0,0,0
210539,1,1,0,0,0,0,0,0,0,0,0,0
210540,1,1,0,0,0,0,0,0,0,0,0,0
210540,2,1,0,0,0,0,0,0,0,0,0,0
210541,1,1,0,0,0,0,0,0,0,0,0,0
210541,2,1,0,0,0,0,0,0,0,0,0,0
210542,1,1,0,0,0,0,0,0,0,0,0,0
210542,2,1,0,0,0,0,0,0,0,0,0,13
210542,3,1,0,0,0,0,0,0,0,0,0,0
210543,0,1,0,14,0,0,0,0,0,0,0,0
210543,1,1,0,0,0,0,8,0,23,0,0,0
210544,0,1,0,0,0,0,0,0,0,0,0,0
210544,1,1,0,0,0,0,0,0,0,0,0,0
210545,1,1,0,0,0,0,0,0,0,0,0,0
210546,1,1,0,0,0,0,0,0,0,0,0,0
210546,2,1,0,0,0,0,0,0,0,0,0,0
210547,1,1,0,0,0,10,0,0,0,0,20,0
210548,1,1,0,0,0,0,0,0,0,0,0,0
210548,2,1,0,0,0,0,0,0,0,0,0,0
210549,1,1,24,24,24,24,24,24,24,24,24,24
210550,1,1,20,36,16,8,7,10,18,0,27,17
210551,1,1,17,17,17,17,17,17,17,17,17,17
210551,2,1,0,0,0,0,0,0,0,0,0,0
210552,0,1,0,48,19,9,16,0,12,48,15,25
210552,1,1,0,19,0,0,0,0,0,0,0,0
210553,0,1,0,0,0,0,0,0,0,0,0,0
210553,1,1,0,0,26,0,0,0,0,0,0,0
210554,1,1,0,0,0,0,0,0,0,0,0,0
210554,2,1,0,0,0,0,0,0,0,0,0,0
210555,1,1,0,0,0,0,0,0,0,0,0,0
210555,2,1,0,0,0,0,0,0,0,0,0,0
210556,1,1,19,19,19,19,19,19,19,19,19,19
210556,2,1,13,0,0,10,8,0,0,5,0,0
210557,1,1,2,2,2,2,2,2,2,2,2,2
210558,1,1,26,26,26,26,26,26,26,26,26,26
210559,0,1,0,0,0,0,0,0,0,0,0,0
210559,1,1,0,0,0,0,0,0,0,0,0,0
210560,1,1,0,0,0,0,0,0,0,0,0,0
210560,2,1,0,0,0,0,0,0,0,0,0,0
210561,1,1,0,0,0,0,0,0,0,0,0,0
210562,1,1,0,0,0,0,0,0,0,0,0,0
210562,2,1,0,0,0,0,0,0,0,0,0,0
210563,1,1,0,16,0,0,10,0,0,0,0,0
210564,1,1,0,0,0,0,0,0,0,0,0,0
210565,1,1,18,18,18,18,18,18,18,18,18,18
210566,1,1,0,0,0,0,0,0,0,0,0,0
210566,2,1,0,0,0,0,0,0,0,0,0,0
210567,1,1,17,0,0,0,11,0,0,0,0,0
210568,1,1,0,0,25,0,0,0,20,0,0,0
210568,2,1,0,0,0,0,0,0,0,20,0,0
210569,1,1,0,0,0,0,0,0,0,0,0,0
210569,2,1,0,0,0,0,0,5,0,0,0,0
210570,1,1,0,0,0,0,0,0,0,0,0,0
210570,2,1,0,0,0,0,0,0,0,0,0,0
210571,1,1,0,0,0,0,0,0,0,0,0,0
210571,2,1,1,1,1,1,1,1,1,1,1,1
210572,1,1,10,10,10,10,10,10,10,10,10,10
210573,1,1,0,0,0,0,0,0,0,0,0,0
210574,1,1,20,20,20,20,20,20,20,20,20,20
210575,1,1,8,8,8,8,8,8,8,8,8,8
210575,2,1,0,0,0,0,0,0,0,0,0,0
210576,1,1,0,8,10,0,0,0,0,0,10,0
210576,2,1,0,0,0,0,0,0,0,0,0,0
210576,3,1,0,0,0,0,0,0,0,0,0,0
210577,1,1,14,14,14,14,14,14,14,14,14,14
210578,0,1,7,7,7,7,7,7,7,7,7,7
210578,1,1,24,14,0,0,4,21,0,15,0,20
210579,1,1,0,0,0,0,0,0,0,0,0,0
210579,2,1,0,0,0,0,0,0,0,0,0,0
210579,3,1,0,0,0,0,0,0,0,0,0,0
210580,1,1,16,21,23,0,34,24,22,24,17,26
210581,1,1,25,25,25,25,25,25,25,25,25,25
210582,1,1,9,13,14,7,4,0,13,17,8,18
210583,1,1,0,0,0,0,0,0,0,0,0,0
210583,2,1,0,0,0,0,0,0,0,0,0,0
210584,0,1,0,0,0,11,0,0,0,16,0,1
210584,1,1,0,0,0,0,0,0,0,0,0,0
210585,0,1,24,24,24,24,24,24,24,24,24,24
210585,1,1,0,8,12,0,0,0,0,22,0,9
210586,1,1,17,0,0,0,0,11,0,0,0,0
210587,1,1,0,0,0,0,0,0,0,0,0,0
210587,2,1,0,0,0,0,0,0,0,0,0,0
210588,1,1,0,0,0,0,0,20,0,15,22,0
210589,1,1,13,34,15,21,33,11,23,10,30,36
210589,2,1,0,0,0,0,0,0,0,0,0,0
210590,1,1,0,0,0,0,0,0,0,0,0,0
210590,2,1,0,0,0,0,0,0,0,0,0,0
210591,1,1,18,18,18,18,18,18,18,18,18,18
210591,2,1,0,0,0,0,0,0,0,0,0,0
210592,1,1,0,0,0,0,0,0,0,0,0,0
210593,1,1,0,0,0,0,0,0,0,0,0,0
210594,1,1,0,0,0,0,0,0,0,0,0,0
210595,1,1,0,0,0,0,0,0,0,0,0,0
210596,1,1,0,0,0,0,0,0,0,0,0,0
210596,2,1,0,0,0,0,0,0,0,0,0,0
210597,1,1,8,8,0,0,0,0,10,0,0,0
210598,1,1,0,0,0,0,0,0,0,0,0,0
210598,2,1,0,0,0,0,0,0,0,0,0,0
210599,1,1,0,0,0,0,0,0,0,0,0,0
210599,2,1,0,0,0,0,0,0,0,0,0,0
210600,1,1,0,18,0,0,0,0,0,0,0,0
210600,2,1,0,0,0,0,0,0,0,0,0,0
210601,0,1,9,9,9,9,9,9,9,9,9,9
210601,1,1,0,0,0,0,0,0,0,0,0,0
210602,1,1,0,0,0,0,0,0,0,0,0,0
210602,2,1,0,0,0,0,0,0,0,0,0,0
210603,1,1,0,0,0,0,0,0,0,0,0,0
210604,0,1,0,0,0,0,0,0,0,0,0,0
210604,1,1,17,34,0,16,0,0,14,0,0,0
210605,1,1,0,0,0,0,0,0,0,0,0,0
210605,2,1,0,0,0,0,0,0,0,0,0,0
210606,1,1,27,27,27,27,27,27,27,27,27,27
210607,1,1,0,0,0,0,0,0,0,0,0,0
210607,2,1,0,0,0,0,0,0,0,0,0,0
210607,3,1,0,17,0,24,0,0,0,0,0,0
210608,1,1,0,0,0,22,0,0,0,0,0,0
210609,1,1,0,0,0,0,0,0,0,0,3,0
210609,2,1,0,0,0,0,0,0,0,0,0,0
210610,1,1,5,5,5,5,5,5,5,5,5,5
210610,2,1,0,0,0,0,0,0,0,0,0,0
210611,1,1,0,0,0,0,0,0,0,0,0,0
210611,2,1,0,0,0,0,0,0,0,0,0,0
210612,1,1,0,0,0,0,0,0,0,0,0,0
210612,2,1,0,0,0,0,0,0,0,0,0,0
210613,1,1,4,3,6,12,13,22,0,27,14,6
210613,2,1,0,0,0,0,0,0,0,0,0,0
210613,3,1,0,0,0,0,0,0,0,0,0,0
210613,4,1,0,0,0,0,0,0,0,0,0,0
210614,1,1,0,0,0,0,0,0,0,0,0,0
210615,1,1,0,0,0,0,0,0,0,0,0,0
210616,1,2,18,0,0,0,0,0,17,0,0,0
210617,1,1,0,0,0,0,0,0,0,0,0,0
210618,0,1,0,15,22,10,0,23,30,0,33,14
210618,1,1,0,0,0,0,0,0,0,0,0,0
210619,1,1,0,0,0,0,0,0,0,0,0,0
210620,1,1,0,0,0,0,0,0,0,0,0,0
210620,2,1,0,0,0,0,0,0,0,0,0,0
210621,1,1,0,16,22,13,0,0,6,29,11,18
210621,2,1,0,0,0,0,0,0,0,0,0,0
210622,1,1,0,0,14,0,0,0,0,0,0,0
210622,2,1,0,0,0,0,0,0,0,0,0,0
210623,1,1,0,0,0,0,0,0,0,14,0,0
210624,1,1,0,0,0,0,0,0,0,0,0,0
210625,1,1,0,0,0,0,0,0,0,0,0,0
210625,2,1,0,0,0,0,0,32,0,0,0,24
210626,1,1,0,0,0,0,0,0,0,0,0,0
210627,1,1,0,0,0,0,0,0,0,0,0,0
210627,2,1,0,0,0,0,0,0,0,0,0,0
210628,1,1,11,18,0,8,8,26,22,10,15,36
210628,2,1,0,0,0,0,0,0,0,15,0,0
210629,1,1,0,0,0,0,0,0,0,0,0,0
210630,1,1,0,0,0,0,0,0,0,0,0,0
210631,1,1,0,0,0,0,0,0,0,0,0,0
210632,1,1,6,6,6,6,6,6,6,6,6,6
210632,2,1,0,0,0,0,0,0,0,0,0,0
210633,0,1,0,0,0,0,0,0,0,0,0,0
210633,1,1,4,0,33,21,9,3,0,0,8,0
210633,2,1,0,0,0,0,0,0,0,0,0,0
210634,1,2,20,4,0,11,0,25,0,7,0,0
210635,1,1,0,0,0,0,0,0,0,0,0,0
210635,2,1,0,0,0,0,0,0,0,0,0,0
210636,1,1,0,0,0,0,0,0,0,0,0,0
210637,1,1,0,0,0,0,0,0,0,0,0,0
210638,0,1,0,0,0,0,0,0,0,0,0,0
210638,0,2,0,12,0,0,13,0,0,1,0,21
210638,2,1,0,0,0,0,0,0,0,0,0,0
210639,1,1,0,0,0,0,0,0,0,0,0,0
210640,1,1,0,0,0,0,0,0,0,0,0,0
210640,2,1,0,0,0,0,0,0,0,0,0,0
210641,1,1,0,0,0,0,0,0,0,0,0,0
210641,2,1,0,0,0,0,0,0,0,0,0,0
210642,1,1,21,21,21,21,21,21,21,21,21,21
210642,2,1,0,0,0,0,0,22,0,0,0,0
210643,1,1,0,0,0,0,10,0,0,0,0,0
210644,1,1,20,20,20,20,20,20,20,20,20,20
210646,1,1,0,0,0,0,0,0,0,0,0,0
210647,0,1,0,0,0,0,0,0,0,0,0,0
210647,1,1,0,0,0,0,0,0,0,0,0,0
210648,1,1,0,0,0,0,0,0,0,0,0,0
210648,2,1,0,0,0,0,0,0,0,0,0,0
210649,1,1,10,0,0,0,0,0,0,0,0,0
210649,2,1,0,0,0,0,0,0,0,0,0,0
210650,1,1,31,0,0,0,0,0,0,0,10,28
210651,1,1,0,0,0,0,0,0,0,0,0,0
210651,2,1,0,0,0,0,0,0,0,0,0,0
210652,1,1,0,0,0,0,0,22,0,0,14,0
210652,2,1,0,0,0,0,0,0,0,0,0,0
210653,1,1,0,0,0,0,0,0,0,0,0,0
210653,2,1,0,0,0,0,0,0,0,0,0,0
210654,1,1,0,0,0,0,0,0,0,0,0,0
210654,2,1,0,0,0,0,0,0,0,0,0,0
210655,1,1,0,0,0,0,0,0,0,0,0,0
210656,1,1,0,0,0,0,0,0,0,0,0,0
210657,0,1,0,0,0,0,0,0,0,0,0,0
210657,1,1,0,0,0,0,0,0,0,0,0,0
210658,1,1,0,0,12,0,0,13,0,0,0,0
210658,2,1,0,0,0,0,0,0,0,0,0,0
210659,1,1,0,24,0,0,0,0,0,0,0,0
210660,1,1,8,13,0,18,15,21,29,22,9,15
210660,2,1,0,0,0,0,0,0,0,0,0,0
210661,1,1,0,0,0,0,0,0,0,0,0,0
210662,1,1,0,10,0,0,6,0,0,0,0,0
210663,1,1,0,0,0,0,0,0,0,0,0,0
210664,1,1,14,15,8,11,11,9,18,4,24,11
210665,1,1,0,0,0,9,0,0,0,0,0,0
210665,2,1,0,0,0,0,0,0,0,0,0,0
210666,1,1,25,25,25,25,25,25,25,25,25,25
210667,1,1,0,0,0,0,0,0,0,0,0,0
210668,0,1,0,25,0,0,0,0,0,0,0,7
210668,1,1,0,0,0,0,0,0,0,0,0,0
210669,1,1,0,0,0,0,0,0,0,18,0,0
210670,1,1,0,0,0,0,0,0,0,0,0,0
210670,2,1,0,0,0,0,0,0,0,0,0,0
210671,1,1,0,0,5,0,23,0,0,0,0,0
210671,2,1,0,0,0,0,0,0,0,0,0,0
210672,0,1,0,0,0,0,0,0,0,0,0,0
210672,1,1,7,0,0,0,0,0,8,0,0,0
210673,1,1,0,0,0,0,0,0,0,0,0,0
210674,1,1,0,0,0,0,0,0,0,0,0,0
210674,2,1,0,0,0,0,0,0,0,0,0,0
210675,1,1,0,0,0,0,0,0,0,0,0,0
210676,1,1,0,0,0,0,0,0,0,0,0,0
210677,1,1,0,0,0,0,7,0,0,16,0,0
210677,2,1,0,0,0,0,0,0,0,0,0,0
210678,1,1,0,0,0,0,0,0,7,0,0,0
210678,2,1,0,0,0,0,0,0,0,0,0,0
210679,1,1,11,11,11,11,11,11,11,11,11,11
210679,2,1,0,0,0,0,0,0,0,0,0,0
210680,1,1,0,0,20,0,0,0,0,0,0,0
210680,2,1,0,0,0,0,0,0,20,0,0,0
210681,1,1,11,11,11,11,11,11,11,11,11,11
210682,1,1,0,0,0,0,0,0,0,0,0,0
210682,2,1,0,0,0,0,0,0,0,0,17,0
210683,1,1,0,0,0,0,0,0,0,0,0,0
210683,2,1,0,0,0,0,0,0,0,0,0,0
210683,3,1,0,0,0,0,0,0,0,0,0,0
210684,1,1,0,0,0,0,0,0,0,0,0,0
210684,2,1,0,0,0,0,0,0,0,0,0,0
210685,0,1,0,17,0,0,26,0,0,31,32,15
210685,1,1,0,0,0,0,0,0,0,0,0,0
210686,1,1,19,19,19,19,19,19,19,19,19,19
210686,2,1,0,0,0,0,0,0,0,0,0,0
210687,1,1,0,0,0,0,0,0,0,5,0,0
210687,2,1,0,0,0,0,0,0,0,0,0,0
210688,1,1,0,0,0,0,0,0,0,0,0,0
210688,2,1,0,0,0,0,0,0,0,0,0,0
210689,1,1,11,11,11,11,11,11,11,11,11,11
210689,2,1,0,0,0,0,0,0,0,0,0,0
210689,3,1,0,14,0,0,0,0,16,0,0,0
210690,0,1,20,0,0,0,0,0,0,0,0,0
210690,1,1,0,0,0,0,0,8,0,0,0,0
210691,1,1,13,17,17,6,16,0,0,12,15,18
210692,0,1,0,0,0,0,0,0,0,0,0,0
210692,1,1,0,0,0,0,0,0,0,0,0,0
210693,1,1,0,0,0,0,0,0,0,0,0,0
210694,1,1,0,0,0,0,0,0,0,0,0,0
210694,2,1,0,0,0,0,0,0,0,0,0,0
210695,1,1,0,0,0,0,0,0,0,0,0,0
210696,1,1,0,0,0,0,0,0,0,0,0,0
210696,2,1,0,0,0,0,0,0,0,0,0,0
210697,1,1,0,0,0,0,0,0,0,0,0,0
210697,2,1,0,0,0,0,0,0,0,0,0,0
210698,0,1,11,22,21,0,9,17,20,15,23,18
210698,1,1,0,0,35,0,2,0,0,0,0,0
210699,1,1,0,0,0,0,0,0,0,0,0,0
210699,2,1,0,0,0,0,0,0,0,0,0,0
210700,1,1,0,0,0,0,0,0,0,0,0,0
210701,1,1,11,0,0,0,0,0,0,0,0,0
210702,1,2,0,11,0,0,0,0,0,19,0,28
210703,1,1,16,13,15,10,9,0,28,32,0,18
210704,1,1,17,11,31,0,13,28,0,13,16,13
210704,2,1,0,0,0,0,0,0,0,0,0,7
210705,1,1,0,0,0,0,0,0,0,0,0,0
210706,1,1,26,26,26,26,26,26,26,26,26,26
210706,2,1,0,0,0,0,0,0,0,0,0,0
210707,1,1,0,0,0,0,0,0,0,0,0,0
210707,2,1,0,0,0,0,0,0,0,0,0,0
210708,1,1,0,0,0,0,0,0,0,0,0,0
210709,1,1,6,6,6,6,6,6,6,6,6,6
210710,0,1,15,15,15,15,15,15,15,15,15,15
210710,1,1,0,0,0,0,0,0,0,0,0,0
210711,1,1,0,0,0,0,0,0,0,0,0,0
210712,1,1,0,0,0,0,0,0,0,0,0,0
210712,2,1,7,0,0,0,0,0,0,0,0,23
210713,1,1,0,0,0,0,22,0,0,0,0,0
210713,2,1,0,0,0,0,27,0,0,0,0,0
210714,1,1,0,0,0,0,0,0,0,0,0,0
210714,2,1,0,0,0,0,0,0,26,0,19,0
210715,1,1,0,4,0,0,28,0,0,0,13,0
210716,1,1,0,0,0,0,0,0,0,0,0,0
210717,1,1,24,24,24,24,24,24,24,24,24,24
210718,1,1,15,3,9,3,16,11,15,15,13,12
210718,2,1,9,7,12,12,0,10,25,26,4,15
210719,0,1,0,0,0,0,0,0,0,0,0,0
210719,1,1,0,0,0,0,0,0,0,0,0,0
210720,1,1,39,0,0,0,0,0,0,0,0,0
210721,1,1,0,0,0,0,0,0,0,0,0,0
210722,1,1,0,0,0,0,0,0,0,0,0,0
210722,2,1,0,0,0,0,0,0,0,0,0,0
210722,3,1,0,0,0,0,0,0,0,0,0,0
210723,1,1,0,0,0,0,0,0,0,0,0,0
210723,2,1,0,0,0,0,0,0,0,0,0,0
210724,1,1,0,0,0,0,0,0,0,0,0,0
210724,2,1,0,0,0,0,0,0,0,0,0,0