ST_CASE,VEH_NO,PER_NO,P1,P2,P3,P4,P5,P6,P7,P8,P9,P10
220305,1,1,0,0,0,0,0,0,0,0,0,0
220305,2,1,0,0,0,0,0,0,0,24,0,0
220305,3,1,0,0,0,0,0,0,0,0,0,0
220306,1,1,6,6,6,6,6,6,6,6,6,6
220307,1,1,18,18,18,18,18,18,18,18,18,18
220308,1,1,0,0,0,0,0,0,0,0,0,0
220308,2,1,0,0,0,0,0,0,0,0,0,0
220309,1,1,26,26,26,26,26,26,26,26,26,26
220309,2,1,19,19,19,19,19,19,19,19,19,19
220310,0,1,0,0,0,0,14,0,0,0,0,0
220310,1,1,0,0,0,0,0,14,0,0,20,0
220311,1,1,25,25,25,25,25,25,25,25,25,25
220312,0,1,0,0,0,0,0,0,0,0,0,0
220312,1,1,9,9,9,9,9,9,9,9,9,9
220313,1,1,0,0,0,0,0,0,0,0,0,0
220314,1,1,0,0,0,0,0,0,0,0,0,0
220315,1,1,0,0,0,0,0,0,0,0,0,0
220315,2,1,0,0,0,0,0,0,0,0,0,0
220315,3,1,0,0,0,0,0,0,0,0,0,0
220316,1,1,21,21,21,21,21,21,21,21,21,21
220317,1,1,15,15,15,15,15,15,15,15,15,15
220318,1,1,20,20,20,20,20,20,20,20,20,20
220319,1,1,0,0,0,0,19,0,0,0,0,0
220319,2,1,0,0,0,0,0,0,0,0,0,0
220320,1,1,0,0,0,0,0,0,0,0,0,0
220322,0,1,0,0,27,0,0,0,0,0,0,0
220322,1,1,0,0,0,0,0,0,0,0,0,0
220323,1,1,13,14,14,8,27,13,5,17,23,16
220324,1,1,9,4,19,0,0,16,0,0,12,28
220325,1,1,23,23,23,23,23,23,23,23,23,23
220326,1,1,0,0,0,0,0,0,0,0,0,0
220326,2,1,0,0,0,0,0,0,0,0,0,0
220326,3,1,0,0,0,0,0,0,0,8,0,0
220327,1,1,0,0,0,0,0,0,0,0,0,0
220328,1,1,0,0,0,0,0,0,0,0,0,0
220328,2,1,0,0,0,0,0,0,0,0,0,0
220329,1,1,0,15,0,14,0,0,17,0,0,0
220330,1,1,18,18,18,18,18,18,18,18,18,18
220331,1,1,25,25,25,25,25,25,25,25,25,25
220332,1,1,0,0,0,0,0,0,0,0,0,0
220332,2,1,0,0,0,0,0,0,0,0,0,0
220333,1,1,0,0,0,0,0,0,0,0,0,0
220333,2,1,0,0,0,0,0,0,0,0,0,0
220334,1,1,0,0,0,0,0,0,0,0,0,0
220334,2,1,0,0,0,0,0,0,0,0,0,0
220335,0,1,0,0,0,0,0,0,0,0,0,0
220335,1,1,12,12,12,12,12,12,12,12,12,12
220336,1,1,0,0,0,0,0,0,0,0,0,0
220336,2,1,0,0,0,0,0,0,0,0,0,0
220337,1,1,15,15,15,15,15,15,15,15,15,15
220338,1,1,0,0,0,0,0,0,0,0,0,0
220338,2,1,0,0,0,0,0,0,0,0,0,0
220339,1,1,33,33,33,33,33,33,33,33,33,33
220340,1,1,0,0,0,0,0,0,0,0,0,0
220341,1,1,0,0,0,0,0,0,0,0,0,0
220341,2,1,0,0,0,0,0,0,0,0,0,0
220342,1,1,0,0,0,0,0,0,0,0,0,0
220343,1,1,0,0,0,0,0,0,0,0,0,0
220343,2,1,0,0,0,0,0,0,0,0,0,0
220344,0,1,0,0,0,0,0,0,0,0,0,0
220344,1,1,0,0,0,0,0,0,0,0,0,0
220345,1,1,26,26,26,26,26,26,26,26,26,26
220346,1,1,27,27,27,27,27,27,27,27,27,27
220346,2,1,0,0,0,0,0,0,0,0,0,0
220347,1,1,0,0,0,0,0,0,0,0,0,0
220347,2,1,0,0,0,0,0,0,0,0,0,0
220348,1,1,10,10,10,10,10,10,10,10,10,10
220348,2,1,0,0,0,0,0,0,0,0,0,0
220349,1,1,21,21,21,21,21,21,21,21,21,21
220350,1,1,0,0,0,0,0,0,0,0,0,0
220351,0,1,12,12,12,12,12,12,12,12,12,12
220351,1,1,1,1,1,1,1,1,1,1,1,1
220352,1,1,0,0,0,0,0,0,0,0,0,0
220352,2,1,0,17,8,0,21,26,0,12,11,0
220352,3,1,0,0,0,0,0,0,0,0,0,0
220352,4,1,0,0,0,0,0,0,0,0,8,0
220353,1,1,0,0,0,0,0,0,0,0,0,0
220354,1,1,0,0,0,0,0,0,0,0,0,0
220354,2,1,0,0,0,0,0,0,0,0,0,0
220355,1,1,0,0,0,0,0,0,18,21,14,0
220355,2,1,0,0,0,0,0,0,0,0,0,0
220355,3,1,0,0,0,0,0,0,0,0,0,0
220356,1,1,0,0,0,0,0,0,0,0,0,0
220356,2,1,0,0,0,0,0,0,0,0,0,0
220357,1,1,0,0,0,0,0,0,0,0,0,0
220357,2,1,0,0,0,0,0,0,0,0,19,0
220357,3,1,0,0,0,0,0,0,0,0,0,0
220357,4,1,0,0,0,0,0,0,0,0,0,0
220358,1,1,0,0,0,0,0,0,0,0,0,0
220358,3,1,0,0,0,0,0,0,0,0,0,0
220358,4,1,0,0,0,0,0,0,0,0,0,0
220358,5,1,0,0,0,0,0,0,0,0,0,0
220358,6,1,0,0,0,0,0,0,0,0,0,0
220358,7,1,0,0,0,0,0,0,0,0,0,0
220358,8,1,0,0,0,0,0,0,0,0,0,0
220359,0,1,26,26,26,26,26,26,26,26,26,26
220359,1,1,0,0,0,0,0,0,0,0,0,0
220360,1,1,16,16,16,16,16,16,16,16,16,16
220361,1,1,0,0,0,0,0,0,0,0,0,0
220361,2,1,0,0,0,0,0,0,0,22,0,0
220362,1,1,0,0,0,0,0,0,0,0,0,0
220363,1,1,0,0,0,0,0,0,0,0,0,0
220363,2,1,0,0,0,0,0,0,0,0,0,0
220364,1,1,0,0,0,0,0,0,0,0,0,0
220365,1,1,0,0,0,0,0,0,0,0,0,0
220365,2,1,0,0,0,0,0,0,0,0,0,0
220366,0,1,0,0,0,0,0,0,0,0,0,0
220366,1,1,0,0,0,0,0,0,0,0,0,0
220367,0,1,11,11,11,11,11,11,11,11,11,11
220367,1,1,0,0,0,0,0,0,0,0,0,0
220368,0,1,0,0,0,0,0,0,0,0,0,0
220368,1,1,15,0,8,0,0,0,13,33,18,0
220369,1,1,19,19,19,19,19,19,19,19,19,19
220370,1,1,11,16,14,11,14,8,12,14,14,8
220371,1,1,23,23,23,23,23,23,23,23,23,23
220372,1,1,0,0,0,0,0,0,0,0,0,0
220372,2,1,0,0,0,0,0,0,0,0,0,0
220373,1,1,23,23,23,23,23,23,23,23,23,23
220374,0,1,11,11,11,11,11,11,11,11,11,11
220374,1,1,0,0,0,0,0,0,0,0,0,0
220375,1,1,24,24,24,24,24,24,24,24,24,24
220376,1,1,0,0,0,0,0,0,0,0,0,0
220377,1,1,0,0,0,0,0,0,0,0,0,0
220378,1,1,0,0,0,0,0,0,0,0,0,0
220379,1,1,0,0,0,0,0,0,0,0,0,0
220379,2,1,0,0,0,0,0,0,0,0,0,0
220380,1,1,16,16,16,16,16,16,16,16,16,16
220381,1,1,20,20,20,20,20,20,20,20,20,20
220381,2,1,0,0,0,0,0,0,0,0,0,0
220382,1,1,16,16,16,16,16,16,16,16,16,16
220383,1,1,0,0,0,0,0,0,0,0,0,0
220384,0,1,0,0,0,0,0,0,0,0,0,0
220384,1,1,0,0,0,0,0,0,0,0,0,22
220385,1,1,0,0,0,0,0,0,0,0,0,0
220386,1,1,0,0,0,0,0,0,0,0,0,0
220386,2,1,0,0,0,0,0,0,0,0,0,0
220387,1,1,25,30,8,9,13,26,15,14,0,0
220388,1,1,0,0,0,0,0,0,0,0,0,0
220389,1,1,31,31,31,31,31,31,31,31,31,31
220390,1,1,3,3,3,3,3,3,3,3,3,3
220390,2,1,0,0,0,0,0,0,0,0,0,0
220390,3,1,0,0,0,0,0,0,0,0,0,0
220391,1,1,0,0,0,0,0,0,0,0,0,0
220392,1,1,0,0,0,0,0,0,0,0,0,0
220392,2,1,0,0,0,0,0,0,0,0,0,0
220393,1,1,0,0,0,0,0,0,0,0,0,0
220394,1,1,0,0,0,0,0,0,0,0,0,0
220394,2,1,0,0,0,0,0,0,0,0,0,0
220395,1,1,0,0,20,20,0,8,0,0,31,0
220396,1,1,22,22,22,22,22,22,22,22,22,22
220397,1,1,0,0,0,0,0,0,0,0,0,0
220398,0,1,0,0,0,0,0,0,0,0,0,0
220398,0,2,0,0,0,0,0,0,0,0,0,6
220398,1,1,17,17,17,17,17,17,17,17,17,17
220399,1,1,0,0,0,0,0,0,0,0,0,0
220400,1,1,0,16,0,0,0,18,0,16,0,0
220401,1,1,0,0,0,0,0,0,0,0,0,0
220402,1,1,13,13,13,13,13,13,13,13,13,13
220402,2,1,0,0,0,0,0,0,0,0,0,0
220403,0,1,22,22,22,22,22,22,22,22,22,22
220403,1,1,0,14,0,0,14,0,0,0,11,15
220404,1,1,0,0,0,0,0,0,0,0,0,0
220405,1,1,0,0,0,0,0,0,0,0,0,0
220406,1,1,16,16,16,16,16,16,16,16,16,16
220407,1,1,0,0,0,0,0,0,0,0,0,0
220407,2,1,0,0,0,0,0,0,0,0,0,0
220408,0,1,0,0,0,0,0,0,0,0,0,0
220408,1,1,0,0,0,0,0,0,0,0,0,0
220409,0,1,18,18,18,18,18,18,18,18,18,18
220409,1,1,0,0,0,0,0,0,0,0,0,0
220410,0,1,0,0,0,0,0,0,0,0,0,0
220410,1,1,11,0,6,0,0,0,0,0,4,0
220411,1,1,0,0,0,0,0,0,0,0,0,0
220411,2,1,0,0,0,0,0,0,0,0,0,0
220412,1,1,24,24,24,24,24,24,24,24,24,24
220412,2,1,0,17,0,16,7,11,12,20,20,0
220413,1,1,0,0,0,0,0,0,0,0,0,0
220414,1,1,2,2,2,2,2,2,2,2,2,2
220415,1,1,0,0,0,0,0,0,0,0,0,0
220416,1,1,0,0,0,0,0,0,0,0,0,0
220417,1,1,0,0,0,0,0,0,0,0,0,0
220417,2,1,0,0,0,0,0,16,0,0,0,0
220418,1,1,15,15,15,15,15,15,15,15,15,15
220419,0,1,0,0,0,0,0,0,0,0,0,0
220419,1,1,23,23,23,23,23,23,23,23,23,23
220420,0,1,0,0,0,0,0,0,0,0,0,0
220420,1,1,26,0,11,31,0,13,21,0,0,0
220421,1,1,0,0,0,0,0,0,0,0,0,0
220421,2,1,0,0,0,0,0,0,0,0,0,0
220422,1,1,0,0,0,0,0,0,0,0,0,0
220423,1,1,0,0,0,0,0,0,14,0,15,0
220424,1,1,7,0,8,0,0,0,0,0,0,0
220424,2,1,0,0,0,0,10,0,0,0,0,0
220425,1,1,0,0,0,0,0,0,0,0,0,0
220425,2,1,0,0,0,0,0,0,0,0,0,0
220426,1,1,0,0,0,0,0,0,0,0,0,0
220427,1,1,0,0,0,0,0,0,0,0,0,0
220427,2,1,0,0,0,0,0,0,0,0,0,0
220428,1,1,0,0,0,0,0,0,0,0,0,0
220429,1,1,0,0,0,0,0,0,0,0,0,0
220429,2,1,0,0,0,0,0,0,0,0,0,0
220430,1,1,0,0,0,0,0,0,0,0,0,0
220430,2,1,0,0,0,0,0,0,0,0,0,0
220431,1,1,0,0,0,0,0,0,0,0,0,0
220431,2,1,0,0,0,0,0,0,0,0,0,0
220431,3,1,0,0,0,0,0,0,0,0,0,0
220432,1,1,0,0,0,0,0,0,0,0,0,0
220432,2,1,0,0,0,0,0,0,0,0,0,0
220433,1,1,0,0,0,0,0,0,0,0,0,0
220433,2,1,0,0,0,0,0,0,0,0,0,20
220434,1,1,28,28,28,28,28,28,28,28,28,28
220434,2,1,0,0,13,3,0,0,0,0,0,0
220434,3,1,0,0,0,0,0,0,0,0,0,0
220435,0,1,30,30,30,30,30,30,30,30,30,30
220435,1,1,0,0,0,0,0,0,0,0,0,0
220436,1,1,0,0,0,0,0,0,0,0,0,0
220436,2,1,0,0,0,0,0,0,0,0,0,0
220437,1,1,0,0,0,0,0,0,13,0,0,0
220438,1,1,0,0,0,0,0,0,0,0,0,0
220438,2,1,0,0,0,0,0,0,0,0,0,0
220439,1,1,0,16,0,0,7,0,0,0,20,0
220439,2,1,0,0,0,9,0,0,9,10,0,0
220440,1,1,24,24,24,24,24,24,24,24,24,24
220441,1,1,24,24,24,24,24,24,24,24,24,24
220442,1,1,3,13,13,24,22,22,19,10,9,21
220442,2,1,0,15,8,0,0,16,0,0,0,0
220443,0,1,21,21,21,21,21,21,21,21,21,21
220443,1,1,2,2,2,2,2,2,2,2,2,2
220444,1,1,3,3,3,3,3,3,3,3,3,3
220445,1,1,0,0,0,0,0,0,0,0,0,0
220445,2,1,0,0,0,34,0,0,0,0,0,7
220446,1,1,0,0,0,0,0,0,0,0,0,0
220446,2,1,0,0,0,0,0,0,0,0,0,0
220447,1,1,24,24,24,24,24,24,24,24,24,24
220448,1,1,0,0,0,0,0,0,0,0,0,0
220449,1,1,13,13,13,13,13,13,13,13,13,13
220449,2,1,0,0,0,0,0,0,0,0,0,0
220450,1,1,0,0,0,0,0,0,0,0,0,0
220451,1,1,24,24,24,24,24,24,24,24,24,24
220452,1,1,13,13,13,13,13,13,13,13,13,13
220453,1,1,19,19,23,14,16,28,17,16,16,30
220453,2,1,14,14,14,14,14,14,14,14,14,14
220454,1,1,0,0,0,0,0,0,0,0,0,0
220455,1,1,22,22,22,22,22,22,22,22,22,22
220456,1,1,0,0,0,0,0,0,0,0,0,0
220456,2,1,0,0,0,0,0,0,0,0,0,0
220457,1,1,19,19,19,19,19,19,19,19,19,19
220457,2,1,0,0,0,0,0,0,0,0,0,0
220457,3,1,0,0,0,0,0,0,0,0,0,0
220457,4,1,0,0,0,0,0,0,0,0,0,0
220458,1,1,0,0,0,0,0,0,0,9,0,0
220458,2,1,0,0,0,0,0,0,0,0,0,0
220459,1,1,13,13,13,13,13,13,13,13,13,13
220460,1,1,22,22,22,22,22,22,22,22,22,22
220461,1,1,0,0,0,0,0,0,0,0,0,0
220461,2,1,0,0,0,0,0,0,0,0,0,0
220462,0,1,0,0,0,0,0,0,0,0,0,0
220462,1,1,0,0,0,0,0,0,0,0,0,0
220463,0,1,0,0,0,0,0,0,0,0,0,0
220463,1,1,0,0,0,0,0,0,0,0,0,0
220464,1,1,25,25,25,25,25,25,25,25,25,25
220465,1,1,0,0,0,0,0,0,0,0,0,0
220465,2,1,0,0,0,0,0,0,0,0,0,0
220466,0,1,4,4,4,4,4,4,4,4,4,4
220466,1,1,0,0,0,0,0,0,0,0,0,0
220467,1,1,0,0,0,0,0,0,0,0,0,0
220467,2,1,0,0,0,0,0,0,0,0,0,0
220468,1,1,0,0,0,0,0,0,0,0,0,0
220469,1,1,0,0,0,0,0,0,0,0,0,0
220470,1,1,16,16,16,16,16,16,16,16,16,16
220470,2,1,0,0,0,0,0,0,0,0,0,0
220471,1,1,0,0,0,0,0,0,0,0,0,0
220471,2,1,0,0,0,0,0,0,0,0,0,0
220472,1,1,15,15,15,15,15,15,15,15,15,15
220472,2,1,0,0,0,0,0,0,0,0,0,0
220473,1,1,0,0,0,0,0,0,0,0,0,0
220473,2,1,0,14,0,0,0,0,20,0,7,0
220474,1,1,17,17,17,17,17,17,17,17,17,17
220475,1,1,0,0,16,0,0,0,0,0,0,0
220475,2,1,0,0,0,0,0,0,0,0,0,0
220475,3,1,0,0,0,0,0,0,0,0,0,0
220476,1,1,0,0,0,0,0,0,0,0,0,0
220476,2,1,0,0,0,0,0,0,0,0,0,0
220477,1,1,0,0,0,0,0,0,0,0,0,0
220477,2,1,0,0,0,0,0,0,0,0,0,0
220478,1,1,0,0,0,0,0,0,0,0,0,0
220478,2,1,0,0,0,0,0,0,0,0,0,0
220479,1,1,0,0,0,0,0,0,0,0,0,0
220480,1,1,0,0,0,0,0,0,0,0,0,0
220480,2,1,0,0,0,0,0,0,0,0,0,0
220481,1,1,21,21,21,21,21,21,21,21,21,21
220482,0,1,0,0,0,0,0,0,0,0,0,0
220482,1,1,0,0,0,0,0,0,0,0,0,0
220482,2,1,0,0,0,0,0,0,0,0,0,0
220482,3,1,0,0,0,0,0,0,0,0,0,0
220483,1,1,0,0,0,0,0,0,0,0,0,0
220483,2,1,0,0,0,0,0,0,0,0,0,0
220484,1,1,23,23,23,23,23,23,23,23,23,23
220485,1,1,0,0,0,0,0,0,0,0,0,0
220485,2,1,0,0,0,0,0,0,0,0,0,0
220486,1,1,0,0,0,0,0,0,0,0,0,0
220486,2,1,0,0,0,0,0,0,0,0,0,0
220486,3,1,0,0,12,0,0,0,0,0,0,0
220486,4,1,0,0,0,0,0,0,0,0,0,0
220486,5,1,0,0,0,0,0,0,0,0,0,0
220487,1,1,0,0,0,0,0,0,0,0,0,0
220488,1,1,0,0,0,0,0,0,0,0,0,0
220488,2,1,0,0,0,0,0,0,0,0,0,0
220489,1,1,0,0,0,0,0,0,0,0,0,0
220490,1,1,0,0,0,0,0,0,0,0,0,0
220491,0,1,16,16,16,16,16,16,16,16,16,16
220491,1,1,0,0,0,0,0,0,0,0,0,0
220492,0,1,0,0,0,0,0,0,0,0,0,0
220492,1,1,0,0,0,0,0,0,0,0,0,0
220493,1,1,13,13,13,13,13,13,13,13,13,13
220495,1,1,0,0,0,0,0,0,0,21,0,0
220495,2,1,0,0,0,0,0,0,0,0,0,0
220496,1,1,0,0,0,0,0,0,0,0,0,0
220496,2,1,0,0,0,0,0,0,0,0,0,0
220497,0,1,0,0,0,0,0,0,0,0,0,0
220497,1,1,0,0,0,0,0,0,0,0,0,0
220498,0,1,0,0,0,31,0,0,0,15,16,0
220498,1,1,0,0,0,0,0,0,0,0,0,0
220499,1,1,0,0,0,0,0,0,0,0,0,0
220499,2,1,0,0,0,0,0,0,0,0,0,0
220500,1,1,0,0,25,0,0,11,24,0,0,0
220500,2,1,24,9,0,0,6,13,3,0,0,0
220501,0,1,0,0,0,0,0,0,0,0,0,0
220501,1,1,0,0,0,0,0,0,0,0,0,0
220502,1,1,0,0,0,0,0,0,0,0,0,0
220503,1,1,0,14,0,0,0,0,0,0,20,13
220504,1,1,0,0,0,0,0,0,0,0,0,0
220504,2,1,0,0,0,0,0,0,0,0,0,0
220505,1,1,0,0,0,0,0,0,0,0,0,0
220505,2,1,0,0,0,0,0,0,0,0,0,0
220505,3,1,0,0,0,0,0,0,0,0,0,0
220505,4,1,0,0,0,0,0,0,0,0,0,0
220506,1,1,2,2,2,2,2,2,2,2,2,2
220506,2,1,0,0,0,0,0,0,0,0,0,0
220507,1,1,0,0,0,0,0,0,0,0,0,0
220507,2,1,0,0,0,0,0,0,0,0,0,0
220508,1,1,24,24,24,24,24,24,24,24,24,24
220508,2,1,0,0,0,0,0,0,0,0,0,0
220509,1,1,0,0,0,0,0,0,0,0,0,0
220510,1,1,8,8,8,8,8,8,8,8,8,8
220510,2,1,12,10,0,5,0,0,0,25,0,0
220511,1,1,0,0,0,0,0,0,0,0,0,0
220511,2,1,0,0,0,0,0,0,0,0,0,0
220512,1,1,13,10,9,0,16,13,0,0,19,20
220513,1,1,14,14,14,14,14,14,14,14,14,14
220513,2,1,0,0,0,0,0,0,0,0,0,0
220514,1,1,0,0,0,0,0,0,0,0,0,0
220514,2,1,0,0,0,0,0,0,0,0,0,0
220514,3,1,0,0,0,0,0,0,0,0,0,0
220515,1,1,0,0,0,0,0,0,0,0,0,0
220515,2,1,0,0,0,0,0,0,0,0,0,0
220516,1,1,15,15,15,15,15,15,15,15,15,15
220517,1,1,0,0,0,0,0,0,0,0,0,0
220518,1,1,0,0,0,0,0,0,0,0,0,0
220519,1,1,0,0,0,0,0,0,0,0,0,0
220519,2,1,0,0,0,0,0,0,0,0,0,0
220520,0,1,11,11,11,11,11,11,11,11,11,11
220520,1,1,0,0,0,0,0,0,0,0,0,0
220521,1,1,0,0,0,0,0,0,0,0,0,0
220522,1,1,0,0,0,0,0,0,0,0,0,0
220522,2,1,0,0,0,0,0,0,0,0,0,0
220523,0,1,0,0,0,0,0,0,0,0,0,0
220523,1,1,0,0,0,0,0,0,0,0,0,0
220524,1,1,0,0,0,0,0,0,0,0,0,0
220524,2,1,0,0,0,0,0,0,0,0,0,0
220524,3,1,0,0,0,22,22,0,0,0,0,0
220525,1,1,27,27,27,27,27,27,27,27,27,27
220526,1,1,0,0,0,0,0,0,0,0,0,0
220526,2,1,0,0,0,0,0,0,0,0,0,0
220526,3,1,0,0,0,0,0,0,0,0,0,0
220526,4,1,0,0,0,0,0,0,0,0,0,0
220527,1,1,19,19,19,19,19,19,19,19,19,19
220528,1,1,19,19,19,19,19,19,19,19,19,19
220528,2,1,14,0,17,0,0,16,0,0,9,0
220529,1,1,0,0,0,0,0,0,0,0,0,0
220530,1,1,0,0,0,0,0,0,0,0,0,0
220530,2,1,0,0,0,0,0,0,0,0,0,0
220531,1,1,0,0,0,0,0,0,0,0,0,0
220531,2,1,0,0,0,0,0,0,0,0,0,0
220532,1,1,0,0,0,0,0,0,0,0,0,0
220532,2,1,0,0,0,0,0,0,0,0,0,0
220533,1,1,0,0,0,0,0,0,0,0,0,0
220534,0,1,0,0,0,0,0,0,0,0,0,0
220534,1,1,0,0,0,0,0,0,0,0,0,0
220535,0,1,0,0,0,0,0,0,0,0,0,0
220535,1,1,0,0,0,0,0,0,0,0,0,0
220536,1,1,12,12,12,12,12,12,12,12,12,12
220536,2,1,0,0,0,2,0,22,0,0,0,0
220537,1,1,0,0,13,0,0,13,0,0,0,0
220538,1,1,0,0,0,0,0,0,0,0,0,0
220540,1,1,20,0,0,24,16,15,0,6,0,0
220541,1,1,2,2,2,2,2,2,2,2,2,2
220541,2,1,0,0,0,0,0,0,0,0,0,0
220542,1,1,12,12,12,12,12,12,12,12,12,12
220542,2,1,0,0,0,0,0,0,0,0,0,0
220543,0,1,0,0,0,0,0,0,0,0,0,0
220543,1,1,0,0,0,0,0,0,0,0,0,0
220544,1,1,14,14,14,14,14,14,14,14,14,14
220545,1,1,0,0,0,0,0,0,0,0,0,0
220545,2,1,0,0,0,0,0,0,0,0,0,0
220545,3,1,0,0,0,0,0,0,0,0,0,0
220546,1,1,30,30,30,30,30,30,30,30,30,30
220548,1,1,0,0,0,0,0,0,0,0,0,0
220549,1,1,0,0,0,0,0,0,0,0,0,0
220549,2,1,0,0,0,0,0,0,0,0,0,0
220550,1,1,23,23,23,23,23,23,23,23,23,23
220551,1,1,0,0,0,0,0,0,0,0,0,0
220551,2,1,0,0,0,0,0,0,0,0,0,0
220552,1,1,19,0,0,0,0,0,36,11,0,0
220552,2,1,0,0,32,14,10,12,0,0,17,15
220553,1,1,16,16,16,16,16,16,16,16,16,16
220554,1,1,18,18,18,18,18,18,18,18,18,18
220554,2,1,0,0,0,0,0,0,0,0,0,0
220555,0,1,0,0,0,0,0,0,0,0,0,0
220555,1,1,0,0,0,0,0,0,0,0,0,0
220556,0,1,0,0,0,0,0,0,0,0,0,0
220556,1,1,0,0,0,0,0,0,0,0,0,0
220557,0,1,5,5,5,5,5,5,5,5,5,5
220557,1,1,0,0,0,0,0,0,0,0,0,0
220558,1,1,8,8,8,8,8,8,8,8,8,8
220559,0,1,0,0,18,12,19,0,0,0,0,0
220559,1,1,0,0,0,0,0,0,0,0,0,0
220560,0,1,25,25,25,25,25,25,25,25,25,25
220560,1,1,12,0,18,0,0,0,26,0,0,0
220561,1,1,11,11,11,11,11,11,11,11,11,11
220562,1,1,0,0,0,0,0,0,0,0,0,0
220563,1,1,0,0,0,0,0,0,0,0,0,0
220563,2,1,0,22,0,0,0,0,0,0,2,0
220564,1,1,10,0,0,15,0,19,16,0,0,19
220565,1,1,0,0,0,0,21,0,0,0,0,0
220566,0,1,0,0,0,0,0,0,0,0,0,0
220566,1,1,0,0,0,0,0,19,15,0,0,0
220567,1,1,0,0,0,0,0,0,0,0,0,0
220567,2,1,0,0,0,0,0,0,0,0,0,0
220568,1,1,22,22,22,22,22,22,22,22,22,22
220569,1,1,12,12,12,12,12,12,12,12,12,12
220570,1,1,0,0,0,0,0,0,0,0,0,0
220571,1,1,0,0,0,0,0,0,0,0,0,0
220572,0,1,0,0,0,0,0,0,0,0,0,0
220572,1,1,16,16,16,16,16,16,16,16,16,16
220572,2,1,0,0,0,0,0,0,0,0,0,0
220574,1,1,0,0,0,0,0,0,0,0,0,0
220574,2,1,0,0,0,0,0,0,0,0,0,0
220575,1,1,0,0,0,0,0,0,0,0,0,0
220575,2,1,0,0,0,0,0,0,0,0,0,0
220576,1,1,0,0,0,0,0,0,0,0,0,0
220576,2,1,0,0,0,0,0,0,0,0,0,0
220576,3,1,0,0,0,0,0,0,0,0,0,0
220576,4,1,0,0,0,0,0,0,0,0,0,0
220577,1,1,0,0,0,0,0,0,0,0,0,0
220577,2,1,0,0,0,0,0,0,0,0,0,0
220579,1,1,0,0,0,0,0,0,0,0,0,0
220579,2,1,0,0,0,0,0,0,0,0,0,0
220580,1,1,0,0,0,0,0,0,0,0,0,0
220581,1,1,0,0,0,0,0,0,0,0,0,0
220581,2,1,0,0,0,0,0,0,0,0,0,0
220582,0,1,0,0,0,0,0,0,0,0,0,0
220582,1,1,0,0,0,0,0,0,0,0,0,0
220583,0,1,27,37,20,0,0,0,0,4,0,0
220583,1,1,0,9,0,0,0,0,4,0,0,16
220584,0,1,0,0,0,0,0,0,0,0,0,0
220584,1,1,0,0,0,0,0,0,0,0,0,0
220585,1,1,26,26,26,26,26,26,26,26,26,26
220586,1,1,0,0,0,0,0,0,0,0,0,0
220587,1,1,21,21,21,21,21,21,21,21,21,21
220588,0,1,32,32,32,32,32,32,32,32,32,32
220588,1,1,0,31,0,8,17,0,0,32,0,0
220588,2,1,0,19,0,0,0,0,0,0,0,0
220590,0,1,0,0,23,10,0,23,22,30,20,0
220590,0,2,0,0,0,0,0,0,0,0,0,0
220590,1,1,0,0,0,0,0,0,0,0,0,0
220591,0,1,20,20,20,20,20,20,20,20,20,20
220591,1,1,0,0,0,0,0,0,0,0,0,0
220592,0,1,0,16,0,0,0,0,0,0,19,0
220592,1,1,0,0,0,0,0,0,0,0,0,0
220593,1,1,17,17,17,17,17,17,17,17,17,17
220594,1,1,0,0,0,0,0,0,0,0,0,0
220594,2,1,0,0,0,0,0,0,0,0,0,0
220595,1,1,0,0,0,0,0,0,0,0,0,0
220596,1,1,15,15,15,15,15,15,15,15,15,15
220597,1,1,0,0,0,0,0,0,0,0,0,0
220597,2,1,0,0,0,0,0,0,0,0,0,0
220597,3,1,0,0,0,0,0,0,0,0,0,28
220598,1,1,0,0,0,0,0,0,0,0,0,0
220599,1,1,19,19,19,19,19,19,19,19,19,19
220599,2,1,0,0,0,0,33,0,0,0,0,0
220600,0,1,30,30,30,30,30,30,30,30,30,30
220600,1,1,0,0,0,0,0,0,0,0,0,0
220601,1,1,21,21,21,21,21,21,21,21,21,21
220602,1,1,0,0,0,0,0,0,0,0,0,0
220603,1,1,0,0,0,0,0,0,0,0,0,0
220603,2,1,19,19,19,19,19,19,19,19,19,19
220604,1,1,0,0,0,0,0,0,0,0,0,0
220604,2,1,0,0,0,0,0,0,0,0,0,0
220605,1,1,0,0,0,0,0,0,0,0,0,0
220605,2,1,0,0,0,0,0,0,0,0,0,0
220606,1,1,0,0,0,0,0,0,0,0,0,0
220606,2,1,0,0,0,0,0,0,0,0,0,0
220606,3,1,0,0,0,14,0,0,0,0,0,0
220607,1,1,0,0,0,0,0,0,0,0,0,0
220608,1,1,0,0,0,0,0,0,0,0,0,0
220609,1,1,24,24,24,24,24,24,24,24,24,24
220610,0,1,0,0,0,0,0,0,0,0,0,0
220610,1,1,0,0,0,0,0,0,0,0,0,0
220611,0,1,3,3,3,3,3,3,3,3,3,3
220611,1,1,0,0,0,0,0,0,0,0,0,0