ST_CASE,VEH_NO,PER_NO,P1,P2,P3,P4,P5,P6,P7,P8,P9,P10
240338,2,1,0,0,0,0,0,0,0,0,0,0
240338,3,1,0,0,2,0,0,0,0,0,0,0
240339,0,1,20,20,20,20,20,20,20,20,20,20
240339,1,1,0,0,0,31,0,0,21,0,0,0
240340,1,1,32,32,32,32,32,32,32,32,32,32
240340,2,1,0,0,0,0,0,0,0,0,0,0
240340,3,1,0,0,0,0,0,0,0,0,0,0
240341,1,1,0,0,0,0,0,0,0,0,0,0
240341,2,1,0,0,0,0,0,0,0,0,0,0
240342,1,1,0,0,0,0,0,0,0,0,0,0
240342,2,1,0,0,0,0,0,0,0,0,0,0
240342,3,1,0,0,0,0,0,0,0,0,0,0
240342,4,1,0,0,0,0,0,0,0,0,0,0
240343,1,1,1,1,1,1,1,1,1,1,1,1
240343,2,1,0,0,0,0,0,0,0,0,0,0
240344,1,1,9,9,9,9,9,9,9,9,9,9
240344,2,1,0,0,0,0,0,0,0,8,0,0
240345,1,1,17,0,0,0,35,0,0,0,0,7
240345,2,1,0,0,0,0,0,0,0,0,0,0
240346,1,1,16,16,16,16,16,16,16,16,16,16
240347,1,1,0,0,0,0,0,0,0,0,0,0
240347,2,1,0,0,0,0,0,0,0,0,0,0
240347,3,1,0,0,0,0,0,0,0,0,0,0
240348,1,1,0,0,0,0,0,0,0,0,0,0
240348,2,1,0,0,0,0,0,0,0,0,0,0
240349,0,1,14,0,0,0,32,0,0,0,40,0
240349,1,1,0,0,0,0,0,0,0,0,27,0
240350,1,1,0,6,0,0,0,0,0,6,0,0
240350,2,1,0,0,0,19,0,0,5,0,0,0
240351,0,1,0,0,0,0,0,0,0,0,0,0
240351,1,1,0,0,0,0,0,0,0,0,0,0
240352,1,1,0,0,0,0,0,0,0,0,0,0
240353,0,1,0,9,0,0,0,0,0,0,0,0
240353,1,1,0,0,0,0,0,0,0,0,0,0
240354,0,1,0,0,0,0,0,0,0,0,0,0
240354,1,1,0,0,0,0,0,0,0,0,0,0
240355,1,1,0,0,0,0,0,0,0,0,0,0
240356,1,1,0,0,0,0,0,0,0,0,0,0
240356,2,1,9,9,9,9,9,9,9,9,9,9
240357,1,1,12,12,12,12,12,12,12,12,12,12
240357,2,1,0,0,0,0,0,0,0,0,0,0
240358,1,1,23,23,23,23,23,23,23,23,23,23
240359,1,1,18,18,18,18,18,18,18,18,18,18
240359,2,1,0,0,0,0,0,0,0,0,0,0
240360,1,1,0,0,0,0,0,0,0,0,0,0
240360,2,1,0,0,0,0,0,0,0,0,0,0
240361,1,1,18,18,18,18,18,18,18,18,18,18
240362,1,1,0,0,0,0,0,0,0,0,0,0
240362,2,1,0,0,0,0,0,0,0,0,0,0
240363,0,1,11,11,11,11,11,11,11,11,11,11
240363,1,1,0,2,0,0,0,8,0,9,11,0
240364,0,1,17,17,17,17,17,17,17,17,17,17
240364,1,1,0,0,0,0,0,0,0,0,0,0
240365,1,1,0,0,0,0,0,0,16,0,0,0
240365,2,1,0,0,0,0,0,0,0,0,0,0
240366,1,1,9,9,9,9,9,9,9,9,9,9
240366,2,1,0,0,0,0,0,0,0,0,0,0
240367,1,1,0,0,0,0,0,0,0,0,0,0
240367,2,1,0,0,0,0,0,0,0,0,0,0
240368,1,1,4,45,7,18,11,17,0,26,19,19
240369,0,1,7,7,7,7,7,7,7,7,7,7
240369,1,1,0,0,0,0,0,7,0,0,0,0
240369,2,1,0,0,0,0,8,0,0,0,0,0
240369,3,1,0,20,0,0,0,11,0,28,0,0
240370,1,1,0,0,0,0,0,0,0,0,0,0
240371,0,1,0,0,0,0,0,0,0,0,0,0
240371,1,1,0,0,0,0,0,0,0,0,0,0
240372,1,1,17,17,17,17,17,17,17,17,17,17
240373,1,1,15,15,15,15,15,15,15,15,15,15
240374,1,1,0,0,0,0,0,0,0,0,0,0
240374,2,1,0,0,0,0,0,0,0,0,0,0
240374,3,1,0,0,0,0,0,0,0,0,0,0
240375,1,1,0,0,0,0,0,0,0,0,0,0
240376,0,1,0,0,30,0,10,0,20,0,6,16
240376,1,1,0,0,0,0,0,0,0,0,0,0
240377,1,1,0,0,0,0,0,0,0,0,0,0
240377,2,1,0,0,0,0,0,0,0,0,0,0
240378,0,1,0,0,0,0,0,0,0,0,0,0
240378,1,1,19,0,0,0,0,10,15,0,0,0
240379,1,1,0,0,0,0,0,0,0,0,0,0
240380,0,1,0,0,0,0,0,0,0,0,0,0
240380,1,1,8,8,8,8,8,8,8,8,8,8
240381,1,1,0,0,0,0,0,0,0,0,0,0
240381,2,1,0,0,0,0,0,0,0,0,0,0
240382,1,1,0,0,0,0,0,0,0,0,0,0
240383,1,1,0,0,0,0,0,0,0,0,0,0
240383,2,1,0,0,0,0,0,0,0,0,0,0
240384,1,1,15,15,15,15,15,15,15,15,15,15
240384,2,1,0,0,0,0,0,8,0,8,0,0
240385,1,1,5,5,5,5,5,5,5,5,5,5
240386,0,1,0,0,0,0,0,0,0,0,0,0
240386,1,1,0,0,0,14,0,0,0,0,0,0
240387,1,1,0,0,0,0,0,0,0,0,0,0
240387,2,1,0,0,0,0,5,0,0,6,0,0
240388,1,1,18,18,18,18,18,18,18,18,18,18
240389,1,1,0,0,0,0,0,0,0,0,0,0
240390,1,1,0,0,0,0,0,0,0,0,0,0
240391,0,1,0,0,0,0,0,0,0,0,0,0
240391,1,1,19,0,0,0,0,0,0,0,0,0
240392,0,1,0,0,0,0,0,0,0,0,0,0
240392,1,1,0,0,0,0,0,0,0,0,0,0
240392,2,1,32,0,6,0,16,0,0,0,0,23
240393,1,1,0,0,0,0,0,0,0,0,0,0
240394,1,1,0,21,0,0,0,0,0,3,0,0
240394,2,1,12,12,12,12,12,12,12,12,12,12
240395,1,1,20,20,20,20,20,20,20,20,20,20
240395,2,1,0,0,0,0,0,0,0,0,0,0
240396,1,1,0,0,0,0,0,0,0,0,0,0
240396,2,1,0,0,0,0,0,0,0,0,0,0
240397,1,1,0,0,0,0,0,0,0,0,0,0
240397,2,1,0,0,0,0,0,0,0,0,0,0
240398,0,1,21,21,21,21,21,21,21,21,21,21
240398,1,1,0,0,0,0,0,0,0,0,0,0
240399,1,1,0,0,0,0,0,0,0,0,0,0
240399,2,1,0,0,0,0,0,0,0,0,0,0
240400,1,1,0,17,0,24,0,0,0,0,22,3
240401,1,1,0,0,0,0,0,0,0,0,0,0
240401,2,1,0,0,0,0,0,0,0,0,0,0
240402,0,1,0,0,0,0,0,0,0,0,0,0
240402,1,1,0,0,0,0,0,0,0,0,0,0
240403,0,1,6,6,6,6,6,6,6,6,6,6
240403,1,1,10,13,0,0,0,0,0,0,0,0
240404,0,1,0,0,0,0,0,0,0,0,0,0
240404,1,1,0,0,0,0,0,0,0,0,0,0
240405,1,1,0,0,0,0,0,0,0,0,0,0
240405,2,1,0,0,20,0,0,0,10,0,0,0
240406,0,1,0,0,0,0,0,0,0,0,0,0
240406,1,1,0,0,0,0,0,0,0,0,0,0
240407,1,1,0,0,0,0,0,0,0,0,0,0
240408,0,1,0,0,0,0,0,0,0,0,0,0
240408,1,1,8,9,14,29,0,0,12,11,7,30
240409,1,1,0,0,0,0,0,0,0,0,0,0
240409,2,1,0,0,0,0,0,0,0,0,0,0
240410,0,1,22,22,22,22,22,22,22,22,22,22
240410,1,1,0,0,0,19,0,0,5,0,0,0
240411,1,1,0,0,0,0,0,0,0,0,0,0
240411,2,1,0,0,0,0,0,0,0,0,0,0
240411,3,1,0,0,0,0,0,0,0,0,0,13
240412,1,1,18,18,18,18,18,18,18,18,18,18
240413,1,1,19,19,19,19,19,19,19,19,19,19
240414,1,1,11,11,11,11,11,11,11,11,11,11
240415,1,1,0,0,0,0,0,0,0,0,0,0
240416,0,1,12,0,0,0,23,30,24,0,0,16
240416,1,1,0,0,0,0,0,0,0,0,0,0
240417,0,1,0,0,0,0,0,0,0,0,0,0
240417,1,1,0,0,0,0,0,0,0,0,0,0
240417,2,1,0,0,0,0,0,0,0,0,0,0
240418,0,1,0,0,0,0,0,0,0,0,0,0
240418,1,1,28,22,4,0,7,0,0,0,0,0
240419,1,1,17,0,0,0,11,0,0,0,0,0
240419,2,1,0,0,0,0,0,0,0,0,0,0
240420,0,1,0,0,0,0,0,0,0,0,0,0
240420,1,1,0,0,0,0,0,0,0,0,0,0
240421,1,1,0,0,0,0,0,0,0,0,0,0
240421,2,1,0,0,0,0,0,0,0,0,0,0
240422,1,1,0,0,3,0,0,0,0,0,0,20
240422,2,1,0,0,0,0,0,0,0,0,0,0
240422,3,1,0,0,15,0,0,0,0,0,0,0
240422,4,1,0,0,0,0,0,0,0,0,0,0
240422,5,1,0,0,0,0,0,0,13,0,0,0
240423,1,1,0,0,0,0,0,0,0,0,0,0
240424,1,1,0,0,0,0,0,0,0,0,0,0
240424,2,1,0,0,0,0,0,0,0,0,0,9
240425,0,1,35,35,35,35,35,35,35,35,35,35
240425,1,1,0,0,0,0,0,0,11,0,0,0
240425,2,1,0,0,0,28,5,0,0,0,0,0
240426,1,1,11,0,0,6,0,0,0,0,0,0
240426,2,1,0,0,0,0,0,0,0,0,0,0
240427,0,1,0,0,0,0,0,0,0,0,0,0
240427,1,1,0,0,0,0,0,0,0,0,13,0
240428,0,1,27,0,30,0,0,0,10,0,0,0
240428,1,1,0,0,0,0,0,0,29,0,0,0
240429,1,1,0,0,0,0,0,0,0,0,0,0
240430,0,1,0,0,0,0,0,0,0,0,0,0
240430,0,2,0,0,0,0,0,0,0,0,0,0
240430,1,1,0,0,0,0,0,0,17,0,0,0
240430,2,1,0,0,10,13,0,0,0,0,0,0
240431,1,1,0,0,0,0,0,0,0,0,30,0
240431,2,1,0,0,0,0,0,0,0,0,0,0
240432,1,1,14,14,14,14,14,14,14,14,14,14
240432,2,1,0,0,0,0,0,0,0,0,0,0
240432,3,1,0,0,0,0,0,0,0,0,0,0
240433,0,1,5,5,5,5,5,5,5,5,5,5
240433,1,1,0,0,0,0,0,0,0,0,0,0
240434,1,1,0,0,0,0,0,0,0,0,0,0
240434,2,1,0,0,0,0,0,0,0,0,0,0
240435,0,1,33,33,33,33,33,33,33,33,33,33
240435,1,1,0,0,0,0,12,0,0,0,0,13
240436,1,1,20,20,20,20,20,20,20,20,20,20
240436,2,1,0,0,0,0,0,0,0,0,0,0
240436,3,1,29,0,0,0,0,37,0,0,25,0
240437,0,1,21,20,8,17,4,17,16,14,18,21
240437,1,1,0,0,0,20,0,0,0,0,0,0
240438,1,1,0,0,0,0,0,0,0,0,0,0
240438,2,1,0,0,0,0,0,0,0,0,0,0
240439,0,1,0,0,0,0,0,0,0,0,0,0
240439,1,1,0,0,0,0,0,0,0,0,0,0
240440,1,1,0,0,0,0,0,0,0,0,0,0
240440,2,1,0,0,0,0,0,0,0,0,0,0
240440,3,1,0,0,0,0,0,0,0,0,0,0
240440,4,1,0,0,0,0,0,0,0,0,0,0
240441,1,1,19,19,19,19,19,19,19,19,19,19
240442,0,1,0,20,53,0,0,0,0,0,0,0
240442,0,2,0,17,45,0,0,0,0,19,0,16
240442,1,1,0,0,0,0,0,0,0,0,23,0
240443,1,1,15,15,15,15,15,15,15,15,15,15
240444,0,1,0,0,0,0,0,0,0,0,0,0
240444,1,1,0,0,0,0,0,0,0,0,0,0
240445,0,1,0,4,21,20,12,23,31,7,0,21
240445,1,1,0,0,0,0,0,0,0,0,0,14
240446,1,1,0,0,0,0,0,0,7,0,0,0
240446,2,1,15,15,15,15,15,15,15,15,15,15
240447,1,1,8,8,8,8,8,8,8,8,8,8
240448,1,1,9,9,9,9,9,9,9,9,9,9
240448,2,1,4,4,4,4,4,4,4,4,4,4
240449,0,1,0,0,0,0,0,0,0,0,0,0
240449,1,1,0,0,0,0,0,0,0,0,0,0
240450,1,1,20,20,20,20,20,20,20,20,20,20
240451,1,1,0,0,0,0,0,0,0,0,0,0
240452,1,1,19,32,25,13,0,0,3,14,9,21
240452,2,1,0,0,0,0,0,0,0,0,0,0
240452,3,1,0,0,0,0,0,0,0,0,0,0
240453,1,1,0,0,0,0,20,0,0,0,0,0
240454,0,1,4,4,4,4,4,4,4,4,4,4
240454,1,1,0,0,0,0,0,0,0,0,0,0
240455,1,1,0,0,0,0,0,0,0,0,0,0
240455,2,1,0,0,0,0,0,0,0,0,0,0
240456,1,1,0,0,0,0,0,0,0,0,0,0
240456,2,1,18,8,22,0,7,39,0,15,0,0
240457,1,1,0,0,0,0,0,0,0,0,0,0
240457,2,1,0,0,0,0,0,0,0,0,0,0
240458,1,1,6,6,16,0,0,0,0,0,0,0
240459,1,1,7,7,7,7,7,7,7,7,7,7
240460,0,1,0,0,0,0,0,0,0,0,0,0
240460,1,1,20,20,20,20,20,20,20,20,20,20
240461,1,1,0,0,0,0,0,0,0,0,0,0
240461,2,1,0,0,0,0,0,0,0,0,0,0
240461,3,1,0,0,0,0,0,0,13,0,0,0
240462,1,1,13,0,15,0,0,0,0,15,0,0
240463,1,1,0,0,0,0,0,0,0,0,0,0
240464,1,1,21,18,23,8,22,11,40,12,9,24
240465,0,1,36,36,36,36,36,36,36,36,36,36
240465,1,1,0,0,0,0,0,0,0,0,0,0
240466,1,1,0,0,0,0,0,0,0,0,0,0
240466,2,1,0,0,0,0,0,0,0,0,0,0
240467,0,1,0,0,0,0,0,0,0,0,0,0
240467,0,2,0,0,0,0,0,0,0,19,0,0
240467,0,3,0,0,0,0,0,0,0,0,0,0
240467,0,4,0,12,0,0,36,0,0,0,28,0
240467,0,5,0,0,0,0,0,0,0,0,0,0
240467,0,6,17,0,0,0,0,0,0,0,0,0
240467,0,7,0,0,0,0,0,0,0,0,0,0
240467,0,8,0,0,0,0,0,0,0,0,0,0
240467,0,9,0,0,25,0,0,11,0,0,0,0
240467,0,10,0,0,0,0,0,21,0,0,0,9
240467,0,11,0,0,0,0,0,0,0,0,0,0
240467,0,12,0,0,0,0,0,0,0,0,0,0
240467,0,13,0,0,0,0,0,0,0,0,0,0
240467,0,14,0,0,0,0,0,0,0,0,0,0
240467,0,15,0,0,0,0,0,0,0,0,0,0
240467,0,16,0,0,0,0,0,0,0,0,0,0
240467,0,17,0,0,0,0,0,0,0,0,0,0
240467,0,18,0,0,0,14,0,0,0,0,0,0
240467,0,19,44,17,0,6,0,0,0,0,0,0
240467,0,20,0,0,0,0,0,0,0,0,0,0
240467,0,21,0,0,0,0,0,0,0,0,0,0
240467,0,22,0,0,0,0,0,0,16,0,0,0
240467,0,23,0,0,0,0,0,0,0,0,0,0
240467,1,1,0,0,9,0,0,0,0,0,0,0
240468,1,1,20,20,20,20,20,20,20,20,20,20
240469,1,1,0,0,0,0,0,0,0,0,0,0
240470,0,1,19,19,19,19,19,19,19,19,19,19
240470,1,1,0,0,0,0,0,0,0,0,0,0
240471,1,1,0,0,0,0,0,0,0,0,0,0
240471,2,1,0,0,0,0,0,0,0,0,0,0
240472,1,1,26,26,26,26,26,26,26,26,26,26
240473,0,1,23,23,23,23,23,23,23,23,23,23
240473,1,1,0,0,0,0,0,0,0,0,0,0
240474,1,1,0,0,0,0,0,0,0,0,0,0
240474,2,1,0,0,0,0,0,0,0,0,0,0
240475,1,1,0,0,0,0,0,0,0,0,0,0
240475,2,1,0,0,0,0,0,0,0,0,23,0
240476,1,1,21,21,21,21,21,21,21,21,21,21
240477,1,1,0,0,0,0,0,0,0,0,0,0
240477,2,1,0,0,0,0,0,0,0,0,0,0
240478,1,1,30,0,10,26,0,22,19,15,21,16
240479,1,1,0,0,0,0,0,0,0,0,0,0
240479,2,1,7,5,13,13,18,5,28,21,16,27
240480,0,1,4,4,4,4,4,4,4,4,4,4
240480,1,1,0,0,0,0,0,0,0,0,0,0
240481,1,1,0,0,0,0,0,0,0,0,0,0
240481,2,1,0,0,0,0,0,0,0,0,0,0
240482,1,1,21,21,21,21,21,21,21,21,21,21
240483,1,1,0,0,0,0,0,0,0,0,0,0
240483,2,1,0,0,0,0,0,0,0,0,0,0
240484,1,1,0,0,0,0,0,0,0,0,0,0
240484,2,1,0,7,8,0,0,0,0,0,0,0
240485,1,1,0,0,0,0,0,0,0,0,0,0
240486,0,1,0,0,0,0,0,0,0,0,0,0
240486,1,1,0,0,0,0,0,0,0,0,0,0
240487,1,1,0,0,0,0,0,0,0,0,0,0
240487,2,1,0,0,0,0,0,0,0,0,0,0
240488,1,1,20,10,18,20,30,23,23,17,7,0
240489,1,1,12,12,12,12,12,12,12,12,12,12
240490,1,1,0,9,0,5,18,0,0,0,0,0
240491,1,1,0,0,0,0,0,0,0,0,0,0
240492,1,1,0,23,23,0,0,0,0,19,27,0
240492,2,1,0,0,0,0,0,0,0,0,0,0
240493,0,1,0,0,0,0,0,0,0,0,0,0
240493,1,1,0,0,0,0,0,0,0,0,0,0
240494,1,1,7,0,0,26,0,4,24,0,13,0
240495,1,1,0,0,0,0,0,0,0,0,0,0
240495,2,1,0,0,0,0,0,0,0,0,0,0
240496,1,2,14,25,0,16,11,13,24,11,0,11
240497,1,1,13,13,13,13,13,13,13,13,13,13
240497,2,1,0,0,0,0,0,11,0,0,0,0
240498,1,1,8,8,8,8,8,8,8,8,8,8
240499,0,1,0,0,0,0,0,0,0,0,0,0
240499,1,1,0,18,9,17,0,32,0,0,16,0
240500,1,1,0,0,0,0,0,0,0,0,0,0
240500,2,1,0,15,0,0,0,0,0,0,0,0
240500,3,1,0,0,0,33,0,0,0,0,0,0
240500,4,1,0,0,0,0,0,0,0,0,0,0
240501,1,1,0,0,0,0,0,0,0,0,0,0
240501,2,1,0,0,0,0,0,0,0,0,0,0
240502,0,1,0,12,8,0,13,7,21,39,37,19
240502,1,1,0,0,0,0,0,0,0,0,0,0
240503,0,1,0,0,0,0,0,0,0,0,0,0
240503,1,1,0,9,16,0,0,13,5,0,19,0
240504,1,1,0,0,0,0,0,0,0,0,0,0
240505,0,1,0,0,0,0,0,0,0,0,0,0
240505,0,2,0,0,0,0,0,0,0,0,0,0
240505,1,1,0,17,0,0,0,14,11,0,0,0
240506,0,1,0,0,0,0,0,0,0,0,0,0
240506,1,1,0,0,0,0,0,0,0,0,0,0
240507,1,1,21,21,4,7,21,21,14,20,25,15
240508,1,1,0,0,0,0,0,0,0,0,0,0
240508,2,1,0,0,0,0,0,14,0,0,14,0
240509,1,1,0,0,0,0,0,0,0,0,0,0
240509,2,1,0,0,0,0,22,23,5,0,0,21
240510,1,1,0,0,0,0,0,8,0,0,0,0
240510,2,1,0,0,0,0,0,0,0,0,0,0
240511,1,1,14,5,7,15,12,15,26,0,18,10
240511,2,1,0,0,0,0,27,0,0,0,0,0
240512,1,1,0,3,29,11,19,13,11,16,24,7
240512,2,1,0,0,0,0,0,0,0,0,0,0
240513,0,1,0,0,0,0,0,0,0,0,0,0
240513,0,2,20,18,25,0,0,25,0,0,5,0
240513,1,1,19,0,0,0,20,21,4,0,10,14
240514,1,1,25,9,21,4,2,3,9,22,20,7
240514,2,1,14,9,0,0,0,0,0,11,0,0
240515,1,1,0,0,0,17,0,0,0,0,20,0
240516,0,1,0,0,0,14,0,27,0,12,0,0
240516,1,1,0,6,0,0,0,20,29,0,11,41
240517,0,1,0,0,0,25,19,0,17,0,0,0
240517,1,1,12,29,15,0,0,29,0,0,9,16
240518,0,1,0,0,0,0,0,0,0,0,0,0
240518,1,1,0,0,0,0,0,0,0,0,0,0
240519,0,1,0,0,0,0,0,0,0,0,0,0
240519,1,1,6,0,0,0,0,0,0,0,6,0
240520,1,1,0,11,7,0,9,17,0,0,0,11
240520,2,1,0,0,0,0,0,0,0,0,0,0
240521,1,1,0,0,0,0,0,0,0,0,0,0
240521,2,1,0,0,0,0,0,0,0,0,0,0
240522,0,1,0,0,0,0,0,0,0,0,0,0
240522,1,1,0,0,0,0,0,0,0,0,0,25
240523,0,1,0,0,0,0,0,0,0,0,0,0
240523,1,1,0,0,23,0,0,0,0,0,0,0
240523,2,1,0,0,0,0,0,0,0,0,0,0
240524,1,1,0,0,0,0,0,26,16,0,17,0
240524,2,1,0,0,0,0,0,0,0,0,0,0
240525,0,1,0,0,0,0,0,0,0,0,0,0
240525,1,1,17,15,0,0,0,13,13,0,0,27
250001,0,1,0,0,0,0,0,0,0,0,0,0
250001,1,1,15,0,8,0,34,0,0,0,0,0
250002,0,1,42,42,42,42,42,42,42,42,42,42
250002,1,1,0,0,21,0,0,0,0,0,0,0
250003,1,1,0,0,0,0,0,0,0,0,0,0
250003,2,1,0,0,0,0,0,0,0,0,0,0
250004,1,1,0,0,0,0,0,0,0,0,0,0
250005,1,1,0,0,0,0,0,0,0,0,0,0
250006,1,1,0,0,0,0,0,0,0,0,0,34
250007,1,1,27,27,27,27,27,27,27,27,27,27
250008,1,1,0,0,0,0,0,0,0,0,0,0
250008,2,1,0,0,0,0,0,0,0,0,0,0
250009,1,1,0,0,0,0,0,0,0,0,0,0
250009,2,1,24,24,24,24,24,24,24,24,24,24
250010,1,1,17,17,17,17,17,17,17,17,17,17
250011,1,1,31,28,7,35,0,25,0,0,21,0
250012,1,1,0,0,0,0,0,0,0,0,0,0
250013,1,1,14,14,14,14,14,14,14,14,14,14
250015,1,1,20,20,20,20,20,20,20,20,20,20
250016,1,1,0,0,0,0,0,0,0,0,0,0
250017,1,1,31,31,31,31,31,31,31,31,31,31
250018,0,1,0,0,0,0,0,0,0,0,0,0
250018,1,1,0,0,0,0,5,0,0,11,29,0
250019,1,1,0,0,0,0,0,0,0,0,0,0
250020,1,1,34,34,34,34,34,34,34,34,34,34
250021,1,1,21,21,21,21,21,21,21,21,21,21
250022,1,1,22,28,17,11,0,0,0,30,12,35
250024,0,1,27,27,27,27,27,27,27,27,27,27
250024,1,1,9,18,0,0,0,0,17,0,0,20
250025,0,1,26,26,26,26,26,26,26,26,26,26
250025,1,1,0,0,0,0,0,0,0,0,0,0
250026,0,1,0,0,0,0,0,0,0,0,0,0
250026,1,1,0,0,0,0,0,0,0,0,0,0
250027,1,1,10,10,10,10,10,10,10,10,10,10
250028,0,1,0,0,0,0,0,0,0,0,0,0
250028,1,1,0,0,0,0,0,0,0,0,0,0
250029,1,1,0,0,0,0,0,0,0,0,0,0
250030,1,1,13,13,13,13,13,13,13,13,13,13
250031,1,1,7,7,16,12,23,16,13,33,0,6
250032,0,1,0,0,0,0,0,0,0,0,0,0
250032,1,1,0,24,0,24,0,0,8,8,47,0
250033,1,1,14,14,14,14,14,14,14,14,14,14
250033,2,1,0,0,0,0,0,0,0,0,0,0
250034,1,1,0,0,0,0,0,0,0,0,0,0
250035,0,1,0,0,0,0,0,0,0,0,0,0
250035,1,1,0,0,17,0,0,10,0,0,0,0
250036,1,1,0,6,0,0,0,0,0,0,0,0
250036,2,1,0,0,0,0,0,0,0,0,14,0
250037,1,1,0,0,0,0,0,0,0,0,0,0
250038,1,1,0,0,0,0,0,0,0,0,0,0
250038,2,1,4,4,4,4,4,4,4,4,4,4
250039,1,1,0,0,0,0,0,0,0,0,0,0
250040,0,1,0,0,0,0,0,0,0,0,0,0
250040,1,1,0,0,0,0,0,0,15,0,0,0
250041,1,1,46,46,46,46,46,46,46,46,46,46
250041,2,1,0,0,0,0,2,0,0,0,0,22
250042,1,1,0,0,0,0,0,0,0,0,0,0
250042,2,1,0,0,0,0,0,0,0,0,0,0
250043,1,1,0,26,0,19,0,0,18,21,20,21
250044,1,1,0,0,0,0,0,0,0,0,0,0
250045,1,1,20,20,20,20,20,20,20,20,20,20
250046,0,1,0,0,0,0,0,0,0,0,0,0
250046,0,2,0,0,0,0,0,0,0,0,0,0
250046,1,1,0,33,0,0,20,0,15,21,13,0
250047,1,1,0,0,0,0,0,0,0,0,0,0
250048,0,1,0,0,0,0,0,0,0,0,0,0
250048,1,1,0,0,0,0,0,0,0,0,9,0
250049,1,1,17,0,17,6,0,0,15,7,0,5
250049,2,1,0,0,0,0,0,0,0,0,0,0
250050,1,1,0,0,0,0,0,0,0,0,0,0
250051,1,1,0,0,0,0,0,0,0,0,0,0
250051,2,1,0,0,0,0,0,0,0,0,0,0
250051,3,1,0,0,29,9,23,9,0,8,0,8
250053,0,1,0,0,0,0,0,0,0,0,0,0
250053,1,1,0,0,16,0,0,0,26,0,0,0
250054,1,1,0,0,0,0,0,0,0,0,0,0
250055,1,1,9,9,9,9,9,9,9,9,9,9
250056,0,1,0,0,0,0,0,0,0,0,0,0
250056,1,1,0,0,0,0,0,0,0,0,0,0
250057,0,1,0,0,0,0,0,0,0,0,0,0
250057,1,1,0,23,0,0,12,0,0,9,32,0
250058,0,1,0,0,0,0,0,0,0,0,0,0
250058,1,1,0,0,0,0,0,0,0,0,0,0
250059,1,1,6,6,6,6,6,6,6,6,6,6
250059,2,1,0,0,0,0,0,0,0,14,0,0
250061,0,1,26,26,26,26,26,26,26,26,26,26
250061,1,1,0,0,0,0,0,0,15,13,0,0
250062,0,1,26,26,26,26,26,26,26,26,26,26
250062,1,1,0,0,0,0,0,0,0,0,0,0
250063,1,1,0,15,0,22,7,0,0,6,0,0
250064,1,1,0,0,0,0,0,0,0,0,0,0
250065,1,1,23,23,23,23,23,23,23,23,23,23
250066,1,1,0,25,20,0,0,0,22,16,0,0
250066,2,1,0,0,0,0,0,0,0,0,0,0
250067,1,1,12,12,12,12,12,12,12,12,12,12
250068,0,1,0,0,0,0,0,0,0,0,0,0
250068,1,1,13,14,20,9,0,15,12,0,0,18
250069,1,1,10,10,10,10,10,10,10,10,10,10
250070,1,1,0,0,9,0,18,0,0,0,0,20
250070,2,1,15,10,18,17,9,16,5,17,0,22
250071,1,1,0,0,0,0,0,0,0,0,0,0
250072,1,1,0,0,0,0,0,0,0,0,0,0
250073,0,1,0,0,0,0,0,0,0,0,0,0
250073,1,1,0,0,0,0,0,0,0,0,0,17
250074,1,1,0,0,0,0,0,0,0,0,0,0
250075,1,1,22,22,22,22,22,22,22,22,22,22
250075,2,1,13,22,0,0,5,0,17,29,0,7
250075,3,1,15,0,0,16,0,7,13,12,0,17
250075,4,1,0,0,22,0,0,0,0,0,0,0
250075,5,1,0,0,0,0,0,8,0,0,0,0
250076,1,1,19,19,19,19,19,19,19,19,19,19
250077,1,1,12,13,3,19,14,15,4,27,14,0
250078,1,1,0,0,0,0,0,0,0,0,0,0
250079,1,1,15,15,15,15,15,15,15,15,15,15
250080,1,1,0,28,0,0,23,0,0,0,0,0
250080,2,1,0,0,0,0,0,0,0,0,0,0
250081,1,1,23,0,0,0,0,0,0,0,0,0
250081,2,1,0,0,0,0,0,0,0,0,0,0
250082,0,1,34,34,34,34,34,34,34,34,34,34
250082,1,1,26,0,14,6,0,0,0,0,0,0
250083,1,1,28,28,28,28,28,28,28,28,28,28
250085,1,1,0,0,0,0,0,0,0,0,0,0
250086,0,1,29,29,29,29,29,29,29,29,29,29
250086,1,1,0,24,0,0,22,0,0,0,0,24
250087,1,1,0,0,0,0,0,0,0,0,0,0
250087,2,1,0,0,0,0,0,0,0,0,0,0
250088,1,1,0,0,0,0,0,0,0,0,0,0
250089,1,1,0,0,0,0,0,0,0,0,0,0
250090,1,1,0,0,0,0,0,0,0,0,0,0
250090,2,1,0,0,0,0,0,0,0,0,0,0
250090,3,1,0,21,0,0,0,0,0,0,19,0
250091,1,1,0,0,0,13,0,11,6,5,0,0
250092,1,1,20,20,20,20,20,20,20,20,20,20
250093,1,1,15,15,15,15,15,15,15,15,15,15
250094,0,1,0,0,0,0,0,0,0,0,0,0
250094,1,1,0,13,0,0,0,0,0,0,0,0
250095,1,1,16,16,16,16,16,16,16,16,16,16
250096,1,1,11,15,15,30,10,29,11,19,34,12
250097,1,1,0,0,0,0,0,0,0,0,0,0