ST_CASE,VEH_NO,PER_NO,P1,P2,P3,P4,P5,P6,P7,P8,P9,P10
250098,1,1,0,0,0,0,0,0,0,0,0,0
250098,2,1,0,0,0,0,0,0,0,0,0,0
250099,1,1,0,0,0,0,0,0,0,0,0,0
250100,1,1,10,10,10,10,10,10,10,10,10,10
250101,1,1,16,0,14,0,21,0,37,0,17,0
250103,1,1,21,21,21,21,21,21,21,21,21,21
250104,1,1,24,24,24,24,24,24,24,24,24,24
250105,1,1,0,0,0,0,0,0,0,0,0,0
250106,1,1,0,0,0,0,0,0,0,0,0,0
250107,0,1,0,0,0,0,0,0,0,0,0,0
250107,1,1,0,0,11,0,27,0,31,0,8,8
250108,1,1,0,0,0,0,0,0,0,0,0,0
250108,2,1,9,9,9,9,9,9,9,9,9,9
250109,1,1,0,0,0,0,0,0,0,0,0,0
250110,1,1,0,0,0,0,0,0,0,0,0,0
250110,2,1,7,0,0,0,0,0,0,0,0,0
250112,0,1,0,0,0,0,0,0,0,0,0,0
250112,1,1,9,33,0,0,0,0,0,0,7,3
250113,0,1,6,6,6,6,6,6,6,6,6,6
250113,1,1,0,24,0,22,0,0,0,0,0,0
250114,1,1,0,13,0,0,0,0,0,0,0,0
250114,2,1,0,0,0,0,0,0,0,0,0,0
250115,0,1,6,6,6,6,6,6,6,6,6,6
250115,0,2,0,11,0,0,0,6,0,0,0,25
250115,1,1,0,0,0,0,0,0,0,0,0,17
250116,1,1,0,0,0,7,0,0,0,0,0,0
250116,2,1,0,0,0,0,0,0,0,0,0,0
250117,1,1,22,22,22,22,22,22,22,22,22,22
250118,1,1,23,23,23,23,23,23,23,23,23,23
250119,1,1,0,0,0,0,0,0,0,0,0,0
250120,1,1,37,37,37,37,37,37,37,37,37,37
250121,0,1,0,0,0,0,0,0,0,0,0,0
250121,1,1,0,0,0,9,0,0,0,0,0,0
250122,1,1,0,0,0,0,0,0,0,0,0,0
250123,0,1,18,18,18,18,18,18,18,18,18,18
250123,1,1,0,14,9,0,52,0,0,12,0,12
250124,1,1,18,18,18,18,18,18,18,18,18,18
250125,1,1,7,7,7,7,7,7,7,7,7,7
250126,1,1,0,0,0,0,0,0,0,0,0,0
250127,0,1,0,0,0,0,0,0,0,0,0,0
250127,1,1,0,13,0,8,0,14,0,34,0,0
250128,1,1,0,0,0,0,0,0,0,0,0,0
250129,1,1,23,23,23,23,23,23,23,23,23,23
250130,1,1,0,0,0,0,0,0,0,0,0,0
250130,2,1,0,0,0,0,0,0,0,0,0,0
250130,3,1,0,0,0,0,0,0,0,0,0,0
250131,1,1,17,17,17,17,17,17,17,17,17,17
250132,0,1,0,0,0,0,0,0,0,0,0,0
250132,0,2,0,0,0,0,0,0,0,0,0,0
250132,1,1,0,0,0,0,8,0,0,0,0,0
250133,1,1,12,12,12,12,12,12,12,12,12,12
250133,2,1,0,0,37,10,0,14,0,11,19,0
250134,1,1,2,2,2,2,2,2,2,2,2,2
250135,1,1,9,9,9,9,9,9,9,9,9,9
250136,0,1,38,38,38,38,38,38,38,38,38,38
250136,1,1,0,0,26,0,8,16,0,0,0,0
250137,0,1,0,0,0,0,0,0,0,0,0,0
250137,1,1,26,0,0,24,0,0,0,0,0,3
250138,1,1,0,0,0,0,0,0,0,0,0,0
250138,2,1,0,11,16,0,0,20,0,0,17,24
250138,3,1,18,0,0,0,0,0,18,11,0,0
250140,1,1,0,0,0,0,0,0,0,0,0,0
250141,0,1,0,0,0,0,0,0,0,0,0,0
250141,1,1,0,0,18,0,0,0,0,0,0,17
250142,0,1,0,0,0,0,0,0,0,0,0,0
250142,1,1,0,0,0,0,0,0,0,0,0,0
250143,1,1,10,10,10,10,10,10,10,10,10,10
250145,0,1,0,0,0,0,0,0,0,0,0,0
250145,1,1,0,0,0,15,0,0,0,0,0,0
250146,1,1,34,34,34,34,34,34,34,34,34,34
250147,1,1,0,0,0,0,0,0,0,0,0,0
250148,1,1,18,18,18,18,18,18,18,18,18,18
250148,2,1,0,0,0,0,0,0,0,0,0,0
250149,1,1,0,0,0,0,0,0,0,0,0,0
250149,2,1,0,0,0,0,0,0,0,0,0,0
250150,1,1,15,15,15,15,15,15,15,15,15,15
250151,1,1,20,20,20,20,20,20,20,20,20,20
250152,0,1,23,23,23,23,23,23,23,23,23,23
250152,1,1,14,14,19,13,0,4,31,21,0,15
250153,1,1,69,69,69,69,69,69,69,69,69,69
250154,1,1,8,8,8,8,8,8,8,8,8,8
250155,1,1,0,0,0,0,0,0,0,0,0,0
250156,1,1,0,0,0,0,0,0,0,0,0,0
250157,1,1,16,16,16,16,16,16,16,16,16,16
250157,2,1,0,0,0,0,10,0,0,0,0,0
250158,1,1,0,0,0,0,0,0,0,0,0,0
250158,2,1,11,0,0,0,0,0,0,0,0,0
250159,1,1,0,0,0,0,0,0,0,0,0,0
250159,2,1,0,0,0,0,0,0,0,0,0,0
250159,3,1,0,0,0,0,0,0,0,0,0,0
250161,1,1,0,0,0,0,0,0,0,0,0,0
250162,1,1,19,19,19,19,19,19,19,19,19,19
250164,1,1,0,0,0,0,0,0,0,0,0,0
250164,2,1,0,0,10,2,12,11,7,0,0,0
250165,1,1,35,35,35,35,35,35,35,35,35,35
250166,1,1,16,16,16,16,16,16,16,16,16,16
250167,1,1,0,0,0,0,0,0,0,0,0,0
250168,1,1,0,24,0,0,0,0,18,0,0,0
250168,2,1,0,0,0,0,0,0,0,0,0,0
250169,1,1,15,15,15,15,15,15,15,15,15,15
250169,2,1,4,4,4,4,4,4,4,4,4,4
250170,1,1,0,28,0,0,0,0,0,0,0,0
250170,2,1,0,0,0,0,0,0,0,0,0,0
250171,1,1,0,0,0,0,0,0,0,0,0,0
250171,2,1,0,0,0,0,0,0,0,0,0,0
250171,3,1,0,15,0,0,0,0,0,0,0,0
250172,0,1,0,0,0,0,0,0,0,0,0,0
250172,1,1,0,0,0,0,0,0,0,0,0,0
250173,1,1,21,21,21,21,21,21,21,21,21,21
250173,2,1,5,0,0,0,0,0,0,0,0,0
250174,1,1,0,0,0,0,0,0,0,0,6,0
250174,2,1,0,0,0,0,0,0,0,0,0,0
250175,1,1,27,27,27,27,27,27,27,27,27,27
250176,1,1,0,0,0,0,0,0,0,0,0,0
250176,2,1,0,0,0,0,0,0,0,0,0,0
250177,2,1,7,7,7,7,7,7,7,7,7,7
250178,1,1,0,0,0,0,0,0,0,0,0,0
250178,2,1,5,0,0,10,0,0,0,0,0,0
250179,1,1,0,0,0,0,0,0,0,0,0,0
250179,2,1,0,0,0,0,0,0,0,0,0,0
250180,1,1,0,0,0,0,0,0,0,0,0,0
250180,2,1,0,0,0,0,0,0,0,0,0,0
250181,0,1,0,0,0,0,0,0,0,0,0,0
250182,1,1,0,0,0,0,0,13,0,0,0,0
250182,2,1,0,0,0,0,0,0,0,0,0,0
250183,1,1,0,0,0,0,0,0,0,0,0,0
250183,2,1,0,0,0,0,0,0,0,0,0,0
250184,1,1,10,10,10,10,10,10,10,10,10,10
250185,1,1,4,4,4,4,4,4,4,4,4,4
250187,1,1,22,22,22,22,22,22,22,22,22,22
250188,0,1,0,0,0,0,0,0,0,0,0,0
250188,1,1,0,0,0,0,0,0,0,0,0,0
250189,1,1,13,13,13,13,13,13,13,13,13,13
250190,1,1,0,0,0,0,0,0,0,20,0,23
250190,2,1,18,18,18,18,18,18,18,18,18,18
250191,1,1,18,18,18,18,18,18,18,18,18,18
250192,0,1,10,10,10,10,10,10,10,10,10,10
250192,1,1,0,0,0,0,0,38,0,0,0,0
250193,1,1,0,0,0,0,0,0,0,0,0,0
250193,2,1,0,0,0,12,0,0,0,0,0,0
250194,1,1,0,0,0,0,0,0,0,0,0,0
250194,2,1,0,0,0,0,0,0,0,0,0,0
250194,3,1,0,0,0,0,0,0,0,0,0,0
250195,0,1,8,8,8,8,8,8,8,8,8,8
250195,1,1,0,0,0,0,0,0,0,0,0,0
250196,1,1,0,0,0,0,0,0,0,0,0,0
250197,1,1,0,0,0,0,0,0,0,0,0,0
250197,2,1,0,0,0,0,0,0,0,0,0,0
250197,3,1,0,0,0,0,0,0,0,0,0,0
250198,1,1,21,21,21,21,21,21,21,21,21,21
250199,1,1,17,17,17,17,17,17,17,17,17,17
250200,1,1,0,0,0,0,0,0,0,0,0,0
250201,1,1,0,0,0,0,0,0,0,0,0,0
250202,1,1,0,0,0,0,0,0,0,0,0,0
250202,2,1,0,0,0,0,0,0,0,0,0,0
250203,0,1,0,0,22,0,0,0,0,0,0,0
250203,1,1,0,0,0,0,0,0,0,0,0,0
250203,2,1,0,0,0,0,0,0,0,0,0,0
250204,1,1,18,18,18,18,18,18,18,18,18,18
250205,1,1,0,0,0,0,0,0,0,0,0,0
250206,1,1,0,0,0,0,0,0,0,0,0,0
250206,2,1,0,0,0,0,0,0,0,0,0,0
250208,1,1,9,10,18,23,0,18,8,9,12,0
250209,1,1,0,0,0,0,0,0,0,0,0,0
250209,2,1,0,0,0,0,0,0,0,0,0,0
250210,1,1,0,0,0,0,0,0,0,0,0,0
250210,2,1,0,0,0,0,0,32,0,0,0,24
250211,0,1,0,0,0,0,0,0,0,0,0,0
250211,1,1,0,0,10,0,0,0,15,0,0,0
250212,1,1,0,0,0,0,0,0,0,0,0,0
250213,1,1,19,19,19,19,19,19,19,19,19,19
250214,0,1,0,0,0,0,0,0,0,0,0,0
250214,1,1,0,0,0,0,0,0,0,0,0,0
250215,0,1,12,12,12,12,12,12,12,12,12,12
250215,1,1,0,0,21,0,0,0,0,0,0,10
250216,1,1,10,10,10,10,10,10,10,10,10,10
250216,2,1,0,0,0,0,0,5,0,0,0,0
250216,3,1,0,0,0,0,0,0,0,0,0,0
250217,1,1,0,0,0,0,0,0,0,0,0,0
250217,2,1,0,0,13,0,0,0,0,0,0,0
250218,1,1,21,21,21,21,21,21,21,21,21,21
250219,1,1,0,0,0,0,0,0,0,0,0,0
250219,2,1,0,0,0,0,0,0,0,0,0,0
250220,1,1,16,16,16,16,16,16,16,16,16,16
250221,1,1,0,0,0,0,0,0,0,0,0,0
250222,1,1,0,0,0,0,0,0,0,0,0,0
250222,2,1,0,0,0,0,0,0,0,0,9,11
250223,1,1,0,0,0,0,0,0,0,0,26,3
250223,2,1,0,0,0,0,0,0,0,0,0,0
250224,0,1,0,0,0,0,0,0,0,0,0,0
250224,1,1,0,0,0,0,0,0,0,0,0,0
250225,1,1,0,0,0,0,0,0,0,0,0,0
250225,2,1,6,3,0,0,0,0,0,0,13,0
250226,0,1,9,9,9,9,9,9,9,9,9,9
250226,1,1,0,0,0,0,0,21,0,0,0,0
250226,2,1,0,0,0,0,12,0,18,0,0,0
250227,0,1,0,0,0,0,0,0,0,0,0,0
250227,0,2,0,0,0,0,15,0,0,30,20,2
250227,1,1,7,0,0,0,18,0,0,0,5,29
250228,1,1,0,0,0,0,0,0,0,0,0,0
250228,2,1,0,0,0,0,0,0,0,0,0,0
250229,0,1,0,0,0,0,0,0,0,0,0,0
250229,1,1,0,0,19,0,0,0,28,0,18,5
250230,1,1,21,21,21,21,21,21,21,21,21,21
250231,0,1,0,0,0,0,0,0,0,0,0,0
250231,1,1,0,23,0,4,0,0,0,30,0,0
250232,1,1,0,0,0,0,0,25,0,0,0,0
250232,2,1,0,0,0,0,0,0,0,0,0,0
250232,3,1,0,0,0,0,0,0,0,0,0,0
250233,1,1,0,0,0,0,0,0,0,0,0,0
250234,1,1,28,28,28,28,28,28,28,28,28,28
250235,0,1,11,11,11,11,11,11,11,11,11,11
250235,1,1,0,0,0,14,0,0,25,0,0,0
250236,1,1,14,14,14,14,14,14,14,14,14,14
250237,1,1,1,1,1,1,1,1,1,1,1,1
250237,2,1,0,0,0,0,0,0,0,0,0,0
250238,1,1,14,14,14,14,14,14,14,14,14,14
250239,1,1,0,0,0,0,0,0,0,0,0,0
250240,0,1,0,0,0,0,0,0,0,0,0,0
250240,1,1,0,23,0,0,9,0,0,16,0,28
250241,1,1,0,0,0,0,0,0,0,0,0,0
250241,2,1,0,0,0,0,0,0,0,0,0,0
250242,1,1,0,0,0,0,0,0,0,0,0,0
250242,2,1,18,0,9,0,0,17,14,12,0,0
250243,1,1,7,7,7,7,7,7,7,7,7,7
250244,1,1,22,22,22,22,22,22,22,22,22,22
250245,1,1,11,11,11,11,11,11,11,11,11,11
250245,3,1,0,0,0,0,0,0,0,0,14,13
250246,1,1,0,0,38,26,10,14,16,0,13,9
250247,0,1,0,0,0,0,0,0,0,0,0,0
250247,1,1,0,0,0,0,0,0,0,0,0,0
250248,1,1,0,0,0,0,0,0,0,0,0,0
250248,2,1,0,0,0,0,0,0,0,0,0,0
250249,2,1,6,24,17,0,0,0,0,26,0,14
250249,3,1,14,6,0,0,12,12,0,0,18,0
250249,4,1,0,0,0,0,0,0,0,0,0,0
250250,0,1,0,0,0,0,0,0,0,0,0,0
250250,0,2,0,0,0,0,0,0,0,0,48,0
250250,1,1,15,0,0,0,0,0,17,0,0,0
250252,1,1,16,16,16,16,16,16,16,16,16,16
250252,2,1,0,0,11,0,0,0,0,0,0,0
250252,3,1,0,20,0,0,0,0,0,0,0,0
250253,1,1,0,0,0,0,0,0,0,0,0,0
250253,2,1,15,0,0,0,0,0,0,0,20,0
250254,1,1,0,0,0,0,0,0,0,25,0,0
250254,2,1,0,0,0,0,0,0,0,0,0,0
250255,1,1,0,0,0,0,0,0,0,0,0,0
250255,2,1,0,0,0,0,0,0,0,0,0,0
250256,0,1,0,0,0,0,0,0,0,0,0,0
250256,1,1,0,0,21,19,13,0,0,0,0,0
250257,0,1,0,0,0,0,0,0,0,0,0,0
250257,1,1,24,0,0,0,0,1,0,0,0,0
250258,1,1,28,28,28,28,28,28,28,28,28,28
250258,2,1,0,0,26,0,0,0,0,0,0,0
250259,1,1,27,27,27,27,27,27,27,27,27,27
250260,1,1,0,0,0,0,0,0,0,0,0,0
250260,2,1,0,0,0,0,0,0,0,0,17,0
250261,1,1,0,0,0,0,0,0,0,0,0,0
250262,1,1,19,19,19,19,19,19,19,19,19,19
250263,1,1,4,4,4,4,4,4,4,4,4,4
250265,1,1,0,0,0,0,0,0,0,0,0,0
250266,1,1,0,0,0,0,0,0,0,0,0,0
250267,1,1,7,7,7,7,7,7,7,7,7,7
250268,1,1,24,24,24,24,24,24,24,24,24,24
250269,1,1,0,0,0,0,0,0,0,0,0,0
250269,2,1,0,0,0,0,0,0,0,0,0,0
250270,1,1,16,16,16,16,16,16,16,16,16,16
250271,1,1,13,13,13,13,13,13,13,13,13,13
250271,2,1,0,0,0,0,0,0,0,0,0,0
250271,3,1,0,0,0,0,0,0,0,0,0,0
250272,0,1,0,0,0,0,0,0,0,0,0,0
250272,1,1,21,0,0,0,0,0,0,0,0,0
250273,2,1,19,19,19,19,19,19,19,19,19,19
250274,1,1,0,0,0,0,0,0,0,0,0,0
250274,2,1,0,0,11,0,0,0,0,0,0,0
250275,1,1,0,0,0,0,0,0,0,19,15,0
250276,1,1,17,17,17,17,17,17,17,17,17,17
250277,1,1,0,0,0,0,0,0,0,0,0,0
250277,2,1,0,0,0,7,13,0,21,0,0,0
250278,0,1,0,0,0,0,0,0,0,0,0,0
250278,1,1,0,0,0,6,0,0,0,0,0,0
250279,1,1,0,0,0,0,0,0,0,0,0,0
250279,2,1,0,0,18,0,0,19,0,0,0,0
250280,1,1,0,0,6,0,0,0,0,0,0,0
250281,0,1,0,0,0,0,0,0,0,0,0,0
250281,1,1,0,0,0,0,0,0,0,0,0,0
250282,1,1,0,0,0,0,0,0,0,0,0,0
250283,1,1,3,3,3,3,3,3,3,3,3,3
250283,2,1,0,0,0,0,0,0,0,0,0,0
250284,0,1,0,0,0,0,0,0,0,0,0,0
250284,1,1,0,8,14,0,0,0,21,0,4,19
250285,1,1,0,0,13,0,0,6,0,0,0,0
250285,2,1,0,0,0,0,0,0,0,0,0,0
250286,0,1,14,14,14,14,14,14,14,14,14,14
250286,0,2,0,21,24,0,26,15,0,0,17,0
250286,2,1,14,0,0,0,0,0,0,0,0,0
250287,1,1,15,15,15,15,15,15,15,15,15,15
250287,2,1,17,0,0,0,14,0,7,17,0,14
250288,1,1,0,0,0,0,0,0,0,0,13,20
250288,2,1,0,0,0,0,16,0,23,0,0,0
250289,0,1,0,0,0,0,0,0,0,0,0,0
250289,1,1,0,0,0,0,0,0,0,0,0,0
250291,1,1,0,0,0,0,0,0,0,0,0,0
250291,2,1,0,0,0,0,0,0,19,0,0,0
250292,1,1,0,0,0,0,0,0,0,0,0,0
250293,0,1,20,20,20,20,20,20,20,20,20,20
250293,1,1,0,0,0,27,0,0,0,0,0,0
250294,0,1,30,30,30,30,30,30,30,30,30,30
250294,1,1,0,0,0,0,0,0,0,17,0,0
250294,2,1,0,0,0,0,0,0,0,0,0,0
250294,3,1,0,0,0,0,31,0,14,0,0,0
250295,0,1,9,9,9,9,9,9,9,9,9,9
250295,1,1,0,0,18,0,0,3,0,31,0,18
250295,2,1,0,0,0,25,0,0,18,0,0,0
250296,1,1,0,0,0,0,0,0,0,0,0,0
250296,2,1,0,19,0,0,0,24,0,13,0,0
250297,1,1,41,41,41,41,41,41,41,41,41,41
250298,1,1,23,23,23,23,23,23,23,23,23,23
250299,0,1,0,0,0,0,0,0,0,0,0,0
250299,0,2,0,0,0,0,0,0,0,0,13,0
250299,1,1,0,0,0,0,0,0,0,0,0,0
250299,2,1,0,0,0,7,0,0,0,0,0,0
250300,1,1,27,0,0,20,0,0,0,11,0,0
250301,1,1,18,18,18,18,18,18,18,18,18,18
250302,0,1,0,0,0,0,0,0,0,0,0,0
250302,1,1,0,0,0,0,9,0,8,0,0,29
250303,0,1,0,0,0,0,0,0,0,0,0,0
250303,1,1,0,0,0,0,0,0,0,0,0,0
250306,1,1,0,0,0,0,0,0,0,0,0,0
250306,2,1,0,0,0,0,0,0,8,0,0,0
250307,1,1,0,0,0,0,0,0,0,0,0,0
250307,2,1,0,0,0,0,0,0,0,0,0,0
250307,3,1,0,0,0,0,0,0,0,0,0,0
250308,0,1,0,0,0,0,0,0,0,0,0,0
250308,1,1,0,0,0,0,0,0,0,0,0,0
250309,1,1,0,18,0,20,0,0,0,20,7,0
250309,2,1,0,23,32,18,41,18,0,0,12,10
250309,3,1,0,34,6,11,18,30,20,14,0,0
250310,1,1,0,0,0,0,0,0,0,0,0,0
250310,2,1,0,0,0,0,0,0,0,0,0,0
250310,3,1,0,0,0,0,0,14,0,0,0,0
250311,0,1,20,20,20,20,20,20,20,20,20,20
250311,1,1,0,0,0,4,19,0,0,32,0,0
250312,0,1,0,0,0,0,0,0,0,0,0,0
250312,1,1,0,0,18,0,0,0,0,0,0,0
250313,1,1,0,0,0,0,0,0,0,0,0,0
250313,2,1,0,0,0,0,0,0,0,0,0,0
250314,1,1,0,0,0,0,0,0,0,0,0,0
250315,1,1,0,0,0,0,0,0,0,0,0,0
250315,2,1,0,0,0,0,0,0,0,0,0,0
250315,3,1,0,0,0,0,0,0,0,0,0,0
250315,4,1,0,0,0,0,0,0,18,0,0,0
250315,5,1,0,0,0,0,0,0,0,0,0,0
250316,1,1,18,18,18,18,18,18,18,18,18,18
250317,0,1,0,0,0,0,0,0,0,0,0,0
250317,1,1,0,35,0,0,0,0,0,0,0,0
250318,1,1,0,15,0,0,0,13,0,0,0,0
250319,1,1,0,0,0,0,0,0,0,0,0,0
250319,2,1,0,0,0,0,0,0,0,0,0,0
250320,1,1,18,18,18,18,18,18,18,18,18,18
250321,0,1,0,0,0,0,0,0,0,0,0,0
250321,1,1,0,0,12,0,0,0,0,0,0,16
250322,0,1,0,0,0,0,0,0,0,0,0,0
250322,1,1,0,0,0,0,0,0,0,0,0,0
250323,1,1,31,31,31,31,31,31,31,31,31,31
250324,1,1,0,0,0,0,0,0,0,0,0,0
250324,2,1,0,0,10,12,0,0,0,0,17,18
250325,1,1,0,0,22,0,0,0,13,0,0,0
250325,2,1,0,0,0,0,0,0,0,0,0,0
250325,3,1,0,0,0,0,0,0,0,0,0,0
250326,0,1,0,0,0,0,0,0,0,0,0,0
250326,1,1,0,0,0,0,0,0,0,0,0,0
250327,0,1,4,4,4,4,4,4,4,4,4,4
250327,1,1,0,0,0,0,0,0,0,0,0,0
250328,0,1,0,0,0,0,0,0,0,0,0,0
250328,1,1,0,0,0,0,0,0,0,0,0,0
250329,1,1,20,27,9,7,10,24,10,23,15,26
250329,2,1,0,0,0,7,0,0,0,23,0,0
250330,0,1,0,0,0,0,0,0,0,0,0,0
250330,1,1,0,0,0,0,0,0,0,0,0,15
250331,1,1,0,0,0,0,0,0,0,0,0,0
250332,0,1,29,29,29,29,29,29,29,29,29,29
250332,1,1,0,0,0,0,0,0,0,0,0,0
250333,1,1,0,0,0,0,0,0,0,0,0,0
250333,2,1,0,0,0,0,9,0,20,0,0,0
250334,0,1,0,0,0,0,0,0,0,0,0,0
250334,1,1,0,17,0,0,0,0,0,0,0,0
250334,2,1,0,0,0,0,0,0,0,0,0,0
250335,1,1,0,0,0,0,0,0,0,0,0,0
250336,1,1,12,12,12,12,12,12,12,12,12,12
250337,1,1,0,0,0,0,0,0,0,0,0,0
250337,2,1,0,0,0,0,0,0,0,0,0,0
250337,3,1,0,0,0,0,0,0,0,0,0,0
250338,1,1,0,0,0,0,0,0,0,0,0,0
250338,2,1,0,0,0,0,0,0,0,0,0,0
250338,3,1,0,0,0,0,0,0,0,0,12,0
250339,1,1,0,0,0,0,0,0,0,0,0,0
250340,1,1,0,0,0,0,0,0,0,0,0,0
250340,2,1,12,0,0,0,0,0,0,0,0,0
250340,3,1,0,0,0,0,0,0,0,0,0,0
250341,1,1,0,0,0,0,0,17,0,5,0,0
250341,2,1,0,0,0,0,0,0,0,0,0,0
250342,1,1,0,0,0,0,0,0,0,0,0,0
250342,2,1,0,0,0,0,0,0,0,0,0,0
250343,1,1,26,26,26,26,26,26,26,26,26,26
250345,1,1,0,0,0,0,0,0,0,0,0,0
250345,2,1,0,0,0,0,0,0,0,0,0,0
250345,3,1,0,0,0,0,0,0,0,0,0,0
250347,1,1,0,0,0,0,0,0,0,0,0,0
250348,0,1,0,0,0,0,0,0,0,0,0,0
250348,0,2,0,0,0,0,0,18,0,16,0,0
250348,1,1,0,0,0,0,0,0,0,0,0,0
250349,0,1,0,0,0,0,0,0,2,0,0,0
250349,1,1,0,0,0,0,0,0,0,0,0,0
250350,1,1,0,0,0,0,0,0,0,0,0,0
250351,0,1,0,0,0,0,0,0,0,0,0,0
250351,1,1,0,0,0,0,0,0,0,0,0,0
250352,1,1,24,12,0,0,0,0,34,28,13,27
250353,1,1,0,0,14,20,0,7,8,20,18,0
260001,1,1,20,20,20,20,20,20,20,20,20,20
260002,1,1,0,0,0,0,0,19,22,0,0,0
260002,2,1,0,0,0,0,0,0,0,18,36,0
260003,1,1,0,0,0,0,0,0,0,0,0,0
260003,2,1,0,0,0,0,0,0,0,0,0,0
260004,1,1,21,21,21,21,21,21,21,21,21,21
260004,2,1,18,7,37,19,16,17,26,11,18,0
260005,1,1,11,0,0,0,0,23,0,0,0,0
260005,2,1,9,9,0,0,0,0,0,0,0,0
260006,0,1,0,0,0,20,0,0,0,0,0,0
260006,1,1,0,0,0,0,0,0,0,0,0,0
260006,2,1,0,0,0,0,0,0,0,0,0,0
260007,1,1,0,0,0,0,0,0,0,0,0,0
260008,1,1,13,13,13,13,13,13,13,13,13,13
260009,1,1,0,0,6,0,9,0,0,0,0,12
260009,2,1,0,0,0,0,0,0,0,0,0,0
260010,1,1,15,15,15,15,15,15,15,15,15,15
260011,1,1,0,0,0,0,0,0,0,0,0,0
260011,2,1,0,0,0,0,0,0,0,0,0,0
260012,1,1,0,0,0,0,0,0,0,0,0,0
260012,2,1,0,0,0,0,0,0,0,0,0,0
260012,3,1,0,0,0,0,0,16,0,11,0,0
260013,1,1,0,0,0,0,0,0,0,0,0,0
260013,2,1,0,0,0,0,0,0,0,0,0,0
260014,1,1,20,14,11,23,25,9,10,9,7,32
260014,2,1,0,0,13,0,0,0,16,0,0,0
260015,1,1,0,0,0,0,0,0,0,0,0,0
260015,2,1,0,0,0,0,0,0,0,0,0,0
260016,0,1,0,0,0,0,0,0,0,0,0,0
260016,1,1,0,0,0,0,0,0,0,0,0,0
260017,1,1,0,0,0,0,0,0,0,0,0,0
260017,2,1,0,0,0,0,0,0,0,0,0,0
260018,1,1,0,0,0,0,0,0,0,0,0,0
260019,1,1,0,0,0,0,0,19,0,0,0,12
260020,1,1,0,0,0,0,0,0,0,0,0,0
260021,1,1,1,1,1,1,1,1,1,1,1,1
260021,2,1,0,0,0,0,0,0,0,0,0,0
260022,1,1,9,9,9,9,9,9,9,9,9,9
260023,1,1,0,0,0,0,0,0,0,0,0,0
260024,1,1,0,0,0,0,0,0,0,0,0,0
260025,1,1,0,0,0,0,0,0,0,0,0,0
260025,2,1,0,0,0,0,0,0,0,0,0,0
260026,1,1,18,18,18,18,18,18,18,18,18,18
260027,1,1,0,0,0,0,0,0,0,0,0,0
260027,2,1,0,0,0,0,0,0,0,0,0,0
260028,1,1,0,0,0,0,0,0,0,0,0,0
260029,1,1,7,7,7,7,7,7,7,7,7,7
260030,1,1,31,31,31,31,31,31,31,31,31,31
260030,2,1,0,0,0,0,0,0,0,0,0,0
260031,0,1,19,19,19,19,19,19,19,19,19,19
260031,1,1,0,0,0,0,0,0,0,0,0,0
260032,0,1,0,0,0,40,0,0,0,0,13,0
260032,1,1,0,0,0,0,0,0,0,0,0,0
260033,1,1,0,0,0,0,0,0,0,0,0,0
260033,2,1,0,0,0,0,0,0,0,0,0,0
260034,1,1,0,0,0,0,0,0,0,0,0,0
260034,2,1,0,0,0,0,0,0,0,0,0,0
260035,0,1,38,38,38,38,38,38,38,38,38,38
260035,1,1,2,2,2,2,2,2,2,2,2,2
260036,1,1,0,0,0,0,0,0,0,0,0,0
260036,2,1,0,0,0,0,0,0,0,0,0,0
260037,1,1,0,0,0,0,0,0,0,0,0,0
260037,2,1,0,0,0,0,0,0,0,0,0,0
260038,1,1,16,16,16,16,16,16,16,16,16,16
260038,2,1,0,0,0,0,0,0,0,0,0,0
260039,0,1,26,29,7,37,16,9,0,40,38,19
260039,1,1,6,6,6,6,6,6,6,6,6,6
260040,0,1,0,0,0,0,0,0,0,0,10,0
260040,0,2,0,0,0,0,0,0,0,0,0,0
260040,1,1,0,0,0,0,0,0,0,0,0,0
260041,1,1,0,0,12,0,0,0,0,0,0,0
260041,2,1,6,13,0,0,0,14,0,0,0,0
260042,1,1,27,27,27,27,27,27,27,27,27,27
260043,1,1,0,0,0,0,0,0,17,0,0,0
260043,2,1,0,0,0,0,0,0,0,0,0,0
260044,1,1,22,15,0,0,0,0,0,0,0,27
260045,1,1,4,4,4,4,4,4,4,4,4,4
260046,1,1,0,0,0,0,0,0,0,0,0,0
260046,2,1,0,0,0,0,0,0,0,0,0,0
260046,3,1,0,0,0,0,0,0,0,0,0,0
260047,0,1,0,0,10,0,0,6,0,0,0,0
260047,1,1,0,0,0,0,0,0,0,0,0,0
260048,1,1,0,0,0,0,0,0,0,0,0,0
260048,2,1,0,0,0,0,0,0,0,0,0,0
260049,1,1,27,27,27,27,27,27,27,27,27,27
260049,2,1,0,0,0,0,26,0,0,0,0,0
260050,1,1,16,16,16,16,16,16,16,16,16,16
260050,2,1,0,0,0,0,0,0,0,0,0,0
260050,3,1,0,0,0,0,0,0,0,0,0,0
260051,1,1,20,20,20,20,20,20,20,20,20,20
260052,0,1,0,0,0,0,0,0,0,0,0,0
260052,1,1,0,0,0,0,0,0,0,0,0,0