ST_CASE,VEH_NO,PER_NO,P1,P2,P3,P4,P5,P6,P7,P8,P9,P10
260053,0,1,0,0,0,0,0,7,0,0,0,0
260053,1,1,0,0,0,0,0,0,0,0,0,0
260054,1,1,0,0,0,0,0,0,0,0,0,0
260055,1,1,0,0,0,0,0,0,0,0,0,0
260055,2,1,0,0,0,0,0,0,0,0,0,0
260056,1,1,0,0,0,0,0,0,0,0,0,0
260056,2,1,0,0,0,0,0,0,0,0,0,0
260056,3,1,0,0,0,0,0,0,0,0,0,0
260057,1,1,0,0,0,0,0,0,0,0,0,0
260059,0,1,0,21,0,0,0,20,0,38,9,0
260059,1,1,5,0,23,0,22,9,11,0,15,15
260060,1,1,0,0,0,0,0,0,0,0,0,0
260061,0,1,0,0,7,0,0,0,0,0,0,0
260061,1,1,0,0,0,14,0,16,21,0,0,0
260062,1,1,0,0,0,0,0,0,0,0,0,0
260063,1,1,0,0,0,0,0,0,0,0,0,0
260063,2,1,0,0,0,0,0,0,19,0,0,0
260064,1,1,9,9,9,9,9,9,9,9,9,9
260064,2,1,0,0,0,0,0,0,0,0,0,0
260065,0,1,0,0,0,0,0,0,0,0,0,0
260065,1,1,0,0,0,0,0,0,0,0,0,0
260066,2,1,0,0,0,0,0,0,0,0,0,0
260067,0,1,18,18,18,18,18,18,18,18,18,18
260067,1,1,0,0,0,0,0,0,0,0,0,0
260068,0,1,0,0,0,0,0,0,0,0,0,0
260068,1,1,0,0,0,0,0,0,0,0,0,0
260069,1,1,0,0,0,0,4,0,0,0,0,0
260070,1,1,0,0,0,0,0,14,0,0,0,0
260071,1,1,11,15,0,0,9,0,0,0,0,0
260072,0,1,20,0,0,0,0,0,0,0,0,0
260072,1,1,0,15,0,17,14,0,10,0,0,0
260073,1,1,19,19,19,19,19,19,19,19,19,19
260074,1,1,0,0,0,0,0,0,0,0,0,0
260074,2,1,0,0,0,0,0,0,0,0,0,0
260075,1,1,0,0,0,0,0,0,0,0,0,0
260075,2,1,0,0,0,0,0,0,0,0,0,0
260075,3,1,0,0,3,0,0,0,0,0,0,0
260076,1,1,5,12,16,19,18,18,6,18,17,16
260077,1,1,0,0,0,0,0,0,0,0,0,0
260077,2,1,0,0,0,0,0,0,0,0,4,0
260078,1,1,0,0,0,0,0,0,0,0,0,0
260078,2,1,0,0,0,0,0,0,0,0,0,0
260078,3,1,0,0,0,0,0,0,0,0,27,0
260079,2,1,0,0,0,0,0,0,0,0,0,25
260080,1,1,25,25,25,25,25,25,25,25,25,25
260080,2,1,0,0,0,0,0,0,15,0,0,0
260081,1,1,0,0,0,0,0,0,0,0,0,0
260082,1,1,0,0,0,0,0,0,0,0,0,0
260082,2,1,0,0,0,0,0,0,0,0,0,0
260083,1,1,17,13,21,12,6,10,11,7,14,13
260083,2,1,10,10,10,10,10,10,10,10,10,10
260084,1,1,0,0,0,0,0,0,0,0,0,0
260085,1,1,25,25,25,25,25,25,25,25,25,25
260085,2,1,0,0,0,0,0,12,0,0,25,0
260085,3,1,8,0,27,0,15,0,23,0,0,0
260086,1,1,23,23,23,23,23,23,23,23,23,23
260087,1,1,0,0,0,0,0,0,0,0,0,0
260087,2,1,1,1,1,1,1,1,1,1,1,1
260088,1,1,16,16,16,16,16,16,16,16,16,16
260088,2,1,0,0,25,0,0,0,0,0,0,16
260089,1,1,0,0,0,0,0,0,0,0,0,0
260090,1,1,18,18,18,18,18,18,18,18,18,18
260091,0,1,0,0,0,0,0,0,0,0,0,0
260091,1,1,0,0,0,0,0,0,0,0,0,0
260092,0,1,29,29,29,29,29,29,29,29,29,29
260092,1,1,0,0,0,0,0,0,0,0,0,0
260093,1,1,0,0,0,0,0,0,0,0,0,0
260093,2,1,0,0,0,0,0,0,0,0,0,0
260093,3,1,0,0,0,0,0,0,0,0,0,0
260094,0,1,22,22,22,22,22,22,22,22,22,22
260094,1,1,5,5,5,5,5,5,5,5,5,5
260095,1,1,13,13,13,13,13,13,13,13,13,13
260096,1,1,21,21,21,21,21,21,21,21,21,21
260097,1,1,0,0,0,0,0,0,0,0,0,0
260097,2,1,0,0,0,0,0,0,0,0,0,0
260098,1,1,0,0,0,0,0,0,0,0,0,0
260098,2,1,0,0,0,0,0,0,0,0,0,0
260099,1,1,0,0,0,0,0,0,0,0,0,0
260100,1,1,0,0,0,0,0,0,0,0,0,0
260102,1,1,0,0,0,0,0,0,0,0,0,0
260103,1,1,0,0,0,0,0,0,0,0,0,0
260104,1,1,16,16,16,16,16,16,16,16,16,16
260104,2,1,0,0,0,0,0,0,0,0,0,0
260105,1,1,4,4,4,4,4,4,4,4,4,4
260105,2,1,0,0,0,0,0,0,0,0,0,0
260106,0,1,0,0,0,0,0,0,0,0,0,0
260106,1,1,0,14,0,0,0,0,0,0,1,0
260107,0,1,17,17,17,17,17,17,17,17,17,17
260107,1,1,0,0,0,0,0,0,0,0,0,0
260109,0,1,0,0,0,0,0,30,0,0,0,0
260109,1,1,0,0,0,0,0,0,0,0,30,0
260110,0,1,31,0,0,0,0,17,0,27,21,0
260110,1,1,0,0,0,0,0,0,0,0,0,0
260111,0,1,16,16,16,16,16,16,16,16,16,16
260111,1,1,0,0,0,0,0,0,0,0,0,0
260112,0,1,0,0,0,0,0,0,0,0,0,0
260112,1,1,3,3,3,3,3,3,3,3,3,3
260113,1,1,0,0,0,0,0,0,0,0,0,0
260113,2,1,0,0,0,0,0,0,0,0,0,0
260114,1,1,0,0,0,0,0,0,0,0,0,0
260114,2,1,0,0,0,0,0,0,0,0,0,0
260115,1,1,0,0,0,0,0,0,0,0,0,0
260115,2,1,28,0,16,0,0,0,14,0,0,0
260116,1,1,0,0,0,0,0,0,0,0,0,0
260116,2,1,0,0,0,0,0,0,0,0,0,0
260117,1,1,33,33,33,33,33,33,33,33,33,33
260118,0,1,0,0,0,0,0,0,0,0,0,0
260118,1,1,0,0,0,0,0,0,0,0,0,26
260119,1,1,12,12,12,12,12,12,12,12,12,12
260119,2,1,0,0,0,0,0,0,0,0,0,0
260120,0,1,25,25,25,25,25,25,25,25,25,25
260120,1,1,0,0,0,0,0,0,0,0,0,0
260121,1,1,21,21,21,21,21,21,21,21,21,21
260121,2,1,0,0,0,0,0,0,0,0,0,0
260121,3,1,0,0,0,0,0,0,0,0,0,0
260121,4,1,0,0,0,0,0,0,0,0,0,0
260121,5,1,0,0,0,0,0,0,0,0,19,0
260122,1,1,0,0,0,0,0,26,0,12,0,0
260122,2,1,0,0,0,0,0,0,0,0,0,0
260123,1,1,0,0,0,0,0,0,0,0,0,0
260123,2,1,0,0,0,0,0,0,0,0,0,0
260123,3,1,0,0,0,0,0,0,0,0,0,0
260124,1,1,0,0,0,0,0,0,0,0,0,0
260124,2,1,0,0,0,0,0,0,0,0,0,0
260124,3,1,0,0,0,0,0,0,0,0,0,0
260125,1,1,0,0,0,0,0,0,0,0,0,0
260125,2,1,0,0,0,0,0,0,0,0,0,0
260126,1,1,0,0,0,0,0,0,0,0,0,0
260126,2,1,0,0,0,0,0,0,0,0,0,0
260127,0,1,38,38,38,38,38,38,38,38,38,38
260127,1,1,0,0,0,0,0,0,0,0,0,0
260128,1,1,0,0,0,0,0,0,0,0,0,0
260128,2,1,0,0,0,0,0,0,0,0,0,0
260129,1,1,0,0,0,9,0,0,0,0,0,0
260130,1,1,0,0,0,0,0,0,0,0,11,0
260130,2,1,0,0,0,0,0,0,0,4,0,0
260130,3,1,0,0,0,0,0,0,0,0,0,0
260131,0,1,6,6,6,6,6,6,6,6,6,6
260131,1,1,0,0,0,0,0,0,0,0,0,0
260132,0,1,0,0,0,0,0,0,0,0,0,0
260132,1,1,0,0,0,0,0,0,0,0,0,0
260133,1,1,0,0,0,0,0,0,0,16,0,0
260134,1,1,9,9,9,9,9,9,9,9,9,9
260134,2,1,0,0,0,0,0,0,0,0,0,0
260135,1,1,0,0,0,0,0,0,0,0,0,0
260135,2,1,0,0,0,0,0,0,0,0,0,0
260136,1,1,19,19,19,19,19,19,19,19,19,19
260137,1,1,14,12,24,34,32,5,15,18,13,19
260137,2,1,0,0,0,0,0,0,0,0,0,0
260137,3,1,0,20,0,0,0,0,0,0,0,0
260138,1,1,0,0,0,0,0,0,0,0,0,0
260138,2,1,0,0,8,0,0,0,0,0,0,0
260139,1,1,0,0,0,0,0,0,0,0,0,0
260139,2,1,18,18,18,18,18,18,18,18,18,18
260140,1,1,4,4,4,4,4,4,4,4,4,4
260140,2,1,0,0,0,23,0,0,0,4,8,0
260141,0,1,0,0,0,0,16,0,0,0,0,0
260141,1,1,0,0,24,0,0,0,0,0,0,0
260142,1,1,15,15,15,15,15,15,15,15,15,15
260143,1,1,0,0,0,0,15,0,0,0,0,0
260144,0,1,29,29,29,29,29,29,29,29,29,29
260144,1,1,0,0,0,0,14,0,0,27,0,0
260145,1,1,0,0,0,0,0,0,0,0,0,0
260145,2,1,0,0,0,0,0,0,0,0,0,0
260146,1,1,0,0,0,0,0,0,0,0,0,0
260146,2,1,0,0,0,0,0,0,0,0,0,0
260147,1,1,0,0,0,0,0,0,0,0,0,0
260147,2,1,0,0,0,0,0,0,0,0,0,0
260148,0,1,21,21,7,20,18,30,17,11,26,7
260148,1,1,1,1,1,1,1,1,1,1,1,1
260149,1,1,17,17,17,17,17,17,17,17,17,17
260150,1,1,0,0,0,0,0,0,0,0,0,0
260150,2,1,0,0,0,0,0,0,0,0,0,0
260151,1,1,0,0,0,0,0,0,0,0,0,0
260152,1,1,0,0,0,0,0,0,0,0,0,0
260152,2,1,0,0,0,0,0,0,42,23,0,0
260153,0,1,0,0,0,0,0,0,0,13,0,0
260153,1,1,0,0,0,0,0,0,0,0,0,0
260154,1,1,0,0,0,0,0,0,0,0,0,27
260154,2,1,0,0,0,0,0,0,0,0,0,0
260155,1,1,12,12,12,12,12,12,12,12,12,12
260155,2,1,0,0,0,0,0,0,0,0,0,0
260156,1,1,12,24,9,12,17,15,0,9,16,20
260156,2,1,1,1,1,1,1,1,1,1,1,1
260157,1,1,0,0,0,0,0,0,0,0,0,0
260157,2,1,0,0,0,0,0,0,0,0,0,0
260158,1,1,0,0,0,0,0,0,0,0,0,0
260158,2,1,0,0,0,0,0,0,9,0,0,0
260159,0,1,0,0,0,0,0,0,0,0,0,10
260159,1,1,0,0,0,0,0,0,0,0,0,0
260160,1,1,0,0,8,0,0,0,0,0,38,0
260160,2,1,0,0,0,0,0,0,0,0,0,0
260161,1,1,0,10,11,14,21,11,0,12,21,11
260162,1,1,2,2,2,2,2,2,2,2,2,2
260163,1,1,0,0,0,0,0,0,0,0,0,0
260163,2,1,0,16,0,0,0,0,0,0,0,0
260164,1,1,6,6,6,6,6,6,6,6,6,6
260165,1,1,0,0,0,0,0,0,0,0,0,0
260165,2,1,0,0,0,0,0,0,0,0,0,0
260166,1,1,0,0,0,0,0,0,0,0,0,0
260167,1,1,9,22,12,12,10,18,10,22,12,7
260168,1,1,0,0,0,0,0,0,0,0,0,0
260169,1,1,9,9,9,9,9,9,9,9,9,9
260169,2,1,0,0,7,23,6,0,0,0,0,22
260169,3,1,0,0,0,0,0,0,0,0,0,0
260170,1,1,10,33,0,37,21,0,12,18,14,16
260171,1,1,0,0,0,0,0,0,0,0,0,0
260171,2,1,0,0,0,0,0,0,0,0,0,0
260172,1,1,0,0,0,0,0,0,0,0,0,0
260172,2,1,0,0,0,0,0,13,0,0,0,0
260173,1,1,0,0,0,0,0,0,0,0,0,0
260173,2,1,0,0,0,0,0,0,0,0,0,0
260174,1,1,15,15,15,15,15,15,15,15,15,15
260175,1,1,11,25,15,25,8,14,8,15,21,28
260175,2,1,0,0,0,0,0,0,0,0,0,0
260175,3,1,0,0,0,0,0,0,0,0,0,0
260176,1,1,0,0,0,0,0,0,0,0,0,0
260176,2,1,0,0,0,0,0,23,0,0,0,0
260177,1,1,0,0,0,0,0,0,0,0,0,0
260178,1,1,24,24,24,24,24,24,24,24,24,24
260179,1,1,0,0,0,0,0,0,0,0,0,0
260179,2,1,0,0,0,0,0,0,0,0,0,0
260180,1,1,0,0,0,0,0,0,0,0,0,0
260180,2,1,0,0,0,0,0,0,0,0,0,0
260181,0,1,0,0,0,0,0,0,0,0,0,0
260181,0,2,0,0,0,0,0,0,0,7,0,0
260181,1,1,0,0,0,0,0,0,0,0,0,0
260181,2,1,0,0,0,0,0,0,0,0,0,0
260182,0,1,0,0,0,0,0,0,0,0,0,0
260183,0,1,0,0,0,0,0,9,0,0,0,0
260183,1,1,0,0,0,0,0,0,0,0,25,0
260184,1,1,0,0,0,0,0,0,0,0,0,0
260184,2,1,0,0,0,0,0,0,0,0,0,0
260185,1,1,16,16,16,16,16,16,16,16,16,16
260186,0,1,21,21,21,21,21,21,21,21,21,21
260186,1,1,0,0,0,25,0,0,0,9,0,0
260187,1,1,0,0,0,0,0,0,0,0,0,0
260187,2,1,0,0,0,0,0,0,0,0,0,0
260188,1,1,4,4,4,4,4,4,4,4,4,4
260188,2,1,0,0,0,0,0,0,0,0,0,0
260189,0,1,0,0,0,0,0,0,0,0,0,0
260189,1,1,0,0,0,0,0,0,0,0,0,0
260190,1,1,0,0,0,0,0,0,0,0,0,0
260191,1,1,0,0,0,0,0,0,0,0,0,0
260191,2,1,0,0,0,0,0,0,0,0,0,0
260191,3,1,0,0,0,0,0,0,0,0,0,0
260192,1,1,2,2,2,2,2,2,2,2,2,2
260192,2,1,0,0,0,0,0,0,0,0,0,0
260193,1,1,27,27,27,27,27,27,27,27,27,27
260194,1,1,17,17,17,17,17,17,17,17,17,17
260194,2,1,11,11,11,11,11,11,11,11,11,11
260195,1,1,0,0,0,0,0,0,0,0,0,0
260195,2,1,0,0,0,12,0,0,0,0,0,0
260196,1,1,0,0,0,0,0,0,8,0,0,0
260196,2,1,0,0,0,0,0,0,0,0,0,0
260197,1,1,13,7,14,12,16,25,21,16,9,14
260198,0,1,24,0,22,18,0,0,0,0,0,0
260198,1,1,21,0,9,12,0,0,0,0,21,0
260199,1,1,0,0,0,0,0,0,0,0,0,0
260199,2,1,0,0,0,0,0,0,0,0,0,0
260200,0,1,0,0,0,0,0,0,12,0,0,0
260200,1,1,0,0,0,0,0,0,0,0,0,0
260201,1,1,22,22,22,22,22,22,22,22,22,22
260202,1,1,35,35,35,35,35,35,35,35,35,35
260203,1,1,23,23,23,23,23,23,23,23,23,23
260203,2,1,0,0,0,0,0,0,0,0,0,0
260204,0,1,0,0,0,21,20,0,44,17,0,0
260204,1,1,0,0,0,0,0,0,0,0,0,0
260204,2,1,0,0,0,0,0,0,0,0,0,0
260205,1,1,0,0,0,0,25,0,0,0,0,0
260205,2,1,0,0,0,0,0,0,0,0,0,0
260205,3,1,0,0,0,0,0,0,0,0,0,0
260206,1,1,0,0,0,0,0,0,0,0,0,0
260206,2,1,13,13,13,13,13,13,13,13,13,13
260207,1,1,17,0,0,0,0,0,0,0,0,0
260207,2,1,2,2,2,2,2,2,2,2,2,2
260208,1,1,0,0,0,0,0,0,0,0,0,15
260209,1,1,12,12,12,12,12,12,12,12,12,12
260209,2,1,16,16,16,16,16,16,16,16,16,16
260210,0,1,14,22,0,19,22,44,13,22,21,23
260210,1,1,0,0,0,0,0,0,0,0,0,0
260210,2,1,0,0,0,0,0,0,0,0,0,0
260211,1,1,20,20,20,20,20,20,20,20,20,20
260212,1,1,4,4,4,4,4,4,4,4,4,4
260213,1,1,24,24,24,24,24,24,24,24,24,24
260214,1,1,0,0,0,0,0,0,0,0,0,0
260214,2,1,0,0,0,0,0,0,0,0,0,0
260214,3,1,0,0,0,0,0,0,0,0,0,0
260214,4,1,0,0,0,0,0,0,0,0,0,0
260214,5,1,0,0,0,0,0,0,0,0,0,0
260215,0,1,0,0,0,0,0,0,0,0,0,0
260215,1,1,0,0,0,0,0,0,0,0,0,0
260216,1,1,10,10,10,10,10,10,10,10,10,10
260218,1,1,0,0,0,0,0,0,0,0,0,0
260218,2,1,2,2,2,2,2,2,2,2,2,2
260219,0,1,28,28,28,28,28,28,28,28,28,28
260219,1,1,0,0,0,0,0,0,0,0,0,0
260220,1,1,0,0,0,0,0,0,0,0,0,0
260220,2,1,25,0,0,0,0,0,0,0,0,0
260221,1,1,34,0,7,23,19,11,4,18,11,27
260222,1,1,0,0,0,0,0,0,0,0,0,0
260222,2,1,0,0,0,15,0,0,0,0,0,0
260223,1,1,12,12,12,12,12,12,12,12,12,12
260224,1,1,0,0,0,0,0,0,0,0,0,0
260224,2,1,0,0,0,0,0,0,0,0,0,0
260224,3,1,0,0,0,0,0,0,0,0,0,0
260225,0,1,4,4,4,4,4,4,4,4,4,4
260225,1,1,0,0,0,0,0,0,0,0,0,0
260226,0,1,0,0,0,0,0,0,0,0,0,62
260226,1,1,0,0,0,0,0,8,0,0,11,0
260227,1,1,7,7,7,7,7,7,7,7,7,7
260228,0,1,33,33,33,33,33,33,33,33,33,33
260228,1,1,0,15,0,0,12,0,17,8,0,40
260228,2,1,17,0,0,0,0,0,0,0,0,0
260229,1,1,0,0,0,0,0,0,0,0,0,0
260230,1,1,0,0,0,0,0,0,0,0,0,0
260230,2,1,0,0,0,0,0,0,0,0,0,0
260230,3,1,0,0,0,0,0,0,0,0,0,0
260231,1,1,0,0,0,0,18,0,0,0,0,0
260231,2,1,0,0,0,0,0,0,0,0,25,0
260232,0,1,0,0,0,0,0,0,0,0,0,0
260232,1,1,0,0,0,0,0,0,0,0,0,0
260233,1,1,20,20,20,20,20,20,20,20,20,20
260234,0,1,20,20,20,20,20,20,20,20,20,20
260234,1,1,0,0,0,0,0,0,16,0,0,0
260235,1,1,5,5,5,5,5,5,5,5,5,5
260235,2,1,0,0,0,0,0,0,0,0,0,0
260236,1,1,22,15,18,37,17,28,12,15,12,17
260237,1,1,0,0,0,0,0,0,0,12,0,32
260238,0,1,23,4,22,23,29,32,33,8,33,23
260238,1,1,0,0,0,0,0,0,0,40,0,0
260239,1,1,0,0,0,0,0,0,0,0,0,15
260239,2,1,0,0,0,0,0,0,0,5,0,0
260239,3,1,0,0,0,0,0,0,0,0,0,0
260240,1,1,12,12,12,12,12,12,12,12,12,12
260241,0,1,0,0,0,0,0,0,0,16,0,0
260241,1,1,0,0,22,0,0,23,0,0,0,0
260242,1,1,0,0,0,0,0,0,0,0,31,0
260242,2,1,0,0,0,0,0,0,0,0,0,0
260243,1,1,17,17,17,17,17,17,17,17,17,17
260244,1,1,26,26,26,26,26,26,26,26,26,26
260245,1,1,19,19,19,19,19,19,19,19,19,19
260246,1,1,0,0,0,0,0,0,0,0,0,0
260247,1,1,9,9,9,9,9,9,9,9,9,9
260248,0,1,21,21,21,21,21,21,21,21,21,21
260248,0,2,30,28,25,0,37,35,17,6,16,9
260248,1,1,0,0,0,0,0,0,0,0,0,0
260249,1,1,0,0,0,0,27,0,0,0,0,0
260249,2,1,0,0,5,0,0,0,0,0,0,0
260250,1,1,0,0,0,0,0,0,0,0,0,0
260250,2,1,0,8,0,0,0,0,0,10,0,0
260251,1,1,2,2,2,2,2,2,2,2,2,2
260251,2,1,0,0,0,0,0,0,0,0,0,0
260251,3,1,0,0,0,0,0,0,0,0,0,0
260252,1,1,9,9,9,9,9,9,9,9,9,9
260253,1,1,22,22,22,22,22,22,22,22,22,22
260254,1,1,0,0,0,0,0,0,0,0,0,0
260254,2,1,0,0,20,0,0,0,20,0,0,0
260254,3,1,0,0,0,0,0,0,0,0,0,0
260254,4,1,0,0,0,0,0,0,0,0,0,0
260255,1,1,19,19,19,19,19,19,19,19,19,19
260256,1,1,0,0,0,0,0,0,0,0,0,0
260256,2,1,10,10,10,10,10,10,10,10,10,10
260257,1,1,0,0,0,0,0,0,0,0,0,0
260257,2,1,0,0,0,0,0,0,0,0,0,0
260258,0,1,0,0,0,0,0,0,0,0,0,0
260258,1,1,0,0,0,0,0,0,0,0,0,0
260259,1,1,18,18,18,18,18,18,18,18,18,18
260260,1,1,0,0,0,0,0,0,0,0,0,0
260260,2,1,0,0,0,0,0,0,0,0,0,0
260260,3,1,0,0,0,0,0,0,0,0,0,0
260260,4,1,0,0,0,0,0,0,0,0,0,0
260260,5,1,0,0,7,9,0,0,0,0,0,0
260260,6,1,0,0,0,0,0,0,0,0,0,0
260260,7,1,0,0,0,0,0,0,0,0,0,0
260260,8,1,0,0,19,0,0,0,0,0,0,0
260260,9,1,0,0,0,0,0,0,0,0,0,0
260261,1,1,21,21,21,21,21,21,21,21,21,21
260262,1,1,0,0,0,0,0,0,0,0,0,0
260262,2,1,0,0,0,0,0,0,0,0,0,0
260263,1,1,33,27,19,22,47,22,23,11,14,19
260264,1,1,0,0,0,0,0,0,0,0,0,0
260264,2,1,0,0,0,17,18,0,0,0,0,0
260265,1,1,0,0,0,0,0,0,0,0,0,0
260265,2,1,0,0,0,0,0,0,0,0,0,0
260266,1,1,12,12,12,12,12,12,12,12,12,12
260267,1,1,16,16,16,16,16,16,16,16,16,16
260267,2,1,12,12,12,12,12,12,12,12,12,12
260268,1,1,0,0,0,0,0,0,0,0,0,0
260268,2,1,0,0,0,0,0,0,0,0,0,0
260268,3,1,0,0,0,0,0,0,0,0,0,0
260269,0,1,0,0,0,0,0,0,0,0,0,0
260269,1,1,0,15,22,15,20,0,13,0,4,22
260271,1,1,0,0,0,0,0,0,0,0,0,0
260271,2,1,0,18,0,0,0,0,0,0,13,0
260272,1,1,27,27,27,27,27,27,27,27,27,27
260273,1,1,0,9,0,0,0,26,0,0,0,17
260274,1,1,5,5,5,5,5,5,5,5,5,5
260274,2,1,18,18,18,18,18,18,18,18,18,18
260275,1,1,0,0,0,0,0,0,0,0,0,0
260275,2,1,0,0,0,0,0,0,0,0,0,0
260276,0,1,0,0,0,0,0,0,0,0,0,0
260276,1,1,0,0,0,0,0,0,0,0,0,0
260277,1,1,0,0,0,0,0,0,0,0,0,0
260278,1,1,0,0,0,0,0,0,0,0,0,0
260278,2,1,0,0,0,0,0,0,0,0,0,0
260279,1,1,0,0,0,0,0,0,0,0,0,0
260280,1,1,0,0,0,0,0,0,0,0,0,0
260280,2,1,0,0,0,0,0,0,0,0,0,0
260280,3,1,0,0,0,0,0,0,0,0,0,0
260281,1,1,0,0,0,0,0,0,0,0,0,0
260282,1,1,7,15,6,7,20,17,9,40,5,17
260283,1,1,13,13,13,13,13,13,13,13,13,13
260284,1,1,0,0,0,0,0,0,0,0,0,0
260284,2,1,0,0,0,0,0,0,0,0,0,0
260285,1,1,0,0,0,0,0,0,0,0,0,0
260285,2,1,0,0,0,0,0,0,0,0,0,0
260286,1,1,0,0,0,0,0,0,0,0,0,0
260286,2,1,0,0,0,0,8,0,0,0,0,0
260287,1,1,0,0,0,0,0,0,0,0,0,0
260288,1,1,0,0,0,0,0,0,0,0,0,0
260289,1,1,0,0,0,0,0,0,0,0,0,0
260290,1,1,0,0,0,0,0,0,0,0,0,0
260291,1,1,0,0,0,0,0,0,0,0,0,0
260291,2,1,0,0,0,0,6,0,0,0,0,0
260292,1,1,22,22,22,22,22,22,22,22,22,22
260293,1,1,31,18,23,16,19,9,16,18,7,0
260293,2,1,0,0,0,0,0,0,0,0,0,0
260293,3,1,0,0,0,0,0,0,0,0,0,0
260294,1,1,0,0,0,0,0,0,0,0,0,0
260294,2,1,0,0,0,0,0,0,0,0,13,3
260295,1,1,0,0,0,0,0,0,0,0,0,0
260295,2,1,0,0,0,0,0,0,0,0,0,0
260296,1,1,26,26,26,26,26,26,26,26,26,26
260297,1,1,0,0,0,0,0,0,0,0,0,0
260298,1,1,15,15,15,15,15,15,15,15,15,15
260299,1,1,31,31,31,31,31,31,31,31,31,31
260300,1,1,0,0,0,0,0,0,0,0,0,0
260300,2,1,29,17,15,18,10,12,4,12,21,25
260301,0,1,0,0,0,0,0,25,0,0,0,0
260301,1,1,0,0,0,0,0,0,0,0,0,0
260302,1,1,15,15,15,15,15,15,15,15,15,15
260303,1,1,0,0,0,28,0,0,0,0,0,0
260304,1,1,0,0,0,0,0,0,0,0,0,0
260304,2,1,0,0,0,0,0,0,0,0,0,0
260305,1,1,12,17,13,15,0,9,18,0,0,22
260305,2,1,0,0,0,0,0,0,0,0,0,0
260306,1,1,29,29,29,29,29,29,29,29,29,29
260307,1,1,24,24,24,24,24,24,24,24,24,24
260308,0,1,0,0,0,0,0,0,0,0,0,0
260308,0,2,0,0,0,0,0,0,0,0,0,0
260308,0,3,0,0,0,0,0,0,0,0,34,0
260308,0,4,0,0,0,0,0,0,0,0,0,0
260308,1,1,0,0,0,0,0,0,0,0,0,0
260308,3,1,0,0,0,0,0,9,0,0,0,0
260309,1,1,21,21,21,21,21,21,21,21,21,21
260310,1,1,6,12,10,0,20,15,34,10,9,32
260311,0,1,0,0,0,0,0,0,0,0,0,0
260311,1,1,0,0,0,0,0,0,0,0,0,0
260312,1,1,25,25,25,25,25,25,25,25,25,25
260312,2,1,0,0,0,0,0,0,0,0,0,0
260312,3,1,0,0,0,0,0,0,0,0,0,0
260313,1,1,0,0,0,0,0,0,0,0,0,0
260313,2,1,23,23,23,23,23,23,23,23,23,23
260314,1,1,26,18,16,28,20,4,36,25,13,15
260315,1,1,0,0,0,0,0,0,0,0,0,0
260315,2,1,0,0,0,0,0,0,0,0,0,0
260316,0,1,23,0,0,0,0,11,0,0,0,0
260316,1,1,0,0,0,0,0,18,0,0,0,0
260317,1,1,0,0,0,0,0,0,0,0,0,0
260317,2,1,0,0,0,0,0,0,0,0,0,0
260318,1,1,18,18,18,18,18,18,18,18,18,18
260318,2,1,0,0,0,0,0,0,0,0,0,0
260319,0,1,0,0,0,0,0,0,0,0,29,0
260319,1,1,0,0,0,0,10,0,14,0,23,0
260320,1,1,27,27,27,27,27,27,27,27,27,27
260321,1,1,0,0,0,0,0,0,0,0,0,0
260321,2,1,0,0,0,0,0,0,0,0,0,0
260322,1,1,3,3,3,3,3,3,3,3,3,3
260322,2,1,0,0,0,0,0,0,0,0,0,0
260323,1,1,21,21,21,21,21,21,21,21,21,21
260324,1,1,0,0,0,0,0,0,0,0,0,0
260324,2,1,0,0,0,0,0,0,0,0,0,0
260324,3,1,0,0,0,0,0,0,0,0,0,0
260325,1,1,29,15,0,0,0,0,0,0,0,0
260326,1,1,12,12,12,12,12,12,12,12,12,12
260326,2,1,0,0,0,0,0,11,13,0,0,0
260327,0,1,0,0,0,13,0,0,9,0,0,11
260327,1,1,0,0,0,0,0,0,0,0,0,0
260328,1,1,0,0,0,0,0,0,0,0,0,0
260329,1,1,16,16,16,16,16,16,16,16,16,16
260330,1,1,0,0,0,0,0,0,0,0,0,0
260330,2,1,0,0,0,0,0,0,0,0,0,0
260331,1,1,0,0,0,0,0,0,0,0,0,0
260331,2,1,0,0,0,0,0,0,0,0,0,0
260332,1,1,0,0,0,0,0,0,0,0,0,0
260332,2,1,0,0,0,0,0,0,0,0,0,0
260333,1,1,0,0,0,0,0,0,0,0,0,0
260334,1,1,0,0,0,0,0,0,0,0,0,0
260334,2,1,0,0,0,0,0,0,0,0,0,0
260335,1,1,10,10,10,10,10,10,10,10,10,10
260335,2,1,17,33,15,0,0,12,0,0,0,12
260336,0,1,21,9,13,19,8,14,19,9,16,15
260336,1,1,0,0,0,0,0,0,0,0,0,0
260337,1,1,0,0,0,0,0,0,0,0,0,0
260337,2,1,0,0,0,0,0,0,0,0,0,0
260337,3,1,0,0,0,0,0,0,0,0,0,0
260338,1,1,0,0,0,0,0,0,0,0,0,0
260339,1,1,0,0,0,0,0,0,0,0,0,0
260339,2,1,0,0,0,0,0,0,0,0,0,0
260340,1,1,13,13,13,13,13,13,13,13,13,13