ST_CASE,VEH_NO,PER_NO,P1,P2,P3,P4,P5,P6,P7,P8,P9,P10
260637,2,1,0,0,0,0,0,0,0,0,0,0
260638,1,1,16,16,16,16,16,16,16,16,16,16
260639,0,1,0,0,0,0,0,0,0,24,0,0
260639,0,2,0,0,0,0,0,0,0,0,0,0
260639,0,3,0,0,0,0,28,0,9,0,0,0
260639,1,1,0,0,0,0,0,18,0,0,0,0
260640,1,1,0,0,0,0,0,0,0,0,0,0
260640,2,1,0,0,0,0,0,0,0,0,0,0
260641,1,1,0,0,0,0,0,0,0,0,0,0
260642,1,1,0,0,0,0,0,0,0,0,0,0
260642,2,1,0,0,0,0,0,0,0,8,0,0
260643,1,1,0,0,0,0,0,0,0,0,9,0
260643,2,1,0,0,0,0,0,0,0,0,0,0
260644,1,1,0,0,0,0,0,0,0,0,0,0
260644,2,1,0,0,0,0,0,0,0,0,0,0
260645,1,1,0,0,0,0,0,0,0,0,0,0
260646,1,1,22,22,22,22,22,22,22,22,22,22
260646,2,1,5,0,0,0,0,5,6,0,0,0
260647,1,1,0,0,0,0,0,0,0,0,0,0
260648,1,1,0,0,0,0,0,0,0,0,0,0
260648,2,1,0,0,0,0,0,0,0,0,0,0
260649,1,1,0,0,0,0,0,0,0,0,0,0
260649,2,1,0,0,0,0,0,0,0,0,0,0
260650,0,1,25,20,14,22,5,14,55,31,22,8
260650,1,1,0,24,0,2,22,0,0,0,0,0
260651,1,1,15,15,15,15,15,15,15,15,15,15
260652,0,1,0,0,21,0,0,0,13,0,0,0
260652,1,1,0,0,0,0,0,0,0,30,0,0
260653,1,1,0,0,0,0,21,9,0,0,5,0
260654,1,1,0,0,0,0,0,0,0,0,38,0
260654,2,1,0,0,0,0,0,0,0,0,0,0
260655,1,1,0,0,0,0,0,0,0,0,0,0
260655,2,1,0,0,0,0,0,0,0,0,0,16
260655,3,1,0,0,0,14,0,0,0,0,0,0
260655,4,1,0,0,0,0,0,6,0,0,10,0
260656,1,1,0,0,0,18,0,35,21,0,0,0
260656,2,1,13,0,6,25,0,0,0,13,0,0
260656,3,1,0,7,13,0,0,0,0,20,0,11
260656,4,1,0,7,23,0,0,18,15,6,0,9
260657,1,1,20,34,11,14,16,0,24,19,20,17
260658,1,1,0,0,0,0,0,0,0,0,0,0
260658,2,1,0,0,0,0,0,0,0,0,0,0
260659,0,1,0,11,13,0,0,0,12,0,0,0
260659,1,1,0,11,13,0,0,28,0,13,22,0
260660,1,1,0,13,0,0,0,0,24,0,0,0
260661,1,1,0,0,0,0,0,0,0,0,0,0
260662,1,1,0,0,0,0,0,0,0,0,0,0
260662,2,1,0,0,0,0,0,0,0,0,0,0
260663,1,1,0,0,0,0,0,0,0,0,0,0
260663,2,1,0,0,0,0,0,0,0,0,0,0
260664,1,1,0,0,0,0,0,0,0,0,0,0
260664,2,1,0,0,0,0,0,0,0,0,0,0
260665,1,1,0,0,0,21,17,0,32,0,0,0
260666,1,1,0,0,0,0,0,0,0,0,0,0
260666,2,1,19,19,19,19,19,19,19,19,19,19
260667,1,1,0,0,0,0,0,0,0,0,0,0
260667,2,1,0,0,0,0,0,0,0,0,0,0
260668,1,1,0,0,0,0,0,0,0,0,0,0
260668,2,1,0,0,0,0,0,0,0,0,0,0
260669,0,1,0,0,0,0,0,0,0,0,0,0
260669,1,1,0,0,0,0,0,0,0,0,0,0
260670,1,1,17,17,17,17,17,17,17,17,17,17
260670,2,1,0,0,0,0,0,0,0,0,0,0
260671,1,1,0,0,0,0,0,0,0,0,0,0
260671,2,1,0,0,0,0,0,0,0,0,0,0
260672,0,1,24,0,0,24,5,0,0,16,20,0
260672,1,1,0,0,0,0,0,0,0,0,0,0
260673,1,1,0,0,0,0,0,0,0,0,0,0
260673,2,1,0,0,0,0,0,0,0,0,0,0
260674,1,1,8,8,8,8,8,8,8,8,8,8
260675,1,1,18,18,18,18,18,18,18,18,18,18
260676,1,1,0,15,0,9,35,0,7,33,0,0
260676,2,1,4,0,0,0,0,0,7,0,0,0
260677,0,1,0,0,0,0,0,0,0,0,0,0
260677,1,1,0,23,0,0,0,0,0,0,0,0
260678,1,1,0,0,0,0,0,0,0,0,0,0
260678,2,1,0,0,0,0,0,0,0,0,0,0
260679,1,1,0,0,0,0,0,0,0,0,0,0
260679,2,1,0,0,0,0,0,0,0,0,0,0
260680,1,1,17,17,17,17,17,17,17,17,17,17
260680,2,1,16,0,0,0,0,0,0,0,0,0
260681,1,1,18,0,5,5,25,8,21,12,15,7
260682,1,1,0,0,0,0,0,0,0,0,0,0
260682,2,1,0,0,0,0,9,19,0,0,0,0
260683,1,1,0,0,0,0,0,0,0,0,0,0
260683,2,1,0,0,0,0,11,0,0,0,0,0
260683,3,1,0,0,0,0,0,0,0,0,0,0
260684,1,1,22,22,22,22,22,22,22,22,22,22
260684,2,1,0,0,0,0,0,0,0,0,0,0
260685,1,1,0,0,0,0,0,0,0,0,0,0
260685,2,1,0,0,0,0,0,0,0,0,0,0
260686,1,1,24,26,19,21,20,10,17,17,16,10
260687,1,1,0,0,0,0,0,0,0,0,0,0
260688,0,1,26,19,3,27,19,15,3,24,17,8
260688,1,1,19,19,19,19,19,19,19,19,19,19
260689,0,1,31,31,31,31,31,31,31,31,31,31
260689,1,1,0,0,0,0,0,0,0,0,0,0
260690,1,1,0,0,0,0,0,0,0,0,0,0
260690,2,1,0,0,0,0,0,0,0,0,0,0
260691,1,1,15,16,36,16,11,34,14,8,10,11
260692,0,1,0,0,0,0,0,0,0,0,0,3
260692,1,1,0,8,0,0,0,0,0,0,0,0
260693,1,1,0,0,0,0,5,0,0,0,0,0
260693,2,1,0,0,0,0,0,0,0,0,0,0
260694,0,1,22,0,0,0,0,0,0,0,0,0
260694,1,1,24,0,0,24,15,0,0,0,0,0
260695,1,1,0,0,0,0,0,0,0,0,0,0
260696,1,1,0,0,0,0,0,0,0,0,0,0
260696,2,1,0,0,0,0,0,0,0,0,0,0
260697,1,1,0,0,0,0,0,0,0,0,0,0
260697,2,1,0,0,0,0,0,2,0,0,0,0
260698,1,1,0,0,0,0,0,0,0,0,0,0
260698,2,1,0,6,0,0,0,0,0,0,0,8
260699,1,1,28,45,15,17,8,21,10,12,7,28
260700,1,1,23,23,23,23,23,23,23,23,23,23
260700,2,1,0,0,0,0,0,0,0,0,0,0
260701,1,1,0,0,0,0,0,0,0,0,0,0
260701,2,1,0,0,0,0,0,0,0,0,0,0
260702,1,1,18,18,18,18,18,18,18,18,18,18
260702,2,1,0,0,0,0,0,0,0,0,0,0
260703,1,1,0,0,0,0,0,0,0,0,0,0
260703,2,1,0,0,0,0,0,0,0,0,0,0
260704,1,1,24,24,24,24,24,24,24,24,24,24
260705,1,1,0,0,0,0,0,0,0,0,0,0
260706,1,1,27,27,27,27,27,27,27,27,27,27
260707,1,1,24,24,24,24,24,24,24,24,24,24
260707,2,1,0,0,0,0,0,0,0,0,0,0
260708,1,1,0,0,0,0,0,0,0,0,0,0
260709,1,1,0,0,0,0,0,0,0,0,0,0
260709,2,1,0,0,0,0,0,0,0,0,0,0
260710,1,1,25,25,25,25,25,25,25,25,25,25
260711,0,1,0,4,0,0,16,0,0,0,0,0
260711,1,1,12,8,3,24,19,16,0,0,15,14
260712,1,1,0,0,0,0,0,0,0,0,0,0
260712,2,1,0,0,0,0,0,0,0,0,0,0
260713,1,1,15,15,15,15,15,15,15,15,15,15
260713,2,1,0,0,0,0,0,0,0,0,0,0
260714,1,1,15,15,15,15,15,15,15,15,15,15
260715,0,1,41,13,17,26,32,16,15,11,14,33
260715,1,1,0,0,0,0,0,0,0,0,0,0
260716,1,1,0,0,0,29,0,0,0,0,0,0
260716,2,1,0,0,0,0,0,0,0,0,0,0
260717,1,1,0,0,0,0,0,0,0,0,0,0
260718,1,1,0,0,0,0,0,0,0,0,0,9
260718,2,1,0,0,0,0,0,0,0,0,0,0
260719,1,1,0,0,0,0,0,0,0,0,0,0
260720,1,1,0,0,0,0,0,0,0,0,0,0
260720,2,1,0,0,0,0,0,0,0,0,0,0
260721,1,1,0,0,0,0,0,0,0,0,10,0
260722,1,1,0,0,0,0,0,0,0,0,0,0
260722,2,1,0,0,0,0,0,0,0,0,0,0
260722,3,1,0,0,0,0,0,0,0,0,0,0
260723,1,1,15,15,15,15,15,15,15,15,15,15
260723,2,1,0,7,0,0,0,0,0,0,0,0
260724,1,1,22,22,22,22,22,22,22,22,22,22
260724,2,1,0,0,0,0,0,0,0,0,0,0
260725,1,1,2,2,2,2,2,2,2,2,2,2
260725,2,1,0,0,0,0,0,0,0,0,0,0
260726,0,1,0,0,30,0,0,0,0,0,0,0
260726,1,1,0,0,0,0,0,0,0,0,0,0
260727,1,1,0,0,0,0,0,0,0,0,0,0
260727,2,1,0,0,0,0,0,0,0,0,0,0
260728,1,1,0,0,0,0,0,0,0,0,0,0
260728,2,1,0,0,0,0,0,0,0,0,0,0
260729,0,1,0,0,0,0,0,0,0,0,0,0
260729,1,1,0,0,0,0,0,0,0,0,0,0
260730,1,1,0,0,0,0,0,0,0,0,0,0
260730,2,1,0,0,0,0,0,0,0,0,0,0
260730,3,1,0,0,0,0,0,0,0,0,0,0
260731,0,1,0,0,0,0,0,0,0,0,0,0
260731,1,1,0,0,0,0,0,0,0,0,0,0
260732,1,1,15,15,15,15,15,15,15,15,15,15
260733,1,1,10,10,10,10,10,10,10,10,10,10
260734,1,1,0,0,0,0,0,0,0,0,0,0
260734,2,1,0,0,0,0,0,0,0,0,0,0
260735,1,1,0,0,0,0,0,0,0,0,0,0
260735,2,1,0,0,0,0,0,0,0,0,0,0
260735,3,1,0,0,0,0,0,0,0,0,0,0
260736,0,1,0,0,0,0,0,0,0,0,0,0
260736,1,1,0,0,0,0,0,0,0,0,0,0
260736,2,1,0,0,0,0,0,0,0,0,0,0
260737,0,1,0,0,0,9,0,0,0,21,0,0
260737,1,1,0,0,0,0,0,0,0,0,0,0
260738,1,1,7,7,7,7,7,7,7,7,7,7
260738,2,1,0,0,0,0,0,0,0,0,0,0
260739,1,1,0,0,0,0,0,0,0,0,0,0
260739,2,1,0,0,0,0,19,0,0,0,0,0
260739,3,1,0,0,0,0,0,0,0,0,0,0
260739,4,1,0,0,0,0,0,0,0,0,0,0
260739,5,1,0,12,0,0,0,0,0,0,0,0
260739,6,1,0,0,0,0,0,0,0,0,0,0
260739,7,1,0,0,0,0,0,0,0,0,0,0
260739,8,1,0,0,0,0,0,0,0,15,0,0
260739,9,1,0,0,0,0,0,0,0,0,0,0
260739,10,1,0,35,0,0,0,0,0,0,0,0
260740,0,1,14,23,16,43,17,23,19,16,0,19
260740,1,1,0,0,0,0,0,0,0,0,0,0
260741,0,1,0,0,0,0,0,0,0,0,0,0
260741,1,1,0,0,0,0,0,0,0,0,0,0
260742,1,1,15,15,15,15,15,15,15,15,15,15
260743,1,1,0,0,0,0,0,0,0,0,0,0
260744,1,1,0,0,0,0,0,0,0,0,0,0
260745,1,1,22,22,22,22,22,22,22,22,22,22
260746,1,1,0,0,0,0,0,0,9,0,0,0
260746,2,1,0,0,0,0,0,0,0,0,0,0
260746,3,1,0,0,0,0,0,0,0,0,0,0
260746,4,1,0,0,0,0,0,0,0,0,0,0
260747,1,1,19,19,19,19,19,19,19,19,19,19
260748,1,1,0,0,0,0,0,0,0,0,0,0
260748,2,1,0,0,0,0,0,0,0,0,0,0
260749,0,1,0,0,0,0,0,0,0,6,20,22
260749,1,1,8,8,8,8,8,8,8,8,8,8
260750,0,1,23,23,23,23,23,23,23,23,23,23
260750,1,1,0,0,10,11,0,0,0,0,0,0
260751,1,1,0,0,0,0,0,0,0,0,0,0
260751,2,1,0,0,0,0,0,0,0,0,0,0
260752,1,1,0,0,0,0,0,0,0,0,0,0
260752,2,1,0,0,0,0,0,0,0,0,0,0
260753,1,1,0,0,0,0,0,0,0,0,0,0
260753,2,1,0,0,0,0,0,10,0,0,0,0
260754,1,1,0,0,0,0,0,0,0,0,0,0
260754,2,1,0,0,0,0,0,0,0,0,0,0
260755,1,1,0,0,0,0,0,0,0,0,0,0
260755,2,1,0,0,0,0,0,0,14,0,0,0
260756,1,1,0,0,0,0,0,0,0,0,0,0
260756,2,1,0,0,0,0,0,0,0,13,0,0
260757,1,1,0,0,0,0,0,0,0,0,0,0
260757,2,1,0,0,0,0,0,0,0,0,0,0
260757,3,1,12,0,0,0,0,0,0,0,0,0
260758,1,1,0,0,0,0,0,0,0,0,0,0
260758,2,1,0,0,0,0,0,0,0,0,0,0
260759,1,1,0,0,0,0,0,0,0,0,0,0
260759,2,1,0,0,0,0,0,0,0,0,0,0
260759,3,1,0,0,0,0,0,0,0,0,0,0
260759,4,1,0,0,0,0,0,0,0,0,0,0
260760,1,1,11,11,11,11,11,11,11,11,11,11
260762,1,1,0,0,0,0,0,0,0,0,0,0
260762,2,1,0,12,0,0,0,0,0,0,0,6
260763,0,1,0,0,15,0,0,0,0,23,0,0
260763,1,1,0,0,0,0,0,0,0,0,0,0
260763,2,1,0,0,0,0,0,0,0,0,0,0
260764,0,1,0,0,0,0,0,25,0,8,0,35
260764,1,1,0,0,0,0,0,0,0,0,0,0
260765,1,1,0,0,0,0,0,0,0,0,0,0
260765,2,1,0,0,0,0,0,0,0,0,0,0
260766,0,1,0,0,0,0,0,0,0,0,0,0
260766,1,1,0,0,0,0,0,0,0,0,0,0
260767,1,1,13,19,21,20,19,20,10,17,0,23
260767,2,1,0,0,0,0,0,0,0,0,0,0
260768,1,1,0,0,0,0,0,0,0,0,0,0
260768,2,1,0,0,0,0,0,0,0,0,0,0
260769,1,1,0,0,0,0,0,0,0,0,0,0
260770,1,1,0,0,0,0,0,0,0,0,0,0
260770,2,1,0,0,0,0,0,14,0,0,0,0
260771,0,1,0,0,0,0,0,0,0,0,0,0
260771,0,2,0,0,0,0,0,0,0,0,0,0
260771,0,3,0,0,0,0,0,0,0,0,0,0
260771,0,4,0,0,0,0,0,0,0,0,0,0
260771,0,5,0,0,0,0,0,0,0,0,0,0
260771,0,6,0,0,0,0,0,0,0,0,0,0
260771,0,7,0,0,0,0,0,0,0,0,0,0
260771,0,8,0,0,0,0,0,0,0,0,0,0
260771,0,9,0,0,0,0,0,0,0,0,0,0
260771,1,1,0,0,0,0,0,0,0,0,0,0
260772,1,1,0,0,0,0,0,0,0,0,0,0
260772,2,1,0,0,0,0,0,0,0,0,0,0
260773,1,1,0,0,0,0,0,0,12,0,0,0
260774,1,1,16,16,16,16,16,16,16,16,16,16
260775,0,1,36,36,36,36,36,36,36,36,36,36
260775,1,1,0,0,0,0,0,24,0,0,0,8
260776,1,1,14,0,0,0,27,0,0,0,0,0
260777,1,1,9,8,8,0,27,13,22,0,23,0
260778,0,1,0,0,0,0,0,35,0,0,0,0
260778,1,1,0,0,0,0,0,0,33,0,0,0
260778,2,1,0,0,0,0,25,0,0,0,0,0
260779,1,1,0,0,0,0,0,0,0,0,0,0
260779,2,1,0,0,0,0,0,0,0,0,0,0
260780,1,1,0,0,0,0,0,0,0,0,0,0
260780,2,1,0,0,0,0,0,0,0,0,0,0
260781,0,1,0,0,0,0,0,0,0,0,0,0
260781,1,1,0,0,0,0,0,10,0,10,0,0
260782,1,1,0,0,0,0,0,9,0,0,0,0
260782,2,1,6,0,0,0,0,0,0,0,0,0
260783,1,1,0,27,0,0,0,0,0,0,0,0
260783,2,1,0,0,0,0,0,0,0,0,0,0
260784,1,1,0,0,0,0,0,0,0,17,0,0
260785,1,1,0,0,0,0,0,0,0,0,0,0
260785,2,1,0,0,0,0,0,0,0,0,0,0
260786,1,1,26,26,26,26,26,26,26,26,26,26
260787,1,1,0,0,0,0,0,0,0,0,0,0
260788,1,1,0,0,0,0,0,0,0,0,0,0
260788,2,1,0,0,0,0,0,0,0,0,0,0
260790,0,1,0,0,0,0,0,0,0,0,0,0
260790,1,1,14,0,0,0,0,0,0,10,0,0
260790,2,1,0,0,0,0,0,0,0,0,0,0
260791,1,1,0,0,0,16,0,13,0,0,0,0
260792,1,1,0,0,0,0,0,0,0,0,0,0
260793,1,1,20,20,20,20,20,20,20,20,20,20
260794,0,1,0,0,0,0,0,0,0,0,0,0
260794,1,1,0,0,0,0,0,0,0,0,0,0
260794,2,1,0,0,0,0,0,0,0,0,0,0
260795,1,1,0,0,0,0,0,0,0,0,11,20
260796,0,1,18,18,18,18,18,18,18,18,18,18
260796,1,1,0,0,0,0,0,0,0,0,0,0
260797,1,1,0,0,0,0,0,0,0,0,0,0
260797,2,1,0,0,0,0,0,0,0,0,0,0
260798,1,1,33,33,33,33,33,33,33,33,33,33
260800,1,1,31,31,31,31,31,31,31,31,31,31
260800,2,1,0,0,0,0,0,0,0,0,0,0
260801,1,1,24,24,24,24,24,24,24,24,24,24
260802,1,1,0,0,0,0,0,0,0,0,0,0
260802,2,1,0,0,0,0,0,0,0,0,0,0
260803,1,1,11,11,11,11,11,11,11,11,11,11
260803,2,1,0,0,0,0,0,0,0,0,0,0
260804,1,1,0,0,0,0,0,0,0,0,0,0
260804,2,1,0,0,18,0,0,0,0,0,0,0
260805,1,1,0,0,0,0,0,0,0,0,0,0
260805,2,1,0,0,0,0,0,0,0,0,0,0
260806,1,1,0,0,0,0,0,0,0,0,0,0
260807,1,1,0,0,0,3,0,0,0,0,0,14
260808,0,1,0,0,0,0,0,0,0,0,0,0
260808,1,1,0,0,0,0,0,0,0,0,0,0
260809,1,1,0,34,0,0,0,14,0,0,0,16
260810,0,1,0,27,26,0,0,0,0,0,16,0
260810,1,1,0,0,0,0,0,0,0,0,0,16
260811,1,1,0,0,0,0,0,0,0,0,0,0
260812,1,1,14,14,14,14,14,14,14,14,14,14
260813,1,1,17,17,17,17,17,17,17,17,17,17
260814,1,1,0,0,0,0,0,0,0,0,0,0
260814,2,1,0,0,0,0,0,0,0,0,0,0
260815,1,1,10,10,10,10,10,10,10,10,10,10
260816,1,1,0,0,0,0,0,0,0,0,0,0
260817,0,1,0,0,0,0,0,0,0,0,0,0
260817,1,1,0,0,0,0,0,0,0,0,0,0
260818,1,1,0,0,0,0,0,0,0,0,0,0
260818,2,1,0,0,0,0,0,0,0,0,0,0
260819,1,1,9,0,4,21,24,0,12,30,0,19
260819,2,1,0,0,0,0,0,0,0,0,0,0
260820,1,1,30,21,31,8,7,26,18,0,6,21
260821,1,1,0,0,0,0,0,0,0,0,0,0
260821,2,1,0,0,0,0,0,0,0,0,0,0
260822,1,1,0,0,0,7,0,0,0,14,0,0
260822,2,1,20,0,0,0,0,0,0,35,0,0
260823,1,1,0,0,0,0,0,0,0,0,0,0
260823,2,1,0,0,0,0,0,0,0,0,0,0
260823,3,1,0,0,0,0,0,0,0,0,0,0
260824,0,1,0,0,0,0,0,0,0,0,0,0
260824,1,1,0,0,0,0,0,0,0,0,0,0
260825,1,1,0,0,0,0,0,0,0,0,0,0
260825,2,1,0,0,0,0,0,0,0,0,0,0
260826,1,1,0,0,0,0,0,0,0,0,0,0
260826,2,1,0,0,0,0,0,0,0,0,0,0
260827,0,1,0,0,0,0,0,0,0,0,0,0
260827,1,1,13,13,13,13,13,13,13,13,13,13
260828,1,1,0,0,0,0,0,0,0,0,0,0
260828,2,1,0,0,0,0,0,0,0,0,0,0
260829,1,1,11,0,20,19,9,6,25,14,30,10
260829,2,1,16,16,16,16,16,16,16,16,16,16
260830,1,1,0,0,0,0,0,0,0,0,0,0
260830,2,1,0,0,0,0,0,0,0,0,0,0
260831,1,1,22,32,16,17,18,27,35,5,14,9
260832,1,1,23,23,23,23,23,23,23,23,23,23
260832,2,1,0,0,0,30,0,0,0,0,0,0
260833,1,1,0,0,0,0,0,0,0,0,0,0
260833,2,1,0,0,0,0,0,0,0,0,0,0
260834,1,1,0,0,0,0,0,0,0,0,0,0
260835,1,1,3,3,3,3,3,3,3,3,3,3
260835,2,1,0,0,0,0,0,0,0,0,0,0
260836,1,1,0,0,0,0,0,0,0,0,0,15
260836,2,1,0,0,0,0,0,0,0,0,0,0
260837,1,1,21,21,21,21,21,21,21,21,21,21
260838,0,1,19,19,19,19,19,19,19,19,19,19
260838,1,1,0,0,0,0,0,0,0,0,0,0
260839,1,1,0,0,0,0,0,0,0,0,0,0
260839,2,1,0,0,0,7,0,0,0,0,0,0
260840,1,1,25,25,25,25,25,25,25,25,25,25
260841,0,1,16,16,16,16,16,16,16,16,16,16
260841,1,1,0,0,0,0,0,0,0,0,0,0
260842,0,1,0,0,0,0,0,6,0,0,32,0
260842,1,1,0,0,0,0,0,0,0,0,0,0
260843,1,1,0,0,0,0,0,0,0,0,0,0
260843,2,1,0,0,0,0,0,0,0,0,0,0
260844,1,1,0,0,0,0,0,0,0,0,0,0
260845,1,1,18,18,18,18,18,18,18,18,18,18
260846,0,1,14,0,0,0,0,0,0,0,0,0
260846,0,2,0,0,0,0,0,0,0,0,0,0
260846,1,1,0,0,15,0,0,21,0,19,0,0
260847,0,1,0,0,0,0,0,0,0,19,0,0
260847,1,1,0,0,0,0,0,0,0,0,0,0
260848,1,1,0,0,0,0,0,0,0,0,0,0
260848,2,1,0,0,0,0,0,0,0,0,0,0
260848,3,1,0,0,0,0,0,0,0,0,0,0
260849,1,1,20,20,20,20,20,20,20,20,20,20
260850,0,1,0,0,0,0,0,0,0,0,29,0
260850,1,1,0,0,0,0,0,0,0,0,0,0
260851,0,1,0,0,0,0,0,0,0,20,0,0
260851,1,1,0,0,0,0,0,0,0,0,0,0
260852,1,1,0,0,0,0,0,0,15,0,0,0
260853,0,1,18,18,18,18,18,18,18,18,18,18
260853,1,1,0,0,0,0,0,0,0,0,0,0
260854,1,1,12,12,12,12,12,12,12,12,12,12
260855,1,1,0,0,0,25,0,0,0,0,8,0
260856,1,1,0,0,0,0,0,0,0,0,0,0
260856,2,1,0,0,0,0,22,0,0,0,0,0
260857,1,1,18,0,0,18,0,0,0,13,0,0
260858,1,1,0,0,0,0,0,0,0,0,0,0
260860,1,1,16,7,17,15,20,11,19,11,4,7
260860,2,1,0,0,0,0,0,0,0,0,0,0
260861,1,1,0,0,0,0,9,0,0,0,0,0
260861,2,1,15,0,0,0,0,0,0,0,0,0
260862,0,1,27,17,12,20,29,14,5,20,34,14
260862,1,1,8,8,8,8,8,8,8,8,8,8
260863,1,1,0,0,0,0,0,0,0,0,0,0
260863,2,1,0,0,0,0,0,0,0,0,0,0
260863,3,1,0,0,10,0,0,0,0,3,0,0
260864,1,1,19,18,14,21,17,6,14,20,8,19
260865,1,1,2,2,2,2,2,2,2,2,2,2
260866,0,1,0,0,0,0,0,0,0,0,25,0
260867,1,1,23,23,23,23,23,23,23,23,23,23
260867,2,1,0,0,0,0,0,0,0,0,0,0
260867,3,1,0,0,0,0,0,0,0,0,0,0
260868,1,1,0,0,0,0,0,0,0,0,0,0
260869,1,1,0,0,0,0,0,0,0,0,0,0
260869,2,1,0,0,0,0,0,0,0,0,0,0
260869,3,1,0,0,0,0,8,0,0,0,0,0
260870,0,1,0,0,0,0,0,0,0,0,0,0
260870,1,1,0,0,0,0,0,0,0,0,0,0
260871,1,1,16,16,16,16,16,16,16,16,16,16
260872,1,1,0,0,0,0,0,0,0,0,0,0
260873,0,1,0,22,17,20,0,0,0,0,0,14
260873,1,1,0,0,0,0,0,0,0,0,0,0
260874,1,1,0,0,0,0,0,0,0,0,0,0
260874,2,1,0,0,0,0,0,0,0,0,0,0
260875,1,1,14,18,11,19,31,5,14,25,16,37
260875,2,1,0,0,0,0,0,0,0,0,0,0
260876,0,1,0,0,0,0,0,0,0,0,7,0
260876,1,1,0,0,0,0,0,0,0,0,0,0
260877,1,1,0,0,0,0,0,0,0,0,0,0
260877,2,1,0,0,0,0,0,0,0,0,0,12
260878,1,1,0,0,0,0,0,0,14,0,0,0
260879,1,1,0,0,0,0,0,0,0,0,0,0
260880,1,1,0,0,0,0,0,0,0,0,0,0
260881,1,1,0,0,0,0,0,0,0,0,0,0
260881,2,1,0,0,0,0,0,0,0,0,0,0
260882,1,1,0,0,0,0,0,0,0,0,0,0
260882,2,1,0,0,0,0,0,0,0,0,0,0
260883,0,1,0,0,0,0,0,0,26,0,0,0
260883,1,1,0,0,0,0,0,0,0,0,0,0
260884,1,1,0,0,0,0,0,0,0,0,0,0
260884,2,1,0,0,0,0,0,0,0,0,0,0
260885,1,1,0,0,0,0,0,0,0,0,0,0
260885,2,1,0,0,0,0,0,0,0,0,0,0
260886,1,1,0,0,0,0,0,18,0,0,0,0
260887,1,1,0,0,0,0,0,0,36,0,0,16
260888,1,1,0,0,0,0,0,0,0,0,0,0
260888,2,1,0,0,0,0,0,0,0,0,0,0
260889,1,1,0,11,0,0,0,0,0,0,0,0
260890,1,1,0,0,0,0,0,0,0,0,0,0
260890,2,1,0,0,0,0,0,0,0,0,0,0
260891,1,1,0,0,0,0,0,0,0,0,0,0
260892,0,1,24,7,26,24,22,14,0,13,11,7
260892,1,1,0,0,0,0,0,0,0,0,10,0
260893,1,1,0,0,0,0,25,0,0,0,0,0
260894,1,1,0,0,0,0,0,0,0,0,0,0
260894,2,1,0,0,0,0,0,0,0,0,0,0
260895,1,1,0,0,0,0,0,0,0,0,0,0
260896,1,1,13,13,13,13,13,13,13,13,13,13
260897,1,1,22,22,22,22,22,22,22,22,22,22
260898,1,1,0,0,0,0,0,0,0,0,17,0
260898,2,1,0,0,0,0,0,0,0,0,0,0
260899,1,1,24,24,24,24,24,24,24,24,24,24
260899,2,1,0,0,0,0,0,0,0,0,0,0
260900,1,1,18,18,18,18,18,18,18,18,18,18
260901,1,1,2,2,2,2,2,2,2,2,2,2
260901,2,1,0,0,0,0,0,0,0,0,0,0
260902,1,1,0,0,0,0,0,0,0,0,0,0
260902,2,1,0,0,0,0,0,0,0,0,0,0
260903,0,1,0,0,0,0,0,0,0,0,0,0
260903,1,1,0,0,0,0,0,0,0,0,0,21
260904,1,1,0,0,0,0,0,0,0,0,0,0
260904,2,1,0,0,0,0,0,0,0,0,0,0
260905,0,1,22,22,22,22,22,22,22,22,22,22
260905,1,1,0,0,0,0,0,0,0,0,0,0
260906,1,1,0,0,0,0,0,0,0,0,0,0
260907,1,1,0,0,0,0,0,0,0,0,0,0
260908,1,1,0,0,0,0,0,0,0,0,0,0
260908,2,1,0,0,0,0,0,0,0,0,0,0
260909,1,1,17,0,0,0,0,0,0,0,0,0
260909,2,1,0,0,0,0,0,0,0,0,0,0
260910,0,1,0,0,0,0,0,0,0,0,0,0
260910,1,1,0,0,0,0,0,0,0,0,0,0
260911,1,1,0,0,0,0,0,0,0,0,0,0
260911,2,1,0,0,0,0,0,0,0,0,0,0
260912,0,1,35,35,35,35,35,35,35,35,35,35
260912,1,1,0,0,0,0,0,0,0,0,0,0
260913,0,1,1,1,1,1,1,1,1,1,1,1
260913,1,1,14,0,23,0,32,15,18,5,20,40
260914,1,1,6,6,6,6,6,6,6,6,6,6
260915,1,1,6,0,0,0,0,0,0,0,0,0
260915,2,1,0,0,0,0,0,0,0,0,0,0
260916,1,1,0,0,0,0,0,0,0,0,0,0
260916,2,1,0,0,0,0,0,0,0,0,0,0
260917,1,1,0,0,0,0,0,0,0,0,0,0
260917,2,1,0,7,0,0,0,0,0,0,0,0
260918,0,1,0,0,9,0,0,0,0,0,0,0
260918,1,1,12,12,12,12,12,12,12,12,12,12
260919,1,1,0,0,0,0,0,0,0,0,0,0
260920,1,1,0,0,0,0,0,0,0,0,10,0
260920,2,1,0,0,0,0,0,0,0,0,0,0
260921,1,1,21,21,21,21,21,21,21,21,21,21
260922,1,1,0,0,0,0,0,0,0,0,0,0
260922,2,1,0,0,0,0,0,0,0,0,0,0
260923,1,1,14,14,14,14,14,14,14,14,14,14
260924,1,1,8,8,8,8,8,8,8,8,8,8
260925,1,1,28,28,28,28,28,28,28,28,28,28
260926,1,1,0,0,0,0,0,0,0,0,0,0