ST_CASE,VEH_NO,PER_NO,P1,P2,P3,P4,P5,P6,P7,P8,P9,P10
260927,1,1,0,0,0,0,0,0,0,0,0,0
260927,2,1,0,0,0,0,0,0,0,0,0,0
260928,1,1,0,0,0,0,0,0,0,0,0,0
260928,2,1,0,0,0,0,0,0,0,0,0,0
260928,3,1,0,0,0,0,0,0,0,0,0,0
260929,1,1,0,0,0,0,0,0,0,0,0,0
260929,2,1,0,0,0,0,0,0,0,0,0,0
260930,1,1,0,0,0,0,0,0,0,0,6,0
260930,2,1,25,12,24,17,2,15,9,5,21,0
260931,1,1,27,27,27,27,27,27,27,27,27,27
260932,1,1,23,23,23,23,23,23,23,23,23,23
260933,0,1,0,0,0,0,0,0,0,0,0,0
260933,1,1,0,0,0,0,0,0,0,0,0,0
260934,1,1,0,0,0,0,0,0,0,0,0,0
260934,2,1,0,0,0,0,0,0,0,0,0,0
260935,1,1,11,11,11,11,11,11,11,11,11,11
260935,2,1,0,26,0,16,0,17,0,0,0,0
260936,1,1,0,0,0,0,0,0,0,28,0,0
260936,2,1,0,0,0,0,0,0,0,13,0,0
260937,0,1,0,0,9,23,0,0,0,0,0,0
260937,1,1,15,15,15,15,15,15,15,15,15,15
260938,1,1,20,20,20,20,20,20,20,20,20,20
260938,2,1,0,0,0,0,0,0,0,0,0,0
260939,1,1,0,0,0,0,0,0,0,0,0,0
260939,2,1,0,0,0,0,0,0,0,0,0,0
260940,0,1,0,0,4,0,0,12,0,0,0,11
260940,1,1,0,0,0,0,0,0,0,0,0,0
260941,1,1,0,0,0,0,0,0,0,0,0,0
260941,2,1,0,0,0,0,0,0,0,0,0,0
260943,0,1,15,20,7,7,19,33,18,28,15,16
260943,2,1,11,11,11,11,11,11,11,11,11,11
260943,3,1,0,0,0,0,0,0,0,0,0,0
260943,4,1,0,9,0,0,0,0,6,0,0,0
260944,1,1,0,0,0,0,0,0,0,0,0,0
260945,1,1,0,0,0,0,0,0,0,0,0,0
260945,2,1,0,0,0,0,0,0,0,0,0,0
260945,3,1,0,0,0,0,0,0,0,0,0,0
260946,1,2,0,0,26,0,0,0,6,0,0,0
260947,0,1,0,0,0,0,17,0,0,30,0,0
260947,1,1,0,12,0,0,0,0,0,0,0,0
260947,2,1,0,0,8,0,11,0,0,0,0,0
260948,1,1,0,0,0,0,0,0,0,0,0,0
260948,2,1,0,0,0,0,0,0,0,0,0,0
260948,3,1,0,0,10,0,0,12,0,0,0,0
260948,4,1,0,14,0,0,7,0,0,0,0,0
260949,1,1,18,0,25,0,12,0,24,0,12,0
260949,2,1,0,0,15,0,0,0,10,0,0,0
260950,0,1,0,0,0,0,0,0,0,0,0,0
260950,1,1,0,0,0,0,0,0,0,0,0,0
260951,0,1,0,0,0,0,0,7,0,34,0,0
260951,1,1,0,0,0,25,0,0,0,0,0,0
260952,1,1,0,0,0,0,0,19,0,0,0,0
260952,2,1,0,0,0,0,0,0,0,0,0,0
270001,1,1,0,0,0,0,0,0,0,0,0,0
270002,1,1,0,0,0,0,0,0,0,0,0,0
270002,2,1,0,0,0,0,0,0,0,0,0,0
270004,1,1,0,0,0,0,0,0,0,0,0,0
270004,2,1,0,0,0,0,0,0,0,0,0,0
270005,1,1,0,0,0,0,0,0,0,0,0,0
270005,2,1,0,0,0,0,0,17,0,0,0,0
270006,1,1,0,0,0,0,0,0,0,0,0,0
270006,2,1,0,0,0,0,0,0,0,0,0,0
270007,1,1,27,0,0,0,0,0,0,0,0,0
270007,2,1,24,24,24,24,24,24,24,24,24,24
270008,1,1,0,0,0,0,0,0,0,0,0,0
270008,2,1,0,0,0,0,0,0,0,0,0,0
270009,1,1,0,0,0,0,0,0,0,0,0,0
270010,1,1,0,0,0,0,0,0,0,0,0,0
270010,2,1,0,0,0,0,0,0,0,0,0,0
270011,0,1,14,14,14,14,14,14,14,14,14,14
270011,1,1,8,8,8,8,8,8,8,8,8,8
270012,0,1,0,0,0,0,0,0,0,0,0,0
270012,1,1,0,0,0,0,13,0,0,0,0,0
270013,1,1,2,2,2,2,2,2,2,2,2,2
270014,1,1,0,0,0,0,0,0,0,0,0,0
270014,2,1,0,0,0,0,0,0,0,0,0,0
270015,1,1,0,0,0,0,0,0,0,0,0,0
270015,2,1,0,0,19,0,0,0,0,28,0,0
270016,1,1,0,0,0,0,0,0,0,0,0,0
270016,2,1,0,0,0,0,0,0,0,0,0,0
270017,1,1,0,0,0,0,0,0,0,0,0,0
270018,1,1,0,0,0,0,21,0,0,0,0,0
270019,1,1,0,0,0,0,0,0,0,0,0,0
270020,0,1,29,29,29,29,29,29,29,29,29,29
270020,1,1,0,0,0,0,0,0,0,0,0,0
270021,0,1,22,22,22,22,22,22,22,22,22,22
270021,1,1,0,0,0,0,0,0,0,0,0,0
270022,1,1,0,0,0,0,0,0,0,0,0,0
270022,2,1,0,0,0,0,0,0,0,0,0,0
270023,1,1,17,17,17,17,17,17,17,17,17,17
270024,0,1,28,28,28,28,28,28,28,28,28,28
270024,1,1,0,0,0,0,0,0,0,0,0,0
270025,1,1,0,0,0,0,0,0,0,0,0,0
270026,1,1,23,23,23,23,23,23,23,23,23,23
270026,2,1,0,0,0,0,0,0,17,0,0,0
270027,1,1,0,0,0,0,0,0,0,0,0,0
270028,1,1,0,0,0,0,0,0,0,0,0,0
270028,2,1,0,0,0,0,0,0,0,0,0,0
270029,1,1,18,18,18,18,18,18,18,18,18,18
270030,1,1,0,0,0,0,0,0,0,0,0,0
270030,2,1,0,0,0,0,0,0,0,0,0,0
270031,1,1,0,0,4,0,0,0,0,0,0,0
270031,2,1,0,0,0,0,0,0,0,0,0,0
270032,1,1,28,0,0,0,0,27,16,0,0,0
270032,2,1,0,0,0,0,0,0,0,0,0,0
270033,1,1,0,0,0,0,0,0,0,0,0,0
270033,2,1,0,0,0,0,0,0,0,0,0,0
270034,1,1,0,0,0,0,0,0,0,0,0,0
270034,2,1,0,0,0,0,0,0,0,0,0,0
270035,1,1,0,0,0,0,0,0,0,0,0,0
270036,1,1,0,0,0,0,0,13,0,0,0,0
270036,2,1,0,0,0,0,0,0,0,0,0,0
270037,1,1,0,28,0,0,0,0,0,0,0,0
270038,1,1,0,0,0,0,0,0,0,0,0,0
270038,2,1,0,0,0,0,0,0,0,0,0,0
270038,3,1,0,0,0,0,0,0,0,0,0,0
270039,1,1,0,0,0,0,0,0,0,0,0,0
270039,2,1,0,0,0,0,0,0,0,0,0,0
270040,0,1,0,0,0,0,0,0,0,0,0,0
270040,1,1,0,0,0,0,0,0,0,0,0,0
270042,1,1,23,23,23,23,23,23,23,23,23,23
270042,2,1,0,0,0,0,0,0,0,0,0,0
270043,1,1,2,2,2,2,2,2,2,2,2,2
270043,2,1,0,0,0,0,0,0,0,0,0,0
270044,1,1,0,0,0,0,0,0,0,0,0,0
270045,1,1,0,0,0,0,0,0,0,0,0,0
270046,1,1,11,11,11,11,11,11,11,11,11,11
270047,1,1,31,31,31,31,31,31,31,31,31,31
270048,1,1,0,0,0,0,0,0,0,0,0,0
270049,1,1,18,18,18,18,18,18,18,18,18,18
270049,2,1,0,0,0,0,0,0,0,0,0,0
270050,1,1,0,0,0,0,0,0,0,0,0,0
270050,2,1,0,0,0,0,0,0,0,0,0,0
270051,1,1,0,0,0,0,0,0,0,0,0,0
270052,1,1,14,14,14,14,14,14,14,14,14,14
270053,1,1,0,0,0,0,0,0,0,0,0,0
270054,1,1,0,0,0,0,0,0,0,0,0,0
270055,1,1,0,0,0,0,0,0,0,0,0,0
270055,2,1,0,0,0,0,0,0,0,0,0,0
270056,1,1,0,0,0,0,0,0,0,0,0,0
270056,2,1,0,0,0,0,0,0,0,0,0,0
270057,1,1,15,15,15,15,15,15,15,15,15,15
270058,1,1,18,18,18,18,18,18,18,18,18,18
270059,1,1,0,0,0,0,0,0,0,0,0,0
270059,2,1,0,0,0,0,0,0,0,0,0,0
270060,1,1,0,0,0,0,0,0,0,0,0,0
270061,1,1,0,0,0,0,0,0,0,0,0,0
270061,2,1,0,0,0,0,0,0,0,0,0,0
270062,1,1,0,0,12,0,0,0,0,0,0,0
270062,2,1,16,16,16,16,16,16,16,16,16,16
270063,0,1,0,0,0,0,0,0,0,0,0,0
270063,1,1,0,0,0,0,0,0,0,0,0,0
270064,1,1,0,0,0,0,0,0,0,0,0,0
270064,2,1,0,0,0,0,0,0,0,0,0,0
270065,0,1,0,12,0,0,0,2,0,0,0,0
270065,1,1,0,0,0,0,0,0,0,0,0,0
270066,1,1,0,0,0,0,0,0,0,0,0,0
270066,2,1,0,0,0,0,0,0,0,0,0,0
270067,1,1,0,0,0,0,0,0,0,0,0,0
270068,1,1,0,0,0,0,0,0,0,0,0,0
270068,2,1,0,0,0,0,0,0,0,0,0,0
270069,1,1,21,21,21,21,21,21,21,21,21,21
270070,1,1,0,0,0,0,0,0,0,0,0,0
270071,1,1,0,8,0,0,0,0,0,0,0,0
270071,2,1,16,0,0,0,23,0,6,0,14,11
270071,3,1,0,0,0,0,0,0,0,0,0,0
270072,1,1,0,0,0,0,0,0,0,0,0,0
270072,2,1,0,0,0,0,0,0,0,0,0,0
270073,0,1,23,23,23,23,23,23,23,23,23,23
270073,1,1,0,0,0,0,0,0,0,0,0,0
270074,1,1,22,22,22,22,22,22,22,22,22,22
270075,1,1,21,21,21,21,21,21,21,21,21,21
270076,0,1,0,0,0,0,0,0,0,0,0,0
270076,1,1,0,0,0,0,0,0,0,0,0,0
270079,1,1,6,6,6,6,6,6,6,6,6,6
270080,1,1,0,0,0,0,0,0,0,0,0,0
270081,1,1,0,0,0,0,0,0,0,0,0,0
270081,2,1,0,0,0,0,0,0,0,0,0,0
270082,1,1,0,0,0,0,0,0,0,0,0,0
270082,2,1,0,0,0,0,0,0,0,0,0,0
270084,1,1,0,0,0,0,0,0,0,0,0,0
270085,0,1,0,0,0,0,0,0,0,0,0,0
270085,1,1,0,0,0,0,4,0,0,0,0,0
270086,1,1,7,7,7,7,7,7,7,7,7,7
270087,1,1,0,0,0,0,0,0,0,0,0,0
270088,1,1,0,0,0,0,0,0,0,0,0,0
270089,1,1,0,0,0,0,0,0,0,0,0,0
270089,2,1,0,0,0,0,0,0,0,0,0,0
270089,3,1,0,0,0,16,0,0,0,0,0,0
270089,4,1,0,0,0,0,0,0,0,0,0,0
270090,1,1,21,21,21,21,21,21,21,21,21,21
270092,1,1,17,17,17,17,17,17,17,17,17,17
270092,2,1,3,3,3,3,3,3,3,3,3,3
270093,0,1,16,16,16,16,16,16,16,16,16,16
270093,1,1,5,5,5,5,5,5,5,5,5,5
270094,1,1,0,0,0,0,0,0,0,0,0,0
270094,2,1,0,0,0,0,0,0,0,0,3,10
270096,1,1,2,2,2,2,2,2,2,2,2,2
270096,2,1,0,0,0,0,0,0,0,0,0,0
270096,3,1,0,0,0,0,0,0,0,0,0,0
270097,1,1,0,0,15,0,0,0,0,0,0,6
270097,2,1,0,0,0,0,0,0,0,0,3,0
270098,1,1,0,0,0,0,0,0,0,0,0,0
270098,2,1,0,0,0,0,0,0,0,0,0,0
270099,1,1,0,0,0,0,0,0,0,0,0,0
270099,2,1,0,0,0,0,0,0,0,0,0,0
270099,3,1,0,0,0,0,0,0,0,0,0,0
270100,1,1,13,13,13,13,13,13,13,13,13,13
270100,2,1,0,0,0,0,0,0,0,0,0,0
270101,1,1,0,0,0,0,0,0,0,0,0,0
270102,1,1,0,0,0,0,0,0,0,0,0,0
270102,2,1,0,0,0,0,0,0,0,0,0,0
270103,1,1,24,24,24,24,24,24,24,24,24,24
270103,2,1,0,0,0,0,25,0,0,0,0,0
270104,1,1,0,0,0,0,0,0,0,0,0,9
270106,1,1,0,0,0,0,0,0,0,0,0,0
270106,2,1,0,0,0,0,0,0,0,0,0,0
270107,1,1,0,0,0,0,0,0,0,0,0,0
270107,2,1,0,0,0,0,0,0,0,0,0,0
270108,1,1,33,33,33,33,33,33,33,33,33,33
270109,1,1,0,0,0,0,0,0,0,0,0,0
270109,2,1,16,16,16,16,16,16,16,16,16,16
270110,1,1,0,0,0,0,0,0,0,12,0,0
270110,2,1,25,0,0,0,0,0,0,0,0,0
270111,1,1,0,0,0,0,0,0,0,0,0,0
270111,2,1,0,0,0,0,0,0,0,0,0,0
270112,1,1,0,0,0,0,0,0,0,0,0,0
270112,2,1,0,0,0,0,9,0,0,0,0,0
270112,3,1,0,0,0,0,0,0,0,0,0,0
270113,1,1,0,0,0,0,0,0,0,0,0,0
270114,1,1,0,0,0,0,0,0,0,0,0,0
270114,2,1,0,0,0,0,0,0,0,0,0,0
270115,0,1,31,31,31,31,31,31,31,31,31,31
270115,1,1,0,0,0,0,0,0,0,0,0,0
270116,1,1,14,14,14,14,14,14,14,14,14,14
270117,1,1,4,4,4,4,4,4,4,4,4,4
270117,2,1,0,0,16,0,0,0,0,0,0,0
270118,1,1,0,0,0,0,0,0,0,0,0,0
270118,2,1,19,19,19,19,19,19,19,19,19,19
270119,1,1,0,0,0,0,0,0,0,0,0,0
270119,2,1,0,0,0,0,0,0,0,0,0,0
270120,1,1,21,21,21,21,21,21,21,21,21,21
270120,2,1,0,0,0,0,0,0,0,0,0,0
270121,1,1,0,0,0,0,0,0,0,0,0,0
270121,2,1,0,0,0,0,0,0,0,0,0,0
270122,1,1,0,0,0,0,0,0,0,0,0,0
270122,2,1,0,0,0,0,0,0,0,0,0,0
270122,3,1,0,0,0,0,0,0,0,0,16,0
270123,1,1,0,0,0,0,0,0,0,0,0,0
270123,2,1,0,0,0,0,0,0,0,0,0,0
270124,0,1,0,0,0,0,0,0,0,0,0,0
270124,1,1,0,0,0,0,0,0,0,0,0,0
270125,1,1,11,11,11,11,11,11,11,11,11,11
270126,1,1,31,31,31,31,31,31,31,31,31,31
270127,1,1,20,20,20,20,20,20,20,20,20,20
270128,0,1,0,0,0,0,0,0,0,0,0,0
270128,1,1,8,8,8,8,8,8,8,8,8,8
270129,0,1,0,0,0,0,0,0,0,0,0,0
270129,1,1,0,0,0,0,0,0,0,0,0,0
270130,1,1,0,0,0,0,0,18,0,0,0,0
270130,2,1,7,7,7,7,7,7,7,7,7,7
270131,1,1,0,0,0,0,0,0,0,15,0,0
270131,2,1,0,0,0,0,0,0,0,0,0,0
270132,1,1,1,1,1,1,1,1,1,1,1,1
270132,2,1,0,0,0,0,0,0,0,0,0,0
270133,1,1,19,19,19,19,19,19,19,19,19,19
270134,1,1,0,0,0,0,0,0,0,0,0,0
270134,2,1,0,0,0,0,0,0,0,0,0,0
270135,1,1,0,0,0,0,0,0,0,0,0,0
270136,0,1,0,0,0,0,0,0,0,0,0,0
270136,1,1,0,0,0,0,0,0,0,0,0,0
270137,1,1,0,0,0,0,0,0,0,0,0,0
270138,1,1,13,24,3,31,16,29,24,18,19,7
270139,1,1,0,0,0,0,0,0,0,0,0,0
270140,0,1,0,0,0,0,0,0,0,0,0,0
270140,1,1,0,0,14,0,0,0,0,0,0,16
270141,1,1,0,0,0,0,0,0,0,0,0,0
270141,2,1,0,0,0,0,0,0,0,0,0,0
270142,1,1,0,0,0,0,0,0,0,0,0,0
270142,2,1,0,0,0,0,0,0,0,0,0,0
270142,3,1,0,4,0,17,0,0,0,0,0,0
270142,4,1,0,0,0,0,0,0,0,0,0,0
270143,1,1,0,0,0,0,0,0,0,0,0,0
270143,2,1,0,0,0,0,0,0,0,0,0,0
270144,1,1,18,18,18,18,18,18,18,18,18,18
270145,1,1,26,26,26,26,26,26,26,26,26,26
270146,1,1,0,0,0,0,0,0,0,0,0,0
270146,2,1,0,0,0,0,0,0,0,0,0,0
270146,3,1,0,0,0,0,0,0,0,0,0,0
270147,1,1,7,7,7,7,7,7,7,7,7,7
270148,1,1,0,0,0,0,0,0,0,0,0,0
270148,2,1,0,0,0,0,0,0,0,0,0,0
270149,1,1,0,0,0,0,0,0,0,0,0,0
270149,2,1,0,0,0,0,0,0,0,0,0,0
270150,1,1,0,0,0,0,14,0,24,0,0,0
270151,1,1,0,0,0,0,0,0,0,0,0,0
270151,2,1,0,0,0,0,0,0,0,0,0,0
270152,0,1,0,0,0,0,0,0,0,0,0,0
270152,1,1,0,0,0,0,0,0,0,0,0,0
270153,1,1,0,0,0,0,0,0,0,0,0,0
270153,2,1,0,0,0,0,0,0,0,0,0,0
270153,3,1,0,0,0,0,0,0,0,0,0,0
270154,1,1,0,0,0,0,0,0,0,0,0,0
270154,2,1,0,0,0,0,0,0,0,0,0,0
270155,1,1,0,0,0,0,0,0,0,0,0,0
270156,1,1,0,0,0,0,0,0,0,0,0,0
270156,2,1,35,23,4,29,0,0,0,0,0,15
270157,1,1,2,2,2,2,2,2,2,2,2,2
270158,1,1,0,0,0,0,0,0,0,0,0,0
270158,2,1,9,9,9,9,9,9,9,9,9,9
270159,1,1,3,3,3,3,3,3,3,3,3,3
270160,1,1,0,13,0,0,0,0,0,0,0,0
270160,2,1,0,0,0,0,0,0,0,0,0,0
270161,0,1,25,25,25,25,25,25,25,25,25,25
270161,1,1,17,17,17,17,17,17,17,17,17,17
270162,1,1,0,0,0,0,0,0,0,0,0,0
270162,2,1,0,0,0,0,0,0,0,0,0,0
270163,1,1,0,0,0,0,0,0,0,8,0,0
270164,0,1,0,0,0,0,0,0,0,0,0,0
270164,1,1,0,24,0,0,0,0,0,0,0,0
270165,1,1,33,33,33,33,33,33,33,33,33,33
270166,1,1,6,14,25,17,23,31,44,19,11,9
270167,1,1,0,0,0,0,0,0,0,0,0,0
270167,2,1,0,0,0,0,0,0,0,0,0,0
270168,1,1,0,0,0,0,0,0,0,0,0,0
270169,1,1,0,0,0,0,0,0,0,0,0,0
270169,2,1,0,0,0,0,0,0,0,0,0,0
270171,1,1,0,0,0,0,0,0,0,0,0,0
270171,2,1,0,0,0,0,0,0,0,0,0,0
270172,1,1,0,0,0,0,0,0,0,0,0,0
270172,2,1,0,0,0,0,0,0,0,0,0,0
270174,1,1,0,0,0,0,0,0,0,0,0,0
270175,1,1,18,18,18,18,18,18,18,18,18,18
270176,1,1,0,0,0,0,0,0,0,0,0,0
270177,1,1,0,0,0,0,0,0,0,0,0,0
270178,1,1,0,0,0,0,0,0,0,0,0,0
270178,2,1,0,0,0,0,0,0,0,0,0,0
270179,1,1,0,0,0,0,0,0,0,0,0,0
270179,2,1,0,0,0,0,0,0,0,0,0,0
270180,1,1,0,0,0,0,0,0,0,0,0,0
270180,2,1,0,0,0,0,0,0,0,0,0,0
270181,1,1,20,20,20,20,20,20,20,20,20,20
270182,1,1,0,0,0,0,0,0,0,0,0,0
270182,2,1,0,0,0,0,0,0,0,0,0,0
270183,1,1,0,0,0,0,0,0,0,0,0,0
270183,2,1,0,0,0,0,0,0,0,0,0,0
270184,1,1,35,35,35,35,35,35,35,35,35,35
270184,2,1,0,0,0,26,0,0,0,15,0,0
270185,1,1,0,0,0,0,0,0,0,0,0,0
270185,2,1,0,0,0,0,0,0,0,0,0,0
270186,1,1,0,0,0,0,0,0,0,0,0,0
270187,1,1,22,22,22,22,22,22,22,22,22,22
270188,1,1,0,0,0,0,0,0,0,0,0,0
270188,2,1,0,0,0,0,0,0,0,0,0,0
270188,3,1,0,0,0,0,0,0,0,0,0,0
270188,4,1,0,0,0,0,0,0,0,0,0,0
270189,1,1,0,0,0,0,0,0,0,0,0,13
270189,2,1,0,0,0,0,0,0,0,0,0,0
270190,1,1,0,0,0,0,0,0,0,0,0,0
270191,1,1,0,0,0,0,0,0,8,0,0,0
270191,2,1,0,0,0,0,0,0,0,0,0,0
270192,1,1,16,16,16,16,16,16,16,16,16,16
270193,1,1,0,0,0,0,0,0,0,0,0,0
270194,0,1,0,0,0,0,0,0,0,0,0,0
270194,1,1,0,0,0,0,0,0,0,0,0,0
270195,1,1,0,0,0,0,0,0,0,0,0,0
270195,2,1,0,0,0,0,0,0,0,0,0,0
270196,1,1,0,0,0,0,0,0,0,0,0,0
270196,2,1,0,0,0,0,0,0,0,0,0,0
270196,3,1,0,0,0,0,0,0,0,0,0,0
270197,1,1,0,0,0,0,0,0,0,0,0,0
270198,1,1,0,0,0,0,0,0,0,0,0,0
270198,2,1,0,0,0,0,0,0,0,0,0,0
270199,1,1,26,26,26,26,26,26,26,26,26,26
270200,1,1,0,0,0,0,0,0,0,0,0,0
270200,2,1,27,27,27,27,27,27,27,27,27,27
270201,1,1,0,0,0,0,0,0,0,0,0,14
270201,2,1,0,0,0,0,0,0,0,0,0,0
270202,1,1,0,0,0,0,0,0,0,0,0,0
270202,2,1,0,0,0,0,0,0,0,0,0,0
270203,0,1,0,0,0,0,0,0,0,0,0,0
270203,1,1,0,0,0,0,0,0,0,0,0,0
270204,1,1,0,0,0,0,0,0,0,0,0,0
270205,1,1,26,26,26,26,26,26,26,26,26,26
270206,1,1,0,0,0,0,0,0,0,0,0,0
270208,0,1,24,24,24,24,24,24,24,24,24,24
270208,1,1,0,0,0,0,0,0,0,0,0,0
270209,1,1,0,0,8,0,0,0,0,18,0,0
270210,1,1,19,19,19,19,19,19,19,19,19,19
270211,1,1,0,0,0,0,0,0,0,0,0,0
270212,1,1,0,0,0,0,0,0,0,0,0,0
270212,2,1,0,0,0,0,0,0,0,0,0,0
270213,1,1,0,0,0,0,0,0,0,0,0,0
270214,1,1,21,21,21,21,21,21,21,21,21,21
270215,1,1,0,0,0,0,0,0,0,0,0,0
270215,2,1,0,0,0,0,0,0,0,0,0,0
270216,1,1,0,0,0,0,0,0,0,0,0,0
270216,2,1,0,0,0,0,0,0,0,0,0,0
270218,1,1,0,0,0,0,0,0,0,0,0,0
270218,2,1,0,0,0,0,0,0,0,0,0,0
270219,1,1,0,0,0,0,0,0,0,0,0,0
270220,1,1,0,0,0,0,0,0,0,0,0,0
270221,1,1,3,3,3,3,3,3,3,3,3,3
270221,2,1,0,0,0,0,0,0,0,0,0,0
270221,3,1,0,0,0,0,0,0,0,0,0,0
270221,4,1,0,0,0,0,0,0,0,0,0,0
270222,1,1,0,0,0,0,0,0,0,0,0,0
270223,0,1,14,14,14,14,14,14,14,14,14,14
270223,1,1,0,0,0,0,0,0,0,0,0,0
270224,1,1,0,0,0,0,0,0,0,0,0,0
270224,2,1,0,0,0,0,0,0,0,0,0,0
270225,1,1,13,13,13,13,13,13,13,13,13,13
270226,1,1,19,19,19,19,19,19,19,19,19,19
270227,1,1,0,0,13,14,0,0,0,0,0,0
270227,2,1,0,0,0,0,0,0,0,0,0,0
270228,1,1,0,0,0,0,0,0,12,0,0,0
270228,2,1,0,0,0,0,0,0,0,0,0,0
270229,1,1,0,0,0,0,0,0,0,0,0,0
270230,1,1,16,16,16,16,16,16,16,16,16,16
270231,1,1,0,0,12,0,0,0,0,0,0,0
270231,2,1,6,0,0,0,21,0,0,0,0,0
270231,3,1,0,0,0,0,0,0,0,0,0,0
270231,4,1,0,0,0,0,0,0,0,0,0,0
270231,5,1,0,0,0,0,0,0,0,0,15,0
270231,6,1,0,0,0,0,0,0,0,0,0,0
270232,1,1,0,0,0,0,0,0,0,0,0,0
270233,1,1,0,0,0,0,0,0,0,0,13,0
270233,2,1,0,0,0,0,0,0,0,0,0,0
270234,0,1,0,0,0,0,0,0,0,0,0,0
270234,1,1,0,0,0,0,0,0,0,0,0,0
270235,1,1,0,0,0,0,0,0,0,0,0,0
270236,1,1,0,0,0,0,0,0,0,0,0,0
270237,0,1,0,0,0,0,0,0,0,0,0,0
270237,0,2,0,0,0,0,0,0,0,0,0,0
270237,0,3,0,0,0,0,0,0,0,0,0,0
270237,0,4,0,0,0,0,0,0,0,0,0,0
270237,1,1,10,10,10,10,10,10,10,10,10,10
270238,1,1,0,0,0,0,0,0,0,0,0,0
270239,0,1,17,17,17,17,17,17,17,17,17,17
270239,1,1,0,0,0,0,0,0,0,0,0,0
270240,1,1,0,0,0,0,0,0,0,0,0,0
270241,1,1,0,0,0,0,0,0,0,0,0,0
270242,1,1,14,14,14,14,14,14,14,14,14,14
270243,1,1,0,21,14,12,11,0,13,0,27,9
270244,1,1,0,0,0,0,0,0,0,0,0,0
270245,1,1,0,0,0,0,0,0,0,0,0,0
270245,2,1,0,0,0,0,0,0,0,0,0,0
270245,3,1,0,0,0,0,0,0,0,0,0,0
270245,4,1,0,0,0,0,0,0,0,0,0,0
270246,1,1,0,0,0,0,0,0,0,0,0,0
270247,1,1,0,0,0,0,0,0,0,0,11,0
270247,2,1,0,0,0,0,0,0,0,0,0,0
270248,1,1,0,0,0,0,0,0,0,0,0,0
270248,2,1,0,0,0,0,0,0,0,0,0,0
270249,1,1,9,9,9,9,9,9,9,9,9,9
270250,1,1,14,14,14,14,14,14,14,14,14,14
270251,1,1,23,23,23,23,23,23,23,23,23,23
270252,1,1,0,0,0,0,0,0,0,0,0,0
270252,2,1,0,0,10,6,0,0,0,0,0,0
270253,0,1,0,0,0,0,0,0,0,0,0,0
270253,1,1,0,0,0,0,0,0,0,0,0,0
270254,1,1,12,12,12,12,12,12,12,12,12,12
270254,2,1,0,0,0,0,0,0,0,0,0,0
270255,0,1,0,0,0,0,0,0,0,0,0,0
270255,1,1,0,0,0,0,0,0,0,0,0,0
270256,1,1,0,0,0,0,0,0,0,0,0,0
270256,2,1,0,0,0,0,0,0,0,0,0,0
270257,1,1,0,0,0,0,0,0,0,0,0,0
270257,2,1,0,0,0,0,0,0,0,0,0,0
270258,1,1,28,28,28,28,28,28,28,28,28,28
270259,1,1,15,0,0,0,0,0,0,0,0,0
270259,2,1,0,0,0,0,0,0,0,0,0,0
270259,3,1,0,0,0,0,0,0,0,0,0,0
270259,4,1,0,0,0,0,0,0,0,0,0,0
270260,1,1,0,0,0,0,0,0,0,0,0,0
270260,2,1,0,0,0,0,0,0,0,0,0,0
270261,0,1,4,12,0,0,0,0,0,0,0,0
270261,1,1,0,0,0,0,0,0,0,0,0,0
270262,1,1,24,0,0,17,0,12,0,0,0,0
270262,2,1,0,0,0,0,0,0,0,0,0,0
270263,1,1,0,0,0,0,0,0,0,0,9,0
270263,2,1,0,0,0,0,0,0,0,0,0,0
270264,1,1,11,11,11,11,11,11,11,11,11,11
270265,1,1,0,0,0,0,0,0,0,0,0,0
270266,1,1,0,0,0,20,9,0,22,0,0,0
270267,1,1,0,0,0,0,0,0,4,0,0,0
270267,2,1,0,0,0,0,0,0,0,0,0,0
270268,1,1,0,0,0,0,0,0,0,0,0,0
270268,2,1,0,0,0,0,0,0,0,0,0,0
270269,1,1,0,0,0,5,0,0,0,0,0,0
270269,2,1,0,0,0,0,0,0,0,0,0,0
270269,3,1,0,0,0,0,0,0,0,0,0,0
270270,1,1,24,24,24,24,24,24,24,24,24,24
270271,0,1,10,10,10,10,10,10,10,10,10,10
270271,1,1,0,0,0,14,6,0,0,0,0,0
270272,1,1,0,0,0,0,0,0,0,0,0,0
270272,2,1,0,0,0,0,0,0,0,0,0,0
270273,1,1,0,0,0,0,0,0,0,0,22,0
270273,2,1,0,0,0,0,0,0,0,0,0,0
270274,1,1,0,0,0,0,0,0,0,0,0,0
270275,1,1,0,0,0,0,0,0,0,0,0,0
270275,2,1,0,0,0,0,0,0,0,0,0,0
270276,0,1,0,0,0,0,0,0,0,0,0,0
270276,1,1,0,0,0,0,0,0,0,0,0,0
270277,0,1,13,13,13,13,13,13,13,13,13,13
270277,1,1,0,0,0,0,0,0,0,0,0,0
270278,1,1,0,0,0,0,0,0,0,0,0,0
270278,2,1,0,0,0,0,0,0,0,0,0,0
270279,1,1,0,0,0,0,0,0,0,0,0,0
270279,2,1,0,0,0,0,0,0,0,0,0,0
270280,0,1,0,0,0,0,0,0,0,0,0,0
270280,1,1,0,0,0,0,0,0,0,0,0,0
270281,0,1,0,0,0,0,0,0,0,0,0,0
270281,1,1,0,0,0,0,0,0,0,0,0,0
270282,1,1,0,0,0,0,0,0,0,0,0,0
270282,2,1,0,0,0,0,0,0,0,0,0,0
270282,3,1,0,0,0,0,0,0,0,0,0,0
270283,0,1,25,25,25,25,25,25,25,25,25,25
270283,1,1,0,0,0,0,0,0,0,0,0,0
270284,1,1,0,0,0,0,0,0,0,0,0,0