ST_CASE,VEH_NO,PER_NO,P1,P2,P3,P4,P5,P6,P7,P8,P9,P10
270285,1,1,0,0,0,0,0,0,0,0,0,0
270285,2,1,0,0,0,0,0,0,0,0,0,0
270286,1,1,17,17,17,17,17,17,17,17,17,17
270286,2,1,0,0,0,0,0,0,0,0,0,0
270287,1,1,0,0,0,0,0,0,0,0,0,0
270288,0,1,0,0,0,0,0,0,0,0,0,0
270288,1,1,0,0,0,0,0,0,0,0,0,0
270289,1,1,0,0,0,0,0,0,0,0,0,10
270289,2,1,0,0,0,0,0,0,0,0,0,0
270290,0,1,0,0,0,0,0,0,0,0,0,0
270290,1,1,0,0,0,0,0,0,0,0,0,0
270291,1,1,0,0,0,0,0,0,0,0,0,0
270291,2,1,0,0,0,0,0,0,0,0,0,0
270292,1,1,21,21,21,21,21,21,21,21,21,21
270293,1,1,0,0,0,0,0,0,0,0,0,0
270294,1,1,0,0,0,0,0,0,0,0,0,0
270294,2,1,0,0,0,0,0,0,0,0,0,0
270294,3,1,0,0,0,0,0,0,0,0,0,0
270294,4,1,0,0,0,0,0,0,0,0,0,0
270295,1,1,0,0,0,0,0,0,0,0,0,0
270295,2,1,0,0,0,0,0,0,0,0,0,0
270296,1,1,8,8,8,8,8,8,8,8,8,8
270297,1,1,2,2,2,2,2,2,2,2,2,2
270297,2,1,0,0,0,0,0,0,0,0,0,0
270298,1,1,0,0,0,0,0,0,0,0,0,0
270298,2,1,0,0,0,0,0,0,0,0,14,0
270299,1,1,0,0,0,0,0,0,0,0,0,0
270299,2,1,0,0,0,0,0,0,0,0,0,0
270300,1,1,0,0,0,0,0,0,0,0,0,0
270301,1,1,25,25,25,25,25,25,25,25,25,25
270302,0,1,5,5,5,5,5,5,5,5,5,5
270302,1,1,1,1,1,1,1,1,1,1,1,1
270303,1,1,0,0,0,0,0,0,0,0,0,0
270303,2,1,0,0,0,0,0,0,0,0,0,0
270305,1,1,0,0,0,0,0,0,0,0,0,0
270305,2,1,0,0,0,0,0,0,10,0,0,0
270306,0,1,2,2,2,2,2,2,2,2,2,2
270306,1,1,0,0,7,0,0,0,0,0,0,0
270308,1,1,0,0,0,0,0,0,0,0,0,0
270309,1,1,21,21,21,21,21,21,21,21,21,21
270309,2,1,0,0,0,0,0,0,0,0,0,0
270310,1,1,0,0,0,0,0,0,0,0,0,0
270310,2,1,0,0,0,0,0,0,0,0,0,0
270311,1,1,19,19,19,19,19,19,19,19,19,19
270311,2,1,0,0,0,0,0,0,0,0,0,0
270312,1,1,0,0,0,0,0,0,0,0,0,0
270312,2,1,0,0,0,0,0,0,0,0,0,0
270313,0,1,0,0,0,0,0,0,0,0,0,0
270313,1,1,13,0,26,36,0,39,17,0,0,26
270314,1,1,6,6,6,6,6,6,6,6,6,6
270314,2,1,12,12,12,12,12,12,12,12,12,12
270315,1,1,0,0,0,0,0,0,0,0,0,0
270315,2,1,0,0,63,0,0,0,7,0,0,0
270316,1,1,0,0,0,0,0,0,0,0,0,0
270317,1,1,21,0,0,9,10,0,19,0,0,0
270317,2,1,0,0,0,0,0,0,0,0,0,0
270318,1,1,17,17,17,17,17,17,17,17,17,17
270319,1,1,0,0,0,0,0,0,0,0,0,0
270319,2,1,0,0,0,0,0,0,0,0,0,0
270320,1,1,0,0,0,0,0,0,0,0,0,0
270320,2,1,0,0,0,0,0,0,0,0,0,0
270321,1,1,26,26,26,26,26,26,26,26,26,26
270322,1,1,0,0,0,0,0,0,0,0,0,0
270322,2,1,0,0,0,0,0,0,0,0,0,0
270323,1,1,0,14,0,0,0,0,0,5,0,0
270324,1,1,0,0,0,0,0,0,0,0,0,0
270325,0,1,0,0,0,0,0,0,0,0,0,0
270325,1,1,0,0,0,0,0,0,0,0,0,0
270326,1,1,0,0,0,0,0,0,0,0,0,0
270326,2,1,0,0,0,0,0,0,0,0,0,0
270327,1,1,0,0,0,0,0,0,0,0,0,0
270327,2,1,13,13,13,13,13,13,13,13,13,13
270328,1,1,0,0,0,0,0,0,0,0,0,0
270328,2,1,0,0,0,0,0,0,0,0,0,0
270329,1,1,2,2,2,2,2,2,2,2,2,2
270330,1,1,0,0,0,0,0,0,0,0,0,0
270330,2,1,0,0,7,0,0,0,0,0,0,0
270331,1,1,0,0,0,0,0,0,0,0,0,0
270332,1,1,0,0,0,0,0,0,0,0,0,0
270332,2,1,0,0,0,0,0,0,0,0,0,0
270333,1,1,3,3,3,3,3,3,3,3,3,3
270333,2,1,0,0,0,0,17,0,0,0,0,0
270334,1,1,0,0,0,11,0,0,0,0,0,0
270334,2,1,0,0,0,0,0,0,0,0,0,0
270335,1,1,0,0,0,0,0,0,0,0,0,0
270336,1,1,0,0,0,0,0,0,0,0,0,0
270336,2,1,0,0,0,0,0,11,0,0,0,0
270337,1,1,12,12,12,12,12,12,12,12,12,12
270337,2,1,0,0,0,0,0,0,0,0,0,0
270338,1,1,0,0,0,0,0,0,0,0,0,0
270339,1,1,24,24,24,24,24,24,24,24,24,24
270340,1,1,0,0,0,0,0,0,0,0,0,0
270341,0,1,0,0,0,0,0,0,0,0,0,0
270341,1,1,0,0,0,0,0,0,0,0,0,0
270342,0,1,6,9,4,31,21,0,11,12,19,19
270342,1,1,0,0,0,0,0,0,0,0,0,0
270343,1,1,0,0,17,0,0,0,0,0,0,0
270343,2,1,0,0,0,0,0,0,0,0,0,0
270344,1,1,0,0,0,0,19,0,0,0,0,0
270344,2,1,0,0,0,0,12,0,13,0,0,0
270345,1,1,7,0,0,11,4,0,0,13,0,22
270345,2,1,0,0,0,0,0,0,0,0,0,0
270345,3,1,0,26,12,0,17,14,17,0,0,0
270346,0,1,0,0,0,0,0,0,0,0,0,0
270346,1,1,0,0,0,0,0,0,0,0,0,0
270347,1,1,0,0,0,0,0,0,0,0,0,12
270348,1,1,0,0,0,0,0,0,29,0,0,0
270349,1,1,0,0,0,0,0,0,0,0,0,0
270350,1,1,0,0,0,0,0,0,0,0,0,0
270351,1,1,0,0,0,0,0,0,0,0,0,0
270351,2,1,0,0,9,0,0,0,0,0,0,0
270352,1,1,17,17,17,17,17,17,17,17,17,17
270353,1,1,5,5,5,5,5,5,5,5,5,5
270354,1,1,0,0,0,0,0,0,0,0,0,0
270354,2,1,0,0,0,0,0,0,0,0,0,0
270355,1,1,0,0,0,0,0,0,0,0,0,0
280001,1,1,0,0,0,0,0,0,0,0,0,0
280002,1,1,0,0,0,0,0,0,0,0,0,0
280002,2,1,0,0,0,0,0,0,0,0,0,0
280003,1,1,0,0,0,0,0,0,0,0,0,0
280004,1,1,0,0,0,0,0,0,0,0,0,0
280004,2,1,0,0,0,0,0,0,0,0,0,0
280004,3,1,0,0,0,0,0,0,0,0,0,0
280004,4,1,0,0,0,0,0,0,0,0,0,0
280005,1,1,0,0,0,0,0,0,0,0,0,0
280005,2,1,0,0,0,0,0,0,0,0,0,0
280006,1,1,0,0,0,0,0,0,0,0,0,0
280006,2,1,0,0,0,0,0,0,0,0,0,0
280007,1,1,0,0,0,0,0,0,0,0,0,0
280007,2,1,0,0,0,0,0,0,0,0,0,0
280008,1,1,0,0,0,0,0,0,0,0,0,0
280008,2,1,0,0,0,0,0,0,0,0,0,0
280009,1,1,0,0,0,0,0,0,0,0,0,0
280009,2,1,0,0,0,0,0,0,0,0,0,0
280010,0,1,0,0,0,0,0,0,0,0,0,0
280010,0,2,0,0,0,0,0,0,0,0,0,0
280010,1,1,0,0,0,0,0,0,0,0,0,0
280011,0,1,0,0,0,0,0,0,0,0,0,0
280011,1,1,0,0,0,0,0,0,0,0,0,0
280012,1,1,15,15,15,15,15,15,15,15,15,15
280012,2,1,0,0,0,0,0,0,0,0,0,0
280013,1,1,8,8,8,8,8,8,8,8,8,8
280014,1,1,0,0,0,0,0,0,0,0,0,0
280014,2,1,0,0,0,0,0,0,0,0,0,0
280015,0,1,0,0,0,0,0,0,0,0,0,0
280015,1,1,0,9,0,0,0,0,0,0,0,0
280016,1,1,0,0,0,0,0,0,0,0,0,0
280017,1,1,0,0,0,0,0,0,0,0,0,0
280017,2,1,0,0,0,0,0,0,0,0,0,0
280018,1,1,0,0,0,0,0,0,0,0,0,0
280019,1,1,0,0,0,0,0,0,0,0,0,0
280019,2,1,0,0,0,0,0,0,0,0,0,0
280020,0,1,27,18,0,0,0,19,0,0,0,0
280020,1,1,13,13,0,18,0,15,5,0,3,0
280021,1,1,18,18,18,18,18,18,18,18,18,18
280022,1,1,0,0,0,0,0,0,0,0,0,0
280023,1,1,0,0,0,0,0,0,0,0,0,0
280023,2,1,0,0,0,0,0,0,0,0,0,0
280024,1,1,18,18,18,18,18,18,18,18,18,18
280024,2,1,0,0,0,0,0,0,0,0,0,0
280025,1,1,0,0,0,0,0,0,0,0,0,0
280025,2,1,0,0,0,0,0,0,0,0,0,0
280026,1,1,0,0,0,0,0,0,0,0,0,0
280027,1,1,0,0,0,0,0,0,0,0,0,0
280027,2,1,0,0,0,0,0,0,0,0,0,0
280028,1,1,0,0,0,0,0,0,0,0,0,0
280029,1,1,0,0,0,0,0,0,0,0,0,0
280029,2,1,0,0,0,0,0,0,0,0,0,3
280029,3,1,0,0,0,0,0,0,0,0,0,0
280030,1,1,0,0,0,0,0,0,0,0,0,0
280031,0,1,0,0,0,0,0,0,0,0,0,0
280031,1,1,0,0,0,0,0,0,0,0,0,0
280032,1,1,15,15,15,15,15,15,15,15,15,15
280033,1,1,20,0,0,0,0,0,0,0,0,0
280034,1,1,32,32,32,32,32,32,32,32,32,32
280035,1,1,0,0,0,0,0,0,0,0,0,0
280036,1,1,0,0,0,0,0,0,0,0,0,0
280037,1,1,6,6,6,6,6,6,6,6,6,6
280037,2,1,0,0,0,0,0,0,0,0,0,0
280038,1,1,0,0,0,0,0,0,0,0,0,0
280038,2,1,0,0,0,0,0,0,0,0,0,0
280039,1,1,0,0,15,0,0,0,0,0,0,0
280040,1,1,0,0,0,0,0,13,0,0,0,0
280040,2,1,20,20,20,20,20,20,20,20,20,20
280041,0,1,0,0,0,0,0,0,0,0,23,0
280041,1,1,0,0,0,0,0,0,0,0,0,0
280042,1,1,23,23,23,23,23,23,23,23,23,23
280043,1,1,0,0,18,0,0,0,0,0,0,4
280043,2,1,12,12,12,12,12,12,12,12,12,12
280044,1,1,0,0,0,0,0,0,0,0,0,0
280044,2,1,23,23,23,23,23,23,23,23,23,23
280045,1,1,0,0,0,0,0,0,0,0,0,0
280046,1,1,25,25,25,25,25,25,25,25,25,25
280047,1,1,0,0,0,0,0,0,0,0,0,0
280047,2,1,0,0,0,0,0,26,0,0,0,0
280048,1,1,0,0,0,0,0,0,0,0,0,0
280048,2,1,0,0,0,0,0,0,0,0,0,0
280049,1,1,0,0,0,0,0,0,0,0,0,0
280050,1,1,0,0,0,0,0,0,0,0,0,0
280050,2,1,0,0,0,0,0,0,0,0,0,0
280050,3,1,0,0,0,0,0,0,0,0,0,0
280050,4,1,0,0,0,0,0,0,0,0,0,0
280051,0,1,0,0,0,0,0,0,0,0,0,0
280051,1,1,0,0,0,0,0,0,0,0,0,32
280052,1,1,34,34,34,34,34,34,34,34,34,34
280053,1,1,0,0,0,0,0,0,0,0,0,0
280054,1,1,25,25,25,25,25,25,25,25,25,25
280054,2,1,0,0,0,0,0,0,0,0,0,0
280055,1,1,0,0,0,0,0,0,0,0,0,0
280055,2,1,0,0,0,0,0,0,0,0,0,0
280056,1,1,0,0,0,0,0,0,0,0,0,0
280057,1,1,21,21,21,21,21,21,21,21,21,21
280058,1,1,0,0,0,0,0,0,0,0,0,0
280058,2,1,0,0,0,0,0,0,0,0,0,0
280059,1,1,0,0,0,0,0,0,0,0,0,0
280060,1,1,16,16,16,16,16,16,16,16,16,16
280061,1,1,0,0,0,0,0,0,0,0,0,0
280062,1,1,0,0,0,0,0,0,0,0,0,0
280062,2,1,0,0,0,0,0,0,0,0,0,0
280063,1,1,0,0,0,0,0,0,0,0,0,0
280063,2,1,0,0,0,0,0,0,0,0,0,0
280064,1,1,0,0,0,0,0,0,0,0,0,0
280064,2,1,0,0,0,0,0,0,0,0,0,0
280065,1,1,0,0,0,0,0,0,0,0,0,0
280066,1,1,0,0,0,0,0,0,0,0,0,0
280067,1,1,0,0,0,0,0,0,0,0,0,0
280067,2,1,0,0,0,0,0,0,0,0,0,0
280068,1,1,0,9,0,0,0,0,0,0,0,0
280069,0,1,0,0,0,0,0,0,0,0,0,0
280069,1,1,0,6,0,0,0,0,0,0,0,0
280070,1,1,0,0,0,0,0,0,0,0,0,0
280070,2,1,0,0,0,0,0,0,0,0,0,0
280071,1,1,0,0,0,0,0,0,0,0,0,0
280071,2,1,0,0,0,0,0,0,0,0,0,0
280072,1,1,0,0,0,0,0,0,0,0,0,0
280072,2,1,0,0,0,0,0,0,0,12,0,0
280073,1,1,0,0,0,0,0,0,0,0,0,0
280073,2,1,0,0,0,0,0,0,0,0,0,0
280074,1,1,0,0,0,0,0,0,0,0,0,0
280074,2,1,0,0,0,0,0,0,0,0,0,0
280075,1,1,0,0,0,0,0,0,0,0,0,0
280075,2,1,0,0,0,0,0,0,0,0,0,0
280075,3,1,0,0,16,0,0,12,0,0,0,0
280076,1,1,8,8,8,8,8,8,8,8,8,8
280076,2,1,8,8,8,8,8,8,8,8,8,8
280077,1,1,0,0,0,0,0,0,0,0,0,0
280078,1,1,0,4,0,0,0,0,0,0,0,0
280078,2,1,0,0,0,0,0,0,0,0,0,0
280079,1,1,0,0,0,0,0,0,0,0,0,0
280079,2,1,0,0,0,0,0,0,0,0,0,0
280080,1,1,23,23,23,23,23,23,23,23,23,23
280081,1,1,0,0,0,0,0,0,0,0,0,0
280082,1,1,0,0,0,0,0,0,0,0,0,24
280082,2,1,0,0,0,0,0,0,0,0,0,0
280083,1,1,0,0,0,0,0,0,0,0,0,0
280083,2,1,0,0,0,0,0,0,0,0,0,0
280084,1,1,0,0,0,0,0,0,0,0,0,0
280084,2,1,20,19,19,15,7,14,8,16,16,16
280085,1,1,0,0,0,0,0,0,0,0,0,0
280086,1,1,9,0,0,0,0,0,0,10,0,0
280087,1,1,0,0,0,0,0,0,0,0,0,0
280087,2,1,0,0,0,0,0,0,0,0,0,0
280088,0,1,0,18,0,24,0,0,0,0,44,0
280088,1,1,0,0,0,0,0,0,0,0,0,0
280089,1,1,0,0,0,0,0,0,0,0,0,0
280089,2,1,22,0,0,9,0,25,0,5,9,0
280090,1,1,0,0,0,0,0,0,0,0,0,0
280091,1,1,0,0,0,0,0,24,0,0,0,0
280092,1,1,0,0,0,0,0,0,0,0,0,0
280092,2,1,0,0,0,0,0,0,0,0,0,0
280092,3,1,0,0,0,0,0,0,0,0,0,0
280093,1,1,0,0,0,0,0,0,0,0,0,0
280093,2,1,0,0,0,0,0,0,0,0,0,0
280093,3,1,0,0,0,0,0,0,0,0,0,0
280093,4,1,0,0,0,0,0,0,0,0,0,0
280093,5,1,19,0,0,0,0,0,0,0,0,0
280093,6,1,0,0,0,0,0,0,0,0,0,4
280093,7,1,0,11,0,0,0,27,10,0,0,0
280094,1,1,0,0,0,0,0,0,0,0,0,0
280094,2,1,0,0,0,0,0,0,0,0,0,0
280095,1,1,0,0,0,0,0,0,0,0,0,0
280095,2,1,0,0,0,0,0,0,0,8,0,0
280096,1,1,0,0,0,0,0,0,0,0,0,0
280096,2,1,0,0,0,0,0,0,0,0,0,0
280097,1,1,0,0,0,0,0,0,0,0,0,0
280097,2,1,0,0,0,0,0,0,0,0,0,0
280098,0,1,0,0,0,0,0,0,13,0,0,0
280098,1,1,0,0,29,0,0,0,0,0,0,0
280099,1,1,9,9,9,9,9,9,9,9,9,9
280099,2,1,0,0,0,0,0,0,0,0,0,0
280100,1,1,0,0,0,0,0,0,0,0,0,0
280101,1,1,0,0,0,0,0,0,0,0,0,0
280101,2,1,0,0,0,0,0,0,0,0,0,0
280102,1,1,0,0,0,0,0,0,0,0,0,0
280102,2,1,0,0,5,0,0,0,0,0,0,0
280103,1,1,0,0,0,0,0,0,0,0,0,0
280103,2,1,0,0,0,0,0,0,0,0,0,0
280104,0,1,0,0,0,19,0,0,0,7,16,0
280104,1,1,10,32,0,15,0,23,25,0,36,0
280105,1,1,8,8,8,8,8,8,8,8,8,8
280106,1,1,0,0,0,0,0,0,0,17,0,0
280106,2,1,0,0,0,0,0,0,0,0,0,0
280106,3,1,0,0,0,0,0,0,0,0,0,0
280106,4,1,0,0,0,0,0,0,0,0,0,0
280107,1,1,0,0,0,23,0,0,0,0,7,0
280107,2,1,0,0,0,0,0,0,0,0,0,0
280107,3,1,0,0,0,0,0,0,0,15,0,0
280108,1,1,0,0,0,0,0,0,0,0,0,0
280108,2,1,0,0,0,0,0,0,0,0,0,0
280109,1,1,0,0,0,0,0,0,0,0,0,0
280109,2,1,0,0,0,0,0,0,0,0,0,0
280110,1,1,0,0,0,0,0,0,0,0,0,0
280110,2,1,0,0,0,0,0,0,0,0,0,0
280110,3,1,0,0,0,0,0,0,0,0,0,0
280111,1,1,0,0,0,0,0,0,0,0,0,0
280111,2,1,0,0,0,0,0,0,0,0,0,0
280112,1,1,0,0,0,0,0,0,0,0,0,0
280113,0,1,14,0,37,0,5,0,0,0,0,0
280113,1,1,17,17,17,17,17,17,17,17,17,17
280114,1,1,0,0,0,0,0,0,0,0,0,0
280115,1,1,34,34,34,34,34,34,34,34,34,34
280116,1,1,0,0,0,0,0,0,0,0,0,12
280116,2,1,0,0,0,0,0,0,0,0,0,0
280117,1,1,0,0,0,0,0,0,0,0,0,0
280117,2,1,0,0,0,0,0,0,0,0,0,0
280118,1,1,0,0,0,0,0,0,0,0,0,0
280119,1,1,0,17,36,0,0,0,0,0,0,0
280120,1,1,0,0,0,0,0,0,0,0,0,0
280121,1,1,0,0,0,0,0,0,0,0,0,0
280121,2,1,0,0,0,0,0,0,0,0,0,0
280122,1,1,21,7,18,14,0,23,19,16,8,24
280123,1,1,0,0,0,0,0,0,0,0,0,0
280124,1,1,16,16,16,16,16,16,16,16,16,16
280124,2,1,19,19,19,19,19,19,19,19,19,19
280125,1,1,0,0,0,0,0,0,0,0,0,0
280126,1,1,22,22,22,22,22,22,22,22,22,22
280127,1,1,0,0,0,0,0,0,0,0,0,0
280128,1,1,0,0,0,0,0,0,0,0,0,0
280128,2,1,0,0,0,0,0,0,0,0,0,0
280129,1,1,0,0,0,0,0,0,0,0,0,0
280130,1,1,0,10,0,0,0,27,0,0,0,0
280131,1,1,0,0,0,0,0,0,0,0,0,0
280131,2,1,0,0,0,0,0,0,0,0,0,0
280132,1,1,0,0,0,0,0,0,0,0,0,0
280132,2,1,26,26,26,26,26,26,26,26,26,26
280133,0,1,0,0,0,0,36,20,0,0,0,0
280133,1,1,0,0,0,0,0,0,0,0,0,0
280134,0,1,0,0,0,0,0,0,0,0,20,0
280134,1,1,0,6,0,10,0,9,0,0,24,0
280135,0,1,11,11,11,11,11,11,11,11,11,11
280135,1,1,0,0,33,0,0,0,0,0,0,0
280136,1,1,14,14,14,14,14,14,14,14,14,14
280137,1,1,0,0,0,0,0,0,0,0,0,0
280138,1,1,0,0,0,0,0,0,0,0,14,0
280138,2,1,19,19,19,19,19,19,19,19,19,19
280139,1,1,0,0,0,0,0,0,0,26,0,12
280139,2,1,0,0,0,0,0,0,0,0,0,0
280139,3,1,0,0,0,17,0,0,0,0,0,0
280140,1,1,0,0,0,0,0,0,0,0,0,0
280140,2,1,0,0,0,0,0,0,0,0,0,0
280141,1,1,22,22,22,22,22,22,22,22,22,22
280142,0,1,0,0,0,0,0,0,0,0,0,0
280142,1,1,0,0,0,0,0,0,0,0,0,0
280143,1,1,25,25,25,25,25,25,25,25,25,25
280143,2,1,0,0,0,0,0,0,0,0,0,0
280144,1,1,0,0,0,0,0,0,0,0,0,0
280145,1,1,7,22,0,22,0,0,0,20,27,0
280146,1,1,0,0,0,0,0,0,0,0,0,0
280147,1,1,0,0,0,0,0,0,0,0,18,0
280148,1,1,13,0,17,0,0,0,0,0,0,24
280149,1,1,20,20,20,20,20,20,20,20,20,20
280150,1,1,0,0,0,0,0,0,0,0,0,0
280150,2,1,0,0,0,0,0,0,0,0,0,0
280151,1,1,0,0,0,0,0,0,0,0,0,0
280152,0,1,25,25,25,16,14,14,13,25,18,20
280152,1,1,0,0,0,0,0,0,0,0,0,0
280153,1,1,0,0,0,0,0,0,0,0,0,0
280154,1,1,0,0,0,0,0,0,0,0,0,0
280154,2,1,0,0,0,0,0,0,0,0,0,0
280155,1,1,0,0,0,0,0,0,0,0,0,0
280156,1,1,0,0,0,0,0,0,0,0,0,0
280156,2,1,2,2,2,2,2,2,2,2,2,2
280157,1,1,4,4,4,4,4,4,4,4,4,4
280157,2,1,0,9,0,0,0,0,0,0,0,0
280158,0,1,12,0,0,0,11,0,0,0,16,0
280158,1,1,0,0,0,0,0,0,0,0,0,0
280158,2,1,0,0,0,0,0,0,0,0,0,0
280158,3,1,0,0,11,0,0,0,0,0,0,0
280159,0,1,21,21,21,21,21,21,21,21,21,21
280159,1,1,0,0,0,0,0,0,0,0,0,0
280160,1,1,8,0,0,0,0,0,27,0,0,0
280161,1,1,0,0,0,0,0,0,0,0,0,0
280162,1,1,0,0,0,0,0,0,0,0,0,0
280162,2,1,0,0,0,0,0,0,0,0,0,0
280163,1,1,0,0,0,0,0,0,0,0,0,0
280163,2,1,0,0,0,0,0,0,0,0,0,0
280164,1,1,0,0,0,0,0,0,0,0,0,0
280165,1,1,0,0,0,0,0,0,0,0,0,0
280165,2,1,0,0,0,0,0,0,0,0,0,26
280166,1,1,0,0,0,0,0,0,0,0,0,0
280166,2,1,0,0,0,4,0,0,0,0,0,0
280167,1,1,0,0,0,0,0,0,0,0,0,0
280167,2,1,0,0,0,0,0,0,0,0,0,0
280168,0,1,19,35,11,16,24,22,14,3,13,24
280168,1,1,0,0,0,0,0,0,0,0,0,0
280168,2,1,0,0,0,0,0,11,0,0,0,0
280169,1,1,10,10,10,10,10,10,10,10,10,10
280170,1,1,0,0,0,0,0,0,0,0,0,0
280170,2,1,0,0,0,0,0,0,0,0,0,0
280171,1,1,0,0,0,0,0,0,0,0,0,0
280172,1,1,0,0,0,0,0,0,0,0,0,0
280172,2,1,0,0,0,0,0,0,0,0,0,9
280174,1,1,0,0,0,0,0,0,0,0,0,0
280174,2,1,0,0,0,0,0,0,0,0,0,0
280175,1,1,0,4,0,4,0,0,0,0,0,0
280175,2,1,0,0,0,0,0,0,0,0,0,0
280176,1,1,0,0,0,0,0,0,0,0,22,11
280177,0,1,0,0,0,0,11,12,14,40,41,0
280177,1,1,0,0,0,0,0,0,0,0,0,0
280178,1,1,0,0,0,0,0,0,0,0,0,0
280178,2,1,0,0,0,0,0,0,0,0,0,0
280179,1,1,0,0,0,0,0,0,0,0,0,0
280179,2,1,0,0,0,0,0,0,0,0,0,0
280180,1,1,0,0,0,0,0,0,0,0,0,0
280180,2,1,0,0,0,0,0,0,0,0,0,0
280181,1,1,0,0,0,0,0,0,0,0,0,0
280182,1,1,0,0,0,0,0,0,0,0,0,0
280183,1,1,7,7,7,7,7,7,7,7,7,7
280184,1,1,0,0,0,0,0,0,0,0,0,0
280185,1,1,0,0,0,0,0,0,0,0,0,0
280185,2,1,0,0,0,0,0,0,0,0,0,0
280186,1,1,0,0,0,0,0,0,0,0,0,0
280186,2,1,0,0,0,0,0,0,0,0,0,0
280186,3,1,8,8,8,8,8,8,8,8,8,8
280187,1,1,0,0,0,0,0,0,0,0,0,0
280187,2,1,0,0,0,0,0,0,0,0,0,0
280188,1,1,0,0,0,0,0,0,0,0,0,0
280188,2,1,0,0,0,0,0,0,0,0,0,0
280189,0,1,0,0,0,0,0,0,0,0,0,0
280189,1,1,0,0,0,0,0,0,0,0,0,0
280190,1,1,0,0,0,0,0,0,0,0,0,0
280190,2,1,0,0,0,0,0,0,0,0,0,0
280191,1,1,0,0,0,0,0,0,0,0,0,0
280191,2,1,0,0,2,0,0,0,0,0,0,0
280192,1,1,0,0,0,0,0,0,0,0,0,0
280193,1,1,0,0,0,0,0,0,0,0,0,0
280193,2,1,0,0,0,0,0,0,0,0,0,0
280194,1,1,25,25,25,25,25,25,25,25,25,25
280195,1,1,7,7,7,7,7,7,7,7,7,7
280195,2,1,0,12,0,0,0,3,0,0,0,0
280196,0,1,0,0,0,0,19,0,0,0,14,0
280196,1,1,0,0,0,0,0,0,0,0,0,0
280197,1,1,0,0,0,0,0,0,0,0,0,0
280197,2,1,0,0,0,0,0,0,0,0,0,0
280198,0,1,35,0,12,0,0,0,0,12,12,0
280198,1,1,0,0,0,0,0,0,0,0,0,0
280199,1,1,0,0,0,0,0,0,0,0,0,0
280199,2,1,0,0,0,0,0,0,0,0,0,0
280199,3,1,0,0,0,0,0,0,0,0,0,0
280200,1,1,0,0,0,0,0,0,0,0,0,0
280201,1,1,0,0,0,15,0,0,0,11,0,0
280202,1,1,0,0,0,0,0,0,0,0,0,0
280202,2,1,0,0,0,0,0,0,0,0,0,0
280203,1,1,0,0,0,0,0,0,0,0,0,0
280204,0,1,0,21,0,0,26,14,10,0,0,17
280204,1,1,0,0,0,0,0,0,0,0,0,0
280205,1,1,0,0,0,0,0,0,0,0,0,0
280206,1,1,0,0,0,0,0,0,0,0,0,0
280206,2,1,0,0,0,0,0,0,0,0,0,0
280206,3,1,0,0,0,0,0,0,0,0,0,0
280206,4,1,0,0,0,0,0,0,0,0,0,0
280207,1,1,14,14,14,14,14,14,14,14,14,14
280207,2,1,10,0,0,0,19,0,0,19,0,0
280208,1,1,0,0,0,20,0,0,0,0,0,0
280209,1,1,0,0,0,0,0,0,0,0,0,0
280209,2,1,0,0,0,0,0,0,0,0,0,0
280210,1,1,0,0,0,0,0,0,0,0,0,0
280211,1,1,0,0,26,0,0,0,0,0,0,0
280212,1,1,0,0,0,0,0,0,0,0,0,0
280212,2,1,0,0,0,0,0,0,0,0,5,0
280213,1,1,21,21,21,21,21,21,21,21,21,21
280214,1,1,0,0,0,0,3,0,0,0,0,0
280214,2,1,0,0,0,0,0,0,0,0,0,0
280216,1,1,0,0,0,0,0,0,0,0,0,0
280216,2,1,0,0,0,0,0,0,0,0,4,0
280217,1,1,19,19,19,19,19,19,19,19,19,19
280218,1,1,0,0,0,0,0,0,0,0,0,0
280218,2,1,0,0,0,0,0,0,0,0,0,0
280219,1,1,0,0,0,0,0,0,0,0,0,0
280220,1,1,0,0,0,0,0,0,0,0,0,0
280221,0,1,0,0,0,0,37,12,0,0,37,0
280221,1,1,0,0,0,0,0,10,0,0,0,0
280222,1,1,0,29,0,0,0,0,0,0,0,0
280223,1,1,0,0,0,0,0,0,0,0,0,0
280223,2,1,0,0,0,0,0,0,0,0,0,0
280223,3,1,0,0,0,0,0,0,0,0,0,0
280224,1,1,0,0,0,0,0,0,34,0,0,0
280224,2,1,0,0,0,0,0,0,0,0,0,0
280225,1,1,0,0,0,0,0,0,0,0,0,0
280226,0,1,0,0,0,0,0,0,0,0,0,0
280226,1,1,0,0,0,0,4,0,0,0,0,0
280227,1,1,0,0,0,0,0,0,0,0,0,0
280228,1,1,0,12,0,0,0,0,0,0,0,14
280228,2,1,0,0,0,0,20,0,0,0,0,0
280229,1,1,5,0,0,0,0,0,0,0,0,0
280229,2,1,0,0,0,0,0,0,0,0,0,0
280230,1,1,17,17,17,17,17,17,17,17,17,17
280231,1,1,0,0,0,6,0,0,0,13,0,0
280231,2,1,22,22,22,22,22,22,22,22,22,22
280232,1,1,0,0,0,0,0,0,0,0,13,0
280232,2,1,0,0,0,0,0,0,0,0,0,0
280233,1,1,0,0,0,0,0,0,0,0,0,0
280234,1,1,0,0,0,0,0,0,0,10,0,0
280234,2,1,0,0,0,0,0,0,0,0,0,0
280235,1,1,0,0,0,0,0,0,0,0,0,0
280236,1,1,0,0,0,0,0,0,0,0,0,0
280237,1,1,0,0,0,0,20,0,0,23,0,9
280237,2,1,0,0,0,17,0,11,0,0,0,0
280238,1,1,0,0,0,0,0,0,0,0,0,0
280239,1,1,0,0,0,0,0,0,0,0,0,0
280240,1,1,0,0,0,0,0,0,0,0,0,0
280241,1,1,0,0,0,0,0,0,0,0,0,0
280242,1,1,0,0,0,0,0,0,0,0,0,0
280242,2,1,0,0,0,0,0,0,0,0,0,0
280243,1,1,0,0,0,0,0,0,0,0,0,0
280244,1,1,0,0,0,0,0,0,0,0,0,0