ST_CASE,VEH_NO,PER_NO,P1,P2,P3,P4,P5,P6,P7,P8,P9,P10
280245,1,1,0,0,0,0,11,0,0,0,0,0
280245,2,1,0,0,0,0,0,0,0,0,0,0
280245,3,1,0,0,0,0,0,0,0,0,0,0
280246,1,1,0,0,0,0,0,0,0,0,22,0
280247,1,1,0,0,0,0,0,0,0,0,0,0
280248,1,1,1,1,1,1,1,1,1,1,1,1
280249,1,1,0,0,0,0,0,0,0,0,0,0
280250,1,1,11,0,0,0,0,0,0,0,0,0
280250,2,1,0,0,0,0,0,0,0,0,0,0
280251,1,1,0,0,0,0,0,0,0,0,0,0
280252,0,1,0,0,0,0,0,0,0,0,0,0
280252,1,1,0,0,0,0,0,0,0,0,0,0
280253,1,1,0,0,0,0,0,0,7,0,0,0
280254,1,1,0,15,0,0,4,24,0,0,0,0
280255,1,1,0,0,0,0,0,0,0,0,0,0
280255,2,1,14,14,14,14,14,14,14,14,14,14
280256,0,1,0,0,0,0,0,0,0,0,0,0
280256,1,1,0,0,0,25,0,0,0,0,8,0
280257,1,1,1,1,1,1,1,1,1,1,1,1
280257,2,1,14,14,14,14,14,14,14,14,14,14
280258,1,1,0,0,0,2,0,0,0,0,0,0
280258,2,1,0,0,0,0,0,0,0,0,0,0
280258,3,1,0,0,0,0,0,0,0,0,0,0
280259,1,1,0,0,0,0,0,0,0,0,0,0
280259,2,1,0,0,0,0,0,0,0,0,0,0
280259,3,1,0,0,0,0,0,0,0,0,9,0
280259,4,1,0,0,0,0,0,0,0,0,0,0
280259,5,1,0,0,0,0,0,0,0,29,0,0
280259,6,1,0,0,0,0,0,0,0,0,0,0
280260,1,1,0,0,0,0,0,0,0,0,0,0
280260,2,1,0,0,0,0,0,0,0,0,0,0
280261,1,1,0,0,0,0,0,0,0,0,0,0
280262,1,1,0,0,0,0,0,0,0,0,0,0
280262,2,1,0,0,0,0,0,0,0,0,0,0
280263,1,1,10,10,10,10,10,10,10,10,10,10
280264,1,1,0,0,0,0,0,0,0,0,0,0
280264,2,1,0,0,0,0,0,0,0,0,0,0
280265,1,1,7,0,0,10,13,0,0,0,0,0
280265,2,1,0,0,0,0,0,0,0,0,0,0
280266,1,1,0,0,0,0,0,0,0,0,0,0
280266,2,1,21,21,21,21,21,21,21,21,21,21
280267,1,1,0,0,0,0,0,0,0,0,0,0
280267,2,1,5,5,5,5,5,5,5,5,5,5
280268,0,1,0,0,0,0,0,0,0,0,0,0
280268,1,1,0,0,0,0,0,0,0,0,0,0
280268,2,1,0,0,0,0,0,0,0,0,0,0
280269,1,1,0,0,0,0,0,0,10,0,0,0
280269,2,1,0,0,0,0,0,0,0,0,0,0
280270,1,1,0,0,0,0,0,0,0,0,0,0
280270,2,1,0,0,0,0,0,0,0,0,0,0
280271,1,1,0,0,0,0,0,0,0,0,0,0
280271,2,1,0,0,0,29,14,0,0,0,0,0
280272,1,1,0,0,0,0,0,0,0,0,0,0
280272,2,1,0,0,0,0,0,0,0,0,0,0
280273,1,1,18,18,18,18,18,18,18,18,18,18
280273,2,1,0,0,0,0,0,0,0,0,0,0
280274,1,1,0,39,0,20,0,15,0,0,6,0
280275,1,1,22,0,0,0,0,0,0,0,0,0
280276,1,1,0,0,0,0,0,12,0,15,0,8
280276,2,1,0,0,8,0,0,0,7,0,0,0
280277,0,1,2,2,2,2,2,2,2,2,2,2
280277,1,1,0,0,0,0,0,0,0,0,0,0
280278,1,1,0,0,0,0,0,0,0,0,0,0
280278,2,1,0,0,0,0,0,0,0,0,0,0
280278,3,1,0,21,0,0,0,0,0,0,0,0
280279,1,1,0,0,0,0,0,0,0,0,0,0
280279,2,1,29,29,29,29,29,29,29,29,29,29
280280,1,1,0,0,0,0,0,0,0,0,0,0
280280,2,1,0,0,0,0,0,0,0,0,0,0
280281,1,1,0,0,0,0,0,0,0,0,0,0
280281,2,1,0,0,0,0,0,0,0,0,0,0
280282,1,1,0,0,0,0,0,0,0,0,0,0
280282,2,1,0,0,0,0,0,0,0,0,0,0
280283,1,1,0,0,0,0,12,0,0,0,18,0
280284,1,1,0,8,0,0,16,0,12,0,0,13
280284,2,1,0,0,0,0,0,0,0,0,0,0
280285,1,1,0,0,0,0,0,0,0,0,0,0
280286,1,1,0,0,0,0,0,0,0,0,0,0
280287,1,1,21,0,0,16,16,0,17,12,23,0
280288,1,1,0,0,0,0,0,0,0,0,0,0
280289,1,1,15,15,15,15,15,15,15,15,15,15
280290,1,1,16,16,16,16,16,16,16,16,16,16
280291,1,1,0,0,0,0,0,0,0,0,0,0
280291,2,1,0,0,0,0,0,0,0,0,0,0
280291,3,1,0,0,0,0,0,0,0,0,0,0
280292,1,1,39,0,0,0,0,0,7,0,0,0
280293,0,1,0,0,0,0,0,0,0,0,0,0
280293,1,1,0,0,0,0,0,27,0,0,0,0
280294,1,1,20,20,20,20,20,20,20,20,20,20
280294,2,1,0,0,0,0,0,0,0,0,0,0
280294,3,1,0,0,19,15,0,0,0,10,18,0
280295,1,1,0,0,0,0,0,0,0,0,0,0
280295,2,1,0,0,0,0,0,0,0,0,0,0
280296,1,1,0,0,0,19,0,0,0,0,0,0
280296,2,1,30,30,30,30,30,30,30,30,30,30
280297,1,1,0,0,0,0,0,0,0,0,0,0
280298,1,1,0,0,0,0,0,0,0,0,0,0
280299,1,1,0,0,0,0,0,0,0,0,0,0
280300,1,1,0,0,0,0,0,0,0,0,0,0
280301,1,1,0,0,8,0,0,0,0,0,0,31
280301,2,1,0,0,0,0,0,0,0,0,0,0
280302,1,1,0,27,0,0,0,0,0,0,0,30
280303,1,1,0,0,0,0,0,27,0,0,0,0
280304,1,1,12,12,12,12,12,12,12,12,12,12
280305,1,1,0,0,0,0,0,0,0,0,0,0
280305,2,1,0,0,0,0,0,0,0,0,0,0
280306,1,1,0,0,0,0,0,0,0,0,0,0
280307,1,1,0,0,0,0,0,0,0,0,0,0
280308,1,1,0,0,0,0,0,0,14,0,0,0
280308,2,1,0,0,0,0,0,0,0,24,0,0
280310,1,1,0,17,25,0,17,0,10,0,0,0
280311,1,1,33,33,33,33,33,33,33,33,33,33
280312,1,1,0,24,13,13,0,32,15,26,9,13
280313,1,1,0,0,0,0,0,0,0,0,0,0
280314,1,1,0,0,0,0,0,0,0,0,0,0
280314,2,1,17,17,17,17,17,17,17,17,17,17
280315,1,1,0,0,0,0,0,0,0,0,0,0
280315,2,1,0,0,0,0,0,0,0,0,0,0
280316,1,1,0,0,0,0,0,0,0,0,0,0
280316,2,1,0,0,0,0,0,0,0,0,0,0
280317,0,1,0,0,0,0,29,0,0,0,0,0
280317,0,2,0,9,0,0,0,0,0,0,0,25
280317,0,3,0,0,0,0,0,0,0,0,0,0
280317,1,1,20,20,20,20,20,20,20,20,20,20
280318,1,1,0,0,0,0,0,0,0,0,0,0
280319,1,1,0,0,0,0,0,0,0,0,0,0
280319,2,1,0,0,0,0,0,0,0,0,0,0
280320,0,1,0,0,0,0,0,0,0,0,0,0
280320,1,1,0,0,0,0,0,0,0,0,0,0
280321,1,1,0,22,0,0,0,0,0,0,0,0
280322,1,1,0,0,0,0,0,0,0,0,0,0
280323,1,1,0,0,0,0,0,0,0,0,0,0
280323,2,1,0,0,0,0,0,0,0,0,0,0
280323,3,1,0,0,0,0,0,0,0,0,0,0
280324,0,1,0,7,0,0,0,0,0,0,0,14
280324,1,1,0,0,0,0,0,0,0,0,0,0
280325,1,1,0,0,0,0,22,14,0,0,0,0
280325,2,1,0,0,0,0,0,0,0,0,0,0
280326,1,1,0,0,0,0,0,0,0,0,0,0
280326,2,1,0,0,0,0,0,0,0,0,0,0
280326,3,1,0,0,0,0,0,0,0,0,0,0
280327,1,1,0,0,0,0,0,0,0,0,0,0
280327,2,1,17,17,17,17,17,17,17,17,17,17
280328,1,1,0,0,12,0,0,21,9,0,0,0
280329,1,1,0,0,0,0,0,0,0,0,0,0
280330,1,1,0,0,0,0,0,0,0,0,0,0
280330,2,1,0,0,0,0,0,0,0,0,0,0
280331,1,1,0,0,0,0,0,0,0,0,0,0
280331,2,1,0,0,0,0,0,0,0,0,32,0
280331,3,1,0,0,0,0,0,0,0,0,0,0
280331,4,1,0,0,16,0,13,0,0,0,0,0
280331,5,1,0,0,0,0,0,0,3,0,0,0
280332,1,1,0,0,0,0,0,0,0,0,0,0
280332,2,1,0,0,0,0,0,0,0,0,5,0
280333,1,1,0,11,0,0,0,0,0,0,14,0
280334,0,1,5,15,0,0,0,0,0,0,28,0
280334,1,1,0,0,0,0,0,0,0,0,0,0
280335,1,1,14,14,14,14,14,14,14,14,14,14
280336,1,1,17,15,0,0,14,0,0,0,13,0
280338,1,1,0,0,0,0,0,0,0,0,0,0
280338,2,1,21,21,21,21,21,21,21,21,21,21
280339,1,1,0,0,0,0,0,0,0,0,0,0
280340,1,1,0,0,0,0,0,0,0,0,0,0
280340,2,1,0,0,0,0,0,0,0,0,0,0
280341,1,1,0,0,0,0,0,0,0,0,0,0
280341,2,1,0,0,0,0,0,0,0,0,0,0
280342,1,1,0,0,0,12,0,0,0,0,0,0
280342,2,1,0,0,0,0,0,0,0,0,0,0
280343,1,1,19,0,22,32,0,9,20,0,0,0
280344,1,1,0,19,9,0,30,18,25,14,13,0
280345,1,1,0,0,0,0,13,0,0,0,0,28
280345,2,1,0,0,0,0,0,0,0,0,0,0
280346,0,1,0,15,0,0,0,0,0,0,53,0
280346,1,1,0,9,0,0,0,0,0,0,0,0
280347,1,1,0,0,0,0,0,0,0,0,0,0
280348,1,1,0,0,0,23,0,0,0,0,0,0
280348,2,1,0,0,0,0,0,0,0,0,0,0
280349,1,1,0,0,0,0,0,0,0,0,0,0
280350,1,1,0,18,0,0,0,0,0,0,8,0
280351,1,1,0,0,0,0,0,0,0,0,0,0
280352,1,1,0,0,0,0,0,0,0,0,0,0
280353,1,1,0,0,0,0,0,0,0,0,0,0
280354,1,1,8,8,8,8,8,8,8,8,8,8
280355,1,1,0,0,0,0,0,0,0,0,0,0
280356,1,1,0,0,0,0,0,0,0,0,0,0
280357,1,1,0,0,0,0,0,0,0,0,0,0
280358,1,1,0,0,20,0,0,0,17,0,0,0
280358,2,1,0,0,0,0,0,0,0,0,0,0
280359,1,1,0,0,0,0,0,0,0,0,0,0
280360,1,1,0,0,0,13,0,0,0,12,0,0
280361,1,1,0,0,0,0,0,0,0,0,0,0
280361,2,1,13,0,0,0,0,0,0,0,0,0
280362,1,1,16,16,16,16,16,16,16,16,16,16
280363,1,1,7,7,7,7,7,7,7,7,7,7
280364,1,1,0,0,0,0,0,0,0,0,0,0
280365,2,1,16,10,3,23,5,31,0,16,12,13
280366,1,1,12,12,12,12,12,12,12,12,12,12
280366,2,1,0,0,0,0,0,0,0,0,0,0
280367,0,1,0,0,5,0,0,13,0,0,34,15
280367,0,2,26,23,31,0,26,34,0,0,0,0
280367,1,1,0,0,18,0,0,0,0,7,11,13
280368,0,1,15,15,15,15,15,15,15,15,15,15
280368,1,1,0,5,0,0,0,0,0,0,0,0
280369,1,1,17,16,29,10,0,8,0,0,0,0
280370,0,1,18,18,18,18,18,18,18,18,18,18
280370,1,1,0,12,0,0,0,0,0,0,0,0
280371,1,1,0,0,0,0,0,0,0,0,0,0
280372,1,1,15,0,0,0,0,28,30,29,0,0
280373,1,1,0,0,0,0,0,0,0,0,0,0
280373,2,1,0,0,0,0,0,0,0,0,0,0
280374,1,1,0,0,0,0,0,0,0,0,0,0
280375,1,1,0,0,0,0,0,0,0,0,0,0
280375,2,1,0,0,0,0,0,2,0,0,0,0
280376,1,1,0,0,0,0,0,0,0,0,0,0
280377,1,1,0,0,0,0,0,0,0,0,0,0
280378,1,1,0,0,0,0,0,0,0,0,0,0
280379,1,1,0,0,0,0,0,0,0,0,0,0
280380,0,1,15,15,15,15,15,15,15,15,15,15
280380,1,1,0,0,0,0,0,0,0,23,0,0
280382,1,1,33,0,0,0,0,0,0,0,0,0
280383,1,1,0,0,0,0,0,0,0,0,0,0
280384,0,1,0,0,0,0,0,0,0,0,0,0
280384,1,1,0,0,7,0,0,0,0,0,0,0
280385,0,1,0,0,0,0,0,0,0,0,0,0
280385,0,2,0,0,0,0,0,18,0,0,0,0
280385,1,1,0,0,0,0,0,0,0,0,0,0
280385,2,1,0,0,0,0,0,0,0,0,0,0
280386,1,1,0,0,0,0,0,0,0,0,0,0
280387,1,1,0,0,0,0,0,0,5,11,0,0
280388,1,1,0,0,0,0,0,0,0,0,0,0
280389,0,1,18,0,0,0,0,0,0,0,0,0
280389,1,1,0,0,0,0,0,0,0,0,0,0
280390,1,1,17,11,23,0,10,11,12,0,0,0
280391,1,1,21,21,21,21,21,21,21,21,21,21
280391,2,1,34,9,0,26,0,24,0,0,19,21
280392,1,1,15,15,15,15,15,15,15,15,15,15
280392,2,1,0,18,0,0,0,0,0,3,0,0
280393,1,1,0,0,0,15,0,0,0,0,0,0
280393,2,1,0,0,0,0,0,0,0,0,3,0
280394,1,1,0,0,0,0,0,0,0,0,0,0
280394,2,1,0,0,0,0,0,0,0,0,0,0
280395,1,1,0,0,16,0,16,0,0,22,0,0
280396,1,1,0,0,0,0,0,0,0,0,0,0
280396,2,1,0,0,0,0,0,0,0,0,0,0
280397,1,1,18,0,0,0,0,0,0,0,0,0
280398,1,1,0,0,0,0,0,0,0,0,0,0
280398,2,1,0,0,0,0,0,0,0,0,0,0
280399,0,1,0,0,0,18,0,0,0,0,39,0
280399,1,1,0,0,0,0,0,0,0,0,0,0
280400,1,1,0,0,0,0,0,0,0,0,0,0
280400,2,1,0,0,0,0,0,0,0,0,0,0
280401,1,1,0,0,0,0,0,0,24,14,0,0
280402,0,1,21,21,21,21,21,21,21,21,21,21
280402,1,1,0,0,0,0,0,0,0,0,0,0
280403,1,1,0,0,0,0,0,0,0,0,0,3
280403,2,1,26,26,26,26,26,26,26,26,26,26
280406,0,1,1,0,0,0,0,0,0,19,0,0
280406,1,1,0,0,0,0,30,0,0,12,0,38
280407,1,1,0,0,0,0,0,0,0,0,0,0
280407,2,1,0,0,0,0,0,0,0,0,0,0
280407,3,1,0,0,0,0,0,0,0,0,0,0
280407,4,1,0,14,0,0,0,0,0,0,0,0
280407,5,1,0,0,21,0,0,0,0,0,0,0
280407,6,1,0,0,0,0,0,0,0,0,0,0
280407,7,1,0,0,0,0,0,0,0,0,0,0
280408,0,1,0,0,0,0,0,0,0,0,0,0
280408,1,1,0,0,0,0,0,0,0,0,0,0
280408,2,1,0,0,0,0,0,0,0,0,0,0
280409,1,1,27,0,0,0,27,0,18,0,0,0
280409,2,1,0,0,0,0,0,13,0,0,0,0
280410,1,1,0,0,0,0,0,0,0,0,0,0
280411,1,1,0,0,0,0,0,0,0,0,0,0
280412,1,1,1,1,1,1,1,1,1,1,1,1
280412,2,1,0,0,0,0,0,0,0,0,0,0
280412,3,1,0,0,0,0,0,0,0,0,0,0
280413,1,1,0,0,0,0,0,0,0,0,0,0
280413,2,1,0,0,0,0,0,0,0,0,0,0
280414,1,1,24,0,0,0,18,0,0,0,0,0
280414,2,1,0,0,0,0,0,0,0,0,0,0
280415,1,1,0,0,0,0,0,0,0,0,0,0
280415,2,1,0,0,0,0,0,0,0,0,0,15
280415,3,1,0,0,0,0,0,0,0,0,0,0
280416,1,1,0,0,0,0,0,0,0,0,0,0
280417,1,1,0,0,0,0,0,0,0,0,0,0
280417,2,1,0,0,0,0,0,0,0,0,0,0
280418,1,1,15,15,15,15,15,15,15,15,15,15
280419,1,1,0,26,6,13,10,0,0,0,19,0
280420,1,1,61,0,0,0,0,0,0,0,0,0
280420,2,1,0,0,0,0,0,0,0,0,0,0
280422,1,1,0,0,0,0,0,0,0,0,0,13
280422,2,1,0,0,0,0,0,0,0,0,0,0
280423,1,1,8,8,8,8,8,8,8,8,8,8
280424,1,1,0,0,0,0,0,0,0,0,0,24
280425,1,1,0,0,0,0,0,0,0,0,0,0
280425,2,1,0,0,0,0,0,0,0,0,0,0
280426,1,1,0,0,0,0,0,0,0,0,0,0
280427,1,1,0,0,0,0,0,0,0,0,0,0
280428,1,1,0,0,0,0,0,0,0,0,0,0
280428,2,1,0,0,21,0,0,0,0,0,0,0
280429,1,1,18,18,18,18,18,18,18,18,18,18
280430,1,1,30,30,30,30,30,30,30,30,30,30
280431,1,1,5,5,5,5,5,5,5,5,5,5
280431,2,1,0,0,0,0,0,0,0,0,0,0
280432,1,1,9,9,9,9,9,9,9,9,9,9
280433,1,1,0,18,0,16,0,0,12,0,0,0
280434,1,1,0,0,0,0,0,0,0,0,0,19
280434,2,1,16,16,16,16,16,16,16,16,16,16
280435,0,1,0,0,0,0,0,0,0,0,0,0
280435,1,1,0,0,0,0,0,0,0,0,0,0
280435,2,1,0,0,0,0,0,0,0,14,0,0
280436,0,1,0,0,0,0,0,0,0,0,0,0
280436,1,1,0,0,0,0,0,0,0,0,0,0
280437,1,1,16,0,12,3,13,17,8,3,20,8
280437,2,1,2,2,2,2,2,2,2,2,2,2
280438,1,1,0,0,0,0,0,0,0,0,0,0
280439,1,1,0,0,0,0,0,0,0,0,0,0
280439,2,1,0,0,0,0,0,0,0,0,0,0
280440,0,1,12,0,0,19,20,0,0,0,0,25
280440,1,1,0,0,0,0,12,0,0,0,0,0
280441,1,1,0,0,0,0,0,0,0,0,0,0
280441,2,1,0,0,0,0,0,0,0,16,0,0
280442,0,1,0,0,0,0,0,0,0,0,0,0
280442,1,1,0,0,0,0,0,0,0,0,0,0
280443,1,1,0,0,0,0,0,0,0,0,0,0
280443,2,1,0,0,0,0,0,0,11,0,0,19
280444,1,1,0,0,0,0,0,0,0,8,19,0
280444,2,1,0,0,0,0,0,0,0,0,0,0
280445,1,1,19,0,0,0,16,6,0,15,0,0
280446,1,1,0,0,0,0,0,0,0,0,0,0
280446,2,1,0,0,0,0,0,0,0,0,0,0
280447,1,1,32,32,32,32,32,32,32,32,32,32
280448,1,1,0,0,0,0,0,0,0,0,0,0
280448,2,1,0,0,0,0,0,0,0,0,0,0
280449,0,1,42,41,0,0,13,0,18,0,11,0
280449,1,1,0,0,0,21,0,0,0,0,0,0
280450,0,1,8,8,8,8,8,8,8,8,8,8
280450,1,1,0,0,0,0,0,0,0,0,0,0
280452,1,1,0,0,0,0,0,0,0,0,0,0
280453,1,1,0,0,0,0,0,0,0,0,0,0
280453,2,1,0,0,0,0,0,0,0,0,0,0
280454,0,1,0,17,9,26,20,19,17,16,15,14
280454,1,1,0,0,0,23,0,13,0,0,0,0
280456,1,1,0,0,0,0,0,0,0,0,0,0
280456,2,1,0,0,0,0,0,0,0,0,0,0
280457,1,1,14,14,14,14,14,14,14,14,14,14
280458,1,1,14,0,0,0,36,0,0,0,0,0
280459,0,1,0,0,0,0,0,0,0,0,0,15
280459,0,2,0,0,0,0,0,0,0,0,0,0
280459,1,1,0,0,0,0,0,0,0,0,0,0
280460,1,1,0,0,0,0,0,0,0,0,0,0
280460,2,1,0,0,0,0,0,0,0,0,0,0
280462,1,1,34,42,19,0,14,23,22,0,0,32
280464,1,1,0,0,0,0,0,0,0,0,0,0
280464,2,1,0,0,0,0,0,0,0,0,0,0
280464,3,1,0,0,0,0,0,0,0,0,0,0
280465,1,1,0,18,0,8,0,17,0,0,14,15
280466,1,1,0,0,0,0,0,0,0,0,0,0
280467,1,1,0,0,0,0,0,0,0,0,0,0
280467,2,1,0,0,0,0,0,0,0,0,0,0
280468,1,1,0,0,22,0,22,0,19,7,0,42
280469,1,1,0,0,0,0,0,0,0,0,0,0
280470,1,1,0,0,0,0,0,0,0,0,0,0
280470,2,1,0,0,0,22,0,15,0,0,0,0
280471,1,1,0,19,0,0,0,0,12,0,19,0
280472,0,1,25,25,25,25,25,25,25,25,25,25
280472,1,1,19,19,19,19,19,19,19,19,19,19
280473,0,1,0,0,0,0,0,0,0,0,0,0
280473,1,1,0,0,0,0,0,0,0,0,0,0
280474,1,1,0,14,0,0,9,0,0,0,0,17
280475,1,1,0,0,0,0,0,0,0,0,0,0
280475,2,1,0,0,0,0,0,0,0,0,0,0
280476,1,1,0,0,0,0,0,0,0,0,0,0
280477,1,1,7,7,7,7,7,7,7,7,7,7
280478,1,1,0,0,0,0,0,0,0,0,0,0
280478,2,1,0,0,0,34,0,0,0,0,0,0
280479,1,1,20,33,13,0,3,13,18,26,0,23
280480,1,1,0,0,0,0,0,0,0,0,0,0
280480,2,1,15,15,15,15,15,15,15,15,15,15
280481,1,1,0,0,0,0,0,0,0,0,0,0
280482,0,1,27,27,27,27,27,27,27,27,27,27
280482,1,1,0,0,0,0,0,0,0,0,0,0
280483,1,1,0,0,0,0,0,0,0,0,0,0
280484,1,1,0,0,0,0,0,0,16,0,0,27
280485,0,1,15,29,18,3,12,39,0,0,10,0
280485,1,1,0,28,16,0,13,0,0,0,0,31
280486,1,1,0,0,0,0,0,0,0,0,0,0
280487,0,1,28,28,28,28,28,28,28,28,28,28
280487,1,1,0,0,0,0,30,0,0,0,0,0
280488,0,1,24,0,0,16,0,0,39,0,15,0
280488,0,2,0,0,0,0,0,37,32,23,0,5
280488,1,1,0,0,0,0,0,0,0,0,0,0
280489,1,1,0,0,0,0,0,0,0,0,24,0
280489,2,1,0,0,0,0,0,0,0,0,0,0
280491,1,1,26,26,26,26,26,26,26,26,26,26
280491,2,1,0,0,0,0,0,0,0,0,0,0
280491,3,1,0,0,0,0,0,0,0,0,0,0
280491,4,1,0,0,0,0,0,0,0,0,0,0
280492,1,1,0,0,0,0,0,0,0,0,0,0
280492,2,1,0,0,0,0,0,0,0,0,0,0
280493,1,1,0,0,0,0,0,0,0,0,0,0
280493,2,1,0,0,0,0,0,0,0,0,0,0
280494,1,1,2,2,2,2,2,2,2,2,2,2
280495,1,1,0,0,0,0,0,0,0,0,0,0
280496,1,1,12,12,12,12,12,12,12,12,12,12
280497,1,1,0,0,0,0,0,0,0,0,0,0
280497,2,1,0,0,0,0,0,0,0,0,0,0
280498,1,1,0,0,0,0,0,0,0,0,0,0
280498,2,1,0,0,0,0,2,0,0,0,0,0
280499,1,1,0,0,0,0,0,0,0,0,0,0
280499,2,1,0,7,0,0,0,0,0,0,0,0
280500,1,1,0,0,0,0,0,0,0,0,0,0
280501,1,1,15,0,0,0,0,18,0,0,0,0
280502,1,1,24,24,24,24,24,24,24,24,24,24
280503,1,1,8,0,0,0,0,0,0,0,0,0
280503,2,1,0,0,0,0,0,0,0,0,0,0
280504,1,1,18,0,6,0,8,26,12,0,17,12
280505,1,1,5,5,5,5,5,5,5,5,5,5
280506,1,1,0,0,0,0,0,0,0,0,0,0
280507,1,1,0,21,0,21,0,0,0,0,0,0
280508,1,1,0,0,0,0,0,0,0,0,0,0
280509,1,1,7,23,14,0,0,14,22,0,16,25
280510,1,1,27,0,0,0,0,0,0,0,0,0
280511,0,1,0,0,0,0,0,0,0,0,0,0
280511,1,1,11,0,0,0,0,0,0,0,0,0
280512,1,1,0,0,0,0,0,0,0,0,0,0
280512,2,1,0,0,0,0,0,0,0,0,0,0
280513,1,1,0,0,0,0,0,0,0,0,0,0
280513,2,1,0,0,0,0,0,0,0,0,0,0
280514,0,1,0,0,0,0,0,0,0,0,0,0
280514,1,1,0,0,0,0,0,0,0,0,0,0
280515,1,1,16,16,31,0,19,7,25,0,0,43
280516,1,1,0,0,0,0,0,0,0,0,0,0
280516,2,1,0,0,0,0,0,0,0,0,0,0
280517,1,1,0,0,0,0,0,0,0,0,0,5
280518,1,1,0,0,0,0,0,0,0,0,0,0
280518,2,1,0,0,0,0,0,0,0,0,0,0
280518,3,1,0,0,0,0,0,0,0,0,0,0
280519,1,1,0,0,0,0,0,18,0,0,0,0
280519,2,1,0,0,0,0,0,0,0,0,0,26
280520,1,1,0,0,0,0,23,0,23,0,0,0
280521,1,1,0,0,0,0,0,0,0,0,0,0
280522,1,1,0,0,0,0,0,0,0,0,0,0
280523,1,1,0,23,0,20,24,0,0,0,0,0
280524,1,1,23,0,16,0,0,22,0,0,22,0
280525,1,1,0,0,0,0,0,0,0,0,0,0
280526,1,1,14,0,0,0,15,0,0,0,0,0
280527,1,1,0,0,0,0,0,0,0,0,0,0
280529,0,1,0,0,0,0,0,0,0,0,0,0
280529,1,1,0,0,19,0,0,0,0,0,7,0
280530,1,1,0,0,0,0,0,0,0,0,0,0
280530,2,1,22,22,22,22,22,22,22,22,22,22
280531,1,1,0,0,0,0,0,0,0,0,0,0
280531,2,1,0,0,0,0,0,0,0,0,0,0
280532,1,1,0,0,0,0,0,0,0,0,0,0
280532,2,1,0,0,0,0,0,0,0,0,0,0
280532,3,1,0,0,0,0,0,0,0,0,0,0
280533,1,1,0,16,0,32,32,13,12,26,17,0
280534,1,1,0,0,0,0,0,0,0,24,0,13
280534,2,1,0,0,0,0,0,0,0,0,0,0
280535,0,1,0,0,0,0,0,0,0,0,0,0
280535,1,1,17,17,17,17,17,17,17,17,17,17
280536,1,1,0,0,0,0,0,0,0,0,0,0
280537,1,1,0,0,0,0,0,0,0,0,0,0
280537,2,1,19,0,18,12,0,0,0,0,0,0
280538,1,1,0,0,0,0,0,0,0,0,0,0
280539,1,1,0,0,0,0,0,0,0,0,0,0
280540,1,1,0,0,0,0,0,0,0,0,0,0
280540,2,1,0,0,0,0,0,0,0,0,0,0
280541,1,1,0,0,0,0,0,0,0,0,0,0
280542,1,1,0,0,0,0,0,0,0,0,0,0
280543,1,1,15,0,19,34,0,0,32,0,10,22
280544,1,1,0,0,0,0,0,0,0,0,0,0
280544,2,1,0,0,0,0,0,27,0,0,0,0
280545,1,1,3,3,3,3,3,3,3,3,3,3
280545,2,1,15,10,0,0,0,16,0,0,0,22
280546,0,1,0,20,0,0,19,0,0,7,21,0
280546,1,1,21,10,0,23,0,22,0,0,0,12
280547,1,1,9,0,0,0,0,0,19,0,16,9
280547,2,1,0,0,0,0,16,0,0,25,0,0
280548,1,1,8,8,8,8,8,8,8,8,8,8
280549,1,1,11,4,21,21,5,28,23,26,0,33
280550,0,1,0,12,23,13,11,44,33,14,24,28
280550,1,1,0,0,0,0,0,0,0,0,0,0
280551,1,1,0,0,0,0,0,0,0,0,0,0
280551,2,1,0,0,0,0,0,0,0,0,0,0
280552,1,1,16,16,16,16,16,16,16,16,16,16
280553,1,1,0,18,0,0,0,0,0,0,0,0
280553,2,1,0,0,0,10,9,0,0,0,17,0
280553,3,1,0,0,0,0,29,0,0,0,0,0
280553,4,1,0,13,0,0,0,6,0,20,0,0
280554,1,1,0,0,0,0,0,0,0,0,0,0
280555,1,1,0,23,0,0,0,0,0,0,0,0
280555,2,1,0,0,13,29,12,0,40,23,21,0
280556,1,1,6,15,22,19,0,18,0,14,0,9
280557,1,1,20,0,18,0,18,0,0,0,0,0
280558,1,1,22,22,22,22,22,22,22,22,22,22
280559,1,1,0,0,0,0,0,0,35,0,29,0
280560,0,1,0,0,0,0,0,0,0,0,0,0
280560,1,1,0,0,0,0,0,0,0,0,0,0
280561,1,1,0,0,0,0,0,0,0,0,0,0
280561,2,1,0,0,0,0,0,0,0,0,0,0
280561,3,1,0,0,0,0,0,0,0,0,0,0
280561,4,1,0,0,0,0,0,16,0,0,0,0
280562,1,1,0,0,0,0,0,0,0,0,0,0
280562,2,1,0,0,0,0,0,0,0,0,0,0
280563,0,1,0,0,0,0,0,0,0,0,0,0
280563,1,1,0,0,0,48,0,0,0,0,0,0
280564,1,1,0,0,0,0,0,0,0,0,0,0
280564,2,1,0,0,0,0,0,0,0,0,0,0
280564,3,1,0,0,0,0,0,0,0,0,0,0
280565,1,1,0,0,0,0,0,0,0,19,0,0
280566,1,1,0,0,0,0,0,0,0,0,0,0
280566,2,1,0,0,0,0,0,0,0,22,0,0
280567,1,1,0,0,0,0,0,0,0,0,0,0
280567,2,1,0,0,0,0,0,0,0,0,0,0
280568,1,1,36,20,0,25,13,14,11,3,0,0
280569,1,1,0,0,0,0,0,0,0,0,0,0
280570,1,1,0,0,0,0,0,0,0,0,0,0
280571,1,1,0,0,0,0,0,0,0,0,0,0
280572,1,1,0,0,0,0,0,0,0,0,0,0