ST_CASE,VEH_NO,PER_NO,P1,P2,P3,P4,P5,P6,P7,P8,P9,P10
300017,1,1,0,0,0,0,0,0,0,0,0,0
300017,2,1,0,0,0,0,0,0,0,0,0,0
300018,1,1,0,0,0,11,0,0,0,0,0,0
300018,2,1,0,0,0,0,0,0,0,0,0,0
300019,0,1,0,0,0,0,0,0,0,0,0,0
300019,2,1,0,0,0,0,0,0,0,0,0,0
300020,1,1,0,0,0,0,0,0,0,0,0,0
300020,2,1,0,0,0,0,0,0,0,0,0,0
300021,1,1,0,0,0,0,0,0,0,0,0,0
300022,1,1,0,0,0,0,0,0,0,0,0,0
300022,2,1,0,0,0,0,0,0,0,0,0,0
300023,1,1,23,23,23,23,23,23,23,23,23,23
300024,0,1,0,0,0,0,0,0,0,0,0,0
300024,0,2,0,0,0,0,0,22,0,0,66,5
300024,1,1,0,0,0,0,0,0,0,0,0,0
300025,1,1,4,4,4,4,4,4,4,4,4,4
300026,1,1,15,15,15,15,15,15,15,15,15,15
300027,1,1,20,19,24,28,14,11,19,13,21,0
300028,1,1,5,5,5,5,5,5,5,5,5,5
300029,1,1,0,0,0,0,0,0,0,0,0,0
300030,1,1,0,0,16,0,0,0,0,0,0,0
300030,2,1,0,0,0,0,0,0,0,0,0,0
300031,1,1,14,14,14,14,14,14,14,14,14,14
300031,2,1,0,0,0,0,0,0,0,0,0,0
300032,1,1,27,27,27,27,27,27,27,27,27,27
300033,1,1,0,0,0,0,0,0,0,0,0,0
300034,1,1,0,0,0,0,0,0,0,0,0,0
300034,2,1,0,0,0,0,0,0,0,0,0,0
300035,1,1,15,15,15,15,15,15,15,15,15,15
300036,1,1,8,21,18,32,6,32,17,20,0,0
300036,2,1,0,0,0,0,0,0,0,0,0,0
300037,1,1,0,0,0,0,0,0,0,0,0,0
300037,2,1,0,0,0,0,0,0,0,0,0,0
300038,1,1,0,0,0,0,0,0,0,0,0,0
300039,1,1,25,25,25,25,25,25,25,25,25,25
300040,1,1,35,10,14,17,5,15,26,31,7,15
300040,2,1,0,0,0,0,0,0,0,0,0,0
300041,1,1,0,0,0,0,0,0,0,0,0,0
300041,2,1,0,0,0,0,0,0,0,0,0,0
300042,0,1,34,34,34,34,34,34,34,34,34,34
300042,1,1,0,0,0,0,0,0,0,0,0,0
300043,1,1,0,0,0,0,0,0,0,0,0,0
300043,2,1,0,0,0,0,0,0,0,0,0,0
300044,1,1,11,11,11,11,11,11,11,11,11,11
300045,1,1,0,0,0,0,0,0,0,0,0,0
300045,2,1,0,0,0,0,0,0,0,0,0,0
300046,1,1,11,11,11,11,11,11,11,11,11,11
300047,1,1,0,0,0,0,0,0,0,0,0,0
300048,1,1,21,21,21,21,21,21,21,21,21,21
300049,0,1,0,0,0,0,0,0,0,0,0,0
300049,1,1,0,0,0,0,0,0,0,0,0,0
300050,1,1,0,0,0,0,0,0,0,0,0,0
300050,2,1,0,0,0,0,0,0,0,0,0,0
300051,1,1,0,0,0,0,0,0,0,0,0,0
300051,2,1,0,0,0,0,0,0,0,0,0,0
300052,1,1,9,9,9,9,9,9,9,9,9,9
300053,1,1,0,0,0,0,0,0,0,0,0,0
300054,1,1,0,0,0,0,0,0,0,0,0,0
300055,1,1,0,0,0,0,0,0,0,0,0,0
300056,1,1,0,0,0,0,0,0,0,0,0,0
300056,2,1,21,13,11,0,22,14,7,23,8,24
300057,1,1,14,14,14,14,14,14,14,14,14,14
300058,0,1,0,0,0,0,0,0,0,0,0,0
300058,1,1,0,0,0,0,0,0,0,0,0,0
300059,1,1,17,17,17,17,17,17,17,17,17,17
300060,1,1,0,0,0,0,0,0,0,0,0,0
300061,1,1,0,0,0,0,0,0,0,0,0,0
300061,2,1,0,0,0,0,0,0,0,0,0,0
300062,1,1,0,0,0,0,0,0,0,0,0,0
300062,2,1,0,0,0,0,0,0,0,0,0,0
300063,1,1,0,0,0,0,0,0,0,0,0,0
300063,2,1,0,0,0,0,0,0,0,0,0,0
300063,3,1,0,0,0,0,0,0,0,0,0,0
300064,1,1,12,18,0,21,23,38,15,34,29,12
300065,1,1,0,0,0,0,0,0,0,0,0,0
300066,1,1,26,26,26,26,26,26,26,26,26,26
300067,1,1,25,25,25,25,25,25,25,25,25,25
300068,1,1,16,16,16,16,16,16,16,16,16,16
300069,1,1,0,0,0,0,0,0,0,0,0,0
300070,1,1,13,0,0,6,0,14,13,15,0,0
300071,1,1,12,12,12,12,12,12,12,12,12,12
300072,1,1,11,13,15,13,22,8,17,25,27,8
300072,2,1,0,0,0,0,0,0,0,0,0,0
300073,1,1,12,12,12,12,12,12,12,12,12,12
300074,1,1,19,19,19,19,19,19,19,19,19,19
300075,1,1,0,15,0,0,0,0,15,0,13,0
300076,1,1,0,0,0,0,0,0,0,0,0,0
300076,2,1,0,0,0,0,0,35,0,0,23,0
300077,1,1,0,0,0,0,0,0,0,0,0,0
300077,2,1,0,0,0,0,0,0,0,0,0,0
300078,1,1,0,0,0,0,0,0,0,0,0,0
300079,1,1,0,0,0,0,0,0,0,0,0,0
300079,2,1,0,0,0,0,0,0,0,0,0,0
300080,1,1,0,0,0,0,0,0,0,0,0,0
300081,1,1,0,0,0,0,0,0,0,0,0,0
300081,2,1,0,0,0,0,0,0,0,0,0,0
300082,1,1,0,0,0,0,0,0,0,0,0,0
300083,1,1,0,0,0,0,0,0,0,0,0,0
300083,2,1,0,0,0,0,0,0,0,0,0,0
300084,1,1,0,0,0,0,0,0,0,0,0,0
300085,1,1,16,16,16,16,16,16,16,16,16,16
300086,1,1,0,0,0,0,0,0,0,0,0,0
300086,2,1,0,0,0,0,0,0,0,0,0,0
300087,1,1,0,0,0,0,0,0,0,0,0,0
300088,1,1,0,0,0,0,0,0,0,0,0,0
300088,2,1,0,0,0,0,0,0,0,0,0,0
300089,1,1,14,14,14,14,14,14,14,14,14,14
300090,0,1,0,0,0,0,0,0,0,0,0,0
300090,1,1,0,0,0,0,0,0,0,0,0,0
300091,1,1,0,0,0,0,0,0,0,0,0,0
300092,1,1,0,12,0,7,10,0,0,0,0,0
300093,1,1,7,13,25,8,3,15,35,23,32,10
300094,1,1,0,0,0,0,0,0,0,4,0,0
300095,1,1,0,0,0,0,0,0,0,0,0,0
300096,1,1,0,0,0,0,0,0,0,0,0,0
300097,1,1,0,0,0,0,0,0,0,0,0,0
300098,1,1,9,9,9,9,9,9,9,9,9,9
300098,2,1,0,0,0,0,0,0,0,0,0,0
300099,1,1,0,0,0,0,0,0,0,0,0,0
300100,1,1,2,2,2,2,2,2,2,2,2,2
300101,0,1,13,44,24,0,16,0,22,25,6,0
300101,1,1,0,0,0,0,0,0,0,0,0,0
300102,1,1,0,0,0,0,0,0,0,0,0,0
300103,1,1,17,17,17,17,17,17,17,17,17,17
300104,1,1,0,0,0,0,0,0,0,0,0,0
300105,1,1,10,10,10,10,10,10,10,10,10,10
300106,1,1,0,0,0,0,0,0,0,0,0,0
300107,0,1,0,0,0,0,0,0,0,0,0,0
300108,1,1,0,0,0,0,0,0,0,0,0,0
300108,2,1,0,0,0,0,0,0,0,0,0,0
300109,1,1,0,0,0,0,0,0,0,0,0,0
300109,2,1,0,0,0,0,0,0,0,0,0,0
300110,1,1,15,15,15,15,15,15,15,15,15,15
300111,0,1,20,20,20,20,20,20,20,20,20,20
300111,1,1,0,0,0,0,0,0,0,0,0,0
300112,1,1,26,26,26,26,26,26,26,26,26,26
300113,1,1,0,0,0,0,0,0,0,0,0,0
300113,2,1,0,0,0,0,0,0,0,0,0,0
300114,1,1,0,0,0,0,0,0,0,0,0,0
300114,2,1,7,7,7,7,7,7,7,7,7,7
300115,1,1,0,0,0,0,0,0,0,0,0,0
300116,1,1,18,18,18,18,18,18,18,18,18,18
300117,0,1,24,24,24,24,24,24,24,24,24,24
300117,1,1,0,0,0,0,0,0,0,0,0,0
300118,1,1,9,9,9,9,9,9,9,9,9,9
300118,2,1,4,4,4,4,4,4,4,4,4,4
300119,1,1,0,0,0,0,0,0,0,0,0,0
300119,2,1,0,0,0,0,0,0,0,0,0,0
300120,1,1,0,0,0,0,0,0,0,0,0,0
300121,1,1,0,0,0,0,0,0,0,0,0,0
300122,1,1,0,0,0,0,0,0,0,0,0,0
300123,1,1,23,23,23,23,23,23,23,23,23,23
300124,1,1,28,28,28,28,28,28,28,28,28,28
300124,2,1,0,0,0,0,0,0,0,0,0,0
300125,1,1,0,0,0,0,0,0,0,0,0,0
300126,1,1,0,0,0,0,0,0,0,0,0,0
300127,1,1,0,0,0,0,0,0,0,0,0,0
300127,2,1,0,0,0,0,0,0,0,0,0,0
300128,1,1,0,0,0,0,0,0,0,0,0,0
300129,1,1,31,31,31,31,31,31,31,31,31,31
300130,0,1,0,0,0,0,0,0,0,0,0,0
300130,1,1,0,0,0,0,0,0,0,0,0,0
300131,1,1,12,12,12,12,12,12,12,12,12,12
300132,1,1,0,0,0,0,0,0,0,0,0,0
300133,1,1,27,27,27,27,27,27,27,27,27,27
300134,1,1,0,0,0,0,0,0,0,0,0,0
300135,1,1,0,0,0,0,0,0,0,0,0,0
300136,1,1,18,18,18,18,18,18,18,18,18,18
300137,1,1,10,0,0,0,0,0,0,0,12,0
300138,1,1,0,0,0,0,0,0,0,0,0,0
300138,2,1,0,0,0,0,0,0,0,0,0,0
300139,1,1,0,0,0,0,0,0,0,0,0,0
300139,2,1,0,0,0,0,0,0,0,0,0,0
300140,1,1,12,12,12,12,12,12,12,12,12,12
300141,1,1,26,26,26,26,26,26,26,26,26,26
300142,1,1,0,0,0,9,2,0,7,0,0,24
300143,1,3,16,43,11,24,12,4,0,0,0,14
300144,1,1,10,10,10,10,10,10,10,10,10,10
300144,2,1,0,0,0,8,0,0,17,26,0,0
300145,1,1,0,0,0,0,0,0,0,0,0,0
300145,2,1,0,0,0,0,0,0,0,0,0,0
300146,1,1,18,18,18,18,18,18,18,18,18,18
300147,1,1,0,0,0,0,0,0,0,0,0,0
300148,1,1,0,0,0,0,0,0,0,0,0,0
300148,2,1,0,0,0,0,0,0,0,0,0,0
300149,1,1,29,29,29,29,29,29,29,29,29,29
300149,2,1,0,0,0,0,0,0,0,0,0,0
300150,1,1,0,0,0,0,0,0,0,0,0,0
300151,1,1,0,0,0,0,0,0,0,0,0,0
300151,2,1,0,0,0,0,0,0,0,0,0,0
300152,1,1,22,22,22,22,22,22,22,22,22,22
300153,1,1,0,0,0,0,0,0,0,0,0,0
300154,1,1,0,0,0,0,0,0,0,0,0,0
300154,2,1,0,0,18,0,0,0,0,0,0,0
300155,1,1,0,0,0,0,0,0,0,0,0,0
300156,0,1,0,0,0,0,0,0,0,0,0,0
300156,1,1,0,0,0,0,0,0,9,0,0,0
300157,1,1,0,0,0,0,0,0,0,0,0,0
300158,1,1,37,37,37,37,37,37,37,37,37,37
300159,1,1,0,0,0,0,0,0,0,0,0,0
300160,0,1,0,0,0,0,0,0,0,0,0,0
300160,1,1,0,0,0,0,0,0,0,0,0,0
300161,1,1,20,20,20,20,20,20,20,20,20,20
300162,1,1,0,0,0,0,0,0,0,0,0,0
300162,2,1,0,0,0,0,0,0,0,0,0,0
300163,0,1,23,23,23,23,23,23,23,23,23,23
300163,1,1,0,0,0,0,0,0,0,0,0,0
300164,1,1,0,0,0,0,0,0,0,0,0,0
300164,2,1,12,12,12,12,12,12,12,12,12,12
300165,1,1,0,0,0,0,0,0,0,0,0,0
300166,1,1,0,0,0,0,0,0,0,0,0,0
300166,2,1,0,0,0,0,0,0,0,0,0,0
300166,3,1,0,0,0,0,0,0,0,0,0,0
300167,1,1,0,0,0,0,0,0,0,0,0,0
300167,2,1,0,0,0,0,0,0,0,0,0,0
300168,1,1,0,0,0,0,0,0,0,0,0,0
300169,1,1,0,0,0,0,0,0,0,0,0,0
300169,2,1,0,0,0,0,0,0,0,0,0,0
310001,0,1,29,29,29,29,29,29,29,29,29,29
310001,1,1,22,3,21,0,0,21,12,0,21,28
310002,1,1,0,0,0,0,0,0,0,30,0,0
310003,1,1,28,28,28,28,28,28,28,28,28,28
310004,1,1,0,0,0,0,0,0,0,0,0,0
310004,2,1,0,0,0,0,0,0,0,0,0,0
310005,1,1,17,17,17,17,17,17,17,17,17,17
310006,1,1,0,0,0,0,0,0,0,0,0,0
310007,1,1,11,11,11,11,11,11,11,11,11,11
310007,2,1,0,0,0,9,0,0,0,0,13,0
310008,1,1,0,0,0,0,0,0,0,0,0,0
310008,2,1,0,0,0,0,0,0,0,0,0,0
310009,1,1,0,0,0,0,0,0,0,0,0,0
310010,1,1,24,24,24,24,24,24,24,24,24,24
310011,0,1,20,20,20,20,20,20,20,20,20,20
310011,1,1,0,0,0,0,0,0,0,0,0,0
310012,1,1,0,0,0,0,0,0,0,0,0,0
310012,2,1,0,0,0,0,0,0,0,0,0,0
310013,1,1,0,0,0,0,0,0,0,0,0,0
310013,2,1,0,0,0,0,0,0,0,0,0,0
310014,1,1,0,0,0,0,0,0,0,0,0,0
310015,1,1,13,13,13,13,13,13,13,13,13,13
310016,1,1,20,20,20,20,20,20,20,20,20,20
310017,1,1,0,0,0,0,0,0,0,0,0,0
310018,1,1,14,14,14,14,14,14,14,14,14,14
310020,0,1,0,0,0,0,0,0,0,0,0,0
310020,1,1,0,0,0,0,0,0,0,0,0,0
310021,0,1,0,0,0,0,0,0,0,0,0,0
310021,1,1,0,0,0,0,0,0,0,0,0,0
310022,1,1,0,0,0,0,0,0,0,0,0,0
310022,2,1,0,0,0,0,0,0,0,0,0,0
310023,1,1,21,21,21,21,21,21,21,21,21,21
310024,1,1,9,9,9,9,9,9,9,9,9,9
310025,1,1,0,0,0,0,0,0,0,0,0,0
310026,1,1,0,0,0,0,0,0,0,0,0,0
310026,2,1,0,0,0,0,0,0,0,0,0,0
310027,1,1,0,0,0,0,0,0,0,0,0,0
310028,1,1,0,0,0,0,0,0,0,0,0,0
310028,2,1,0,0,0,0,0,0,0,0,0,0
310029,1,1,0,0,0,0,0,0,0,0,0,0
310029,2,1,0,0,0,0,0,0,0,0,0,0
310030,1,1,0,0,0,0,0,0,0,0,0,0
310030,2,1,0,0,0,0,0,0,0,0,0,0
310031,1,1,21,21,21,21,21,21,21,21,21,21
310031,2,1,0,0,0,0,0,0,0,0,0,0
310032,1,1,0,0,0,0,0,0,0,0,0,0
310032,2,1,0,0,0,0,0,0,0,0,0,0
310033,1,1,14,14,14,14,14,14,14,14,14,14
310034,1,1,0,0,0,0,0,0,0,0,0,0
310034,2,1,0,0,0,0,0,0,0,0,0,0
310035,1,1,0,0,0,0,0,0,0,0,0,0
310036,1,1,0,0,0,0,0,0,0,0,0,0
310037,1,1,0,0,0,0,0,0,0,0,0,0
310037,2,1,0,0,0,0,0,0,0,0,0,0
310038,1,1,22,22,22,22,22,22,22,22,22,22
310039,1,1,13,13,13,13,13,13,13,13,13,13
310041,1,1,9,9,9,9,9,9,9,9,9,9
310042,1,1,0,0,0,0,0,0,0,0,0,0
310043,1,1,1,1,1,1,1,1,1,1,1,1
310044,1,1,6,16,18,9,0,0,20,0,0,0
310045,1,1,35,35,35,35,35,35,35,35,35,35
310046,0,1,0,0,0,0,0,0,0,0,0,0
310046,1,1,0,0,0,0,0,0,0,0,18,0
310047,1,1,2,2,2,2,2,2,2,2,2,2
310048,1,1,0,0,0,0,0,0,0,0,0,0
310048,2,1,0,0,0,0,0,0,0,0,0,0
310049,1,1,0,0,0,0,0,0,0,0,0,0
310050,1,1,10,0,0,0,0,0,0,0,0,0
310050,2,1,0,0,0,0,0,0,0,0,0,0
310051,1,1,0,0,0,0,0,0,0,0,0,0
310051,2,1,0,0,0,0,0,0,0,0,0,0
310052,1,1,0,0,0,0,0,0,0,0,0,0
310053,1,1,0,0,0,0,0,0,0,0,0,0
310054,1,1,12,18,13,18,12,14,28,10,14,11
310055,1,1,0,0,0,0,0,0,0,5,0,0
310055,2,1,0,0,0,0,0,0,0,0,0,0
310056,0,1,0,0,0,0,0,0,0,0,0,0
310056,1,1,0,0,0,0,0,0,0,0,0,0
310057,1,1,0,0,0,0,0,0,0,0,0,0
310058,1,1,0,0,0,0,0,0,0,0,0,0
310059,1,1,12,12,12,12,12,12,12,12,12,12
310060,0,1,13,13,13,13,13,13,13,13,13,13
310060,1,1,0,0,0,0,0,0,0,0,0,0
310062,1,1,0,0,0,0,0,0,0,0,0,12
310063,1,1,0,0,0,0,0,0,0,0,0,0
310064,1,1,0,0,0,0,0,0,0,0,0,0
310064,2,1,0,0,0,0,0,0,0,0,0,0
310065,1,1,5,5,5,5,5,5,5,5,5,5
310066,1,1,18,18,18,18,18,18,18,18,18,18
310066,2,1,0,0,0,0,0,0,0,0,0,0
310067,1,1,0,0,0,0,0,0,0,0,0,0
310067,2,1,0,0,0,0,0,0,0,0,0,0
310068,1,1,14,14,14,14,14,14,14,14,14,14
310068,2,1,0,0,0,9,0,0,0,0,0,0
310069,1,1,0,0,0,0,0,0,0,0,0,0
310069,2,1,0,0,0,0,0,0,0,0,0,0
310070,1,1,0,0,0,0,0,0,0,0,0,0
310070,2,1,0,0,0,0,0,0,0,0,0,0
310071,1,1,0,0,0,0,0,0,15,0,0,0
310071,2,1,0,0,0,0,0,0,0,0,0,0
310072,1,1,0,9,0,0,0,0,0,0,0,0
310072,2,1,0,0,0,0,0,0,0,0,0,0
310073,1,1,0,0,0,0,0,0,0,0,0,0
310073,2,1,0,0,0,0,0,0,0,0,0,0
310074,1,1,0,0,0,0,0,0,0,0,0,0
310074,2,1,0,0,0,0,0,0,0,0,0,0
310074,3,1,0,0,0,0,0,0,0,0,0,0
310075,1,1,0,0,0,0,0,0,0,0,0,0
310075,2,1,0,0,0,17,0,0,0,0,0,0
310075,3,1,0,0,0,0,0,0,0,0,0,10
310075,4,1,0,0,0,0,0,0,0,0,0,0
310076,1,1,0,0,0,0,0,0,0,0,0,0
310077,1,1,14,14,14,14,14,14,14,14,14,14
310078,1,1,17,17,17,17,17,17,17,17,17,17
310079,1,1,0,0,0,0,0,0,0,0,0,0
310079,2,1,0,0,0,0,0,0,0,3,0,0
310080,1,1,12,12,12,12,12,12,12,12,12,12
310081,1,1,0,0,0,0,0,0,0,0,0,0
310081,2,1,12,12,12,12,12,12,12,12,12,12
310082,1,1,0,0,0,0,0,0,0,0,0,0
310082,2,1,0,0,0,0,0,0,0,0,0,0
310083,1,1,9,9,9,9,9,9,9,9,9,9
310084,1,1,10,10,10,10,10,10,10,10,10,10
310085,1,1,0,0,0,0,0,0,0,0,0,0
310085,2,1,0,0,0,0,0,0,0,0,0,0
310086,1,1,10,10,10,10,10,10,10,10,10,10
310086,2,1,0,0,0,0,0,0,0,0,0,0
310087,0,1,0,0,0,0,0,0,0,0,0,0
310087,1,1,0,0,0,0,0,0,0,0,0,0
310088,1,1,0,0,0,0,0,0,0,0,0,0
310089,0,1,0,0,0,0,0,0,0,0,14,0
310089,1,1,0,0,0,0,0,0,0,0,0,0
310090,1,1,18,18,18,18,18,18,18,18,18,18
310091,1,1,23,9,18,15,23,24,0,0,7,26
310092,1,1,0,0,0,0,0,0,0,0,0,0
310092,2,1,0,0,0,0,0,0,0,0,0,0
310093,1,1,18,18,18,18,18,18,18,18,18,18
310094,1,1,0,0,0,0,0,0,0,0,0,0
310094,2,1,0,0,0,0,0,0,0,0,0,0
310095,1,1,0,0,0,0,0,0,0,0,0,0
310095,2,1,0,14,0,0,0,0,0,0,0,0
310096,1,1,24,24,24,24,24,24,24,24,24,24
310097,1,1,0,0,0,0,0,0,0,0,0,0
310097,2,1,0,0,0,0,0,0,0,0,0,0
310098,1,1,24,24,24,24,24,24,24,24,24,24
310099,1,1,0,0,0,0,0,0,0,0,0,0
310099,2,1,0,0,0,0,0,0,0,0,0,0
310100,0,1,0,0,0,0,0,0,0,0,0,0
310100,1,1,0,0,0,0,0,0,0,0,0,0
310101,1,1,13,13,13,13,13,13,13,13,13,13
310102,1,1,0,0,0,0,0,0,0,0,0,0
310103,1,1,0,0,0,0,0,0,0,0,0,0
310103,2,1,0,0,0,0,0,0,0,0,0,0
310104,1,1,0,0,0,0,0,0,0,0,0,0
310104,2,1,0,0,0,0,0,0,0,0,0,0
310105,1,1,0,0,0,0,0,0,0,0,0,0
310106,1,1,0,0,0,0,0,0,0,0,0,0
310107,1,1,0,0,0,0,0,0,0,0,0,0
310107,2,1,0,0,0,0,0,0,0,0,0,0
310108,1,1,0,0,0,0,0,0,0,0,0,0
310109,1,1,0,0,0,0,0,0,0,0,0,0
310110,1,1,14,14,14,14,14,14,14,14,14,14
310111,1,1,14,0,0,0,0,0,31,0,0,0
310112,1,1,0,0,0,0,0,0,0,0,0,0
310113,1,1,0,0,0,0,0,0,0,0,0,0
310113,2,1,0,0,0,0,0,0,0,0,0,0
310114,1,1,0,0,0,0,0,0,0,0,0,0
310114,2,1,0,0,0,0,0,0,0,0,0,0
310115,1,1,0,0,0,0,0,0,0,0,0,0
310115,2,1,15,15,15,15,15,15,15,15,15,15
310116,1,1,0,0,0,0,0,0,0,0,0,0
310116,2,1,0,0,0,0,0,0,0,0,0,0
310116,3,1,0,0,0,0,0,0,0,0,0,0
310117,1,1,0,0,0,0,0,0,0,0,0,0
310117,2,1,0,0,0,0,0,0,0,0,0,0
310118,1,1,0,0,0,0,0,0,0,0,0,0
310118,2,1,0,0,0,0,0,0,0,0,0,0
310119,0,1,0,0,0,0,0,0,0,0,0,0
310119,1,1,0,0,0,0,0,21,0,0,23,0
310120,0,1,0,0,0,0,0,0,0,0,0,0
310120,1,1,0,0,0,0,0,0,0,0,0,0
310121,1,1,0,0,0,0,0,0,0,0,0,0
310122,1,1,0,0,0,0,0,0,0,0,0,0
310122,2,1,0,0,0,0,0,0,0,0,0,0
310123,1,1,0,0,0,0,0,0,0,0,0,0
310124,1,1,28,28,28,28,28,28,28,28,28,28
310125,1,1,0,0,0,0,0,0,0,0,0,0
310126,0,1,16,16,16,16,16,16,16,16,16,16
310126,1,1,15,15,15,15,15,15,15,15,15,15
310127,1,1,0,0,0,0,0,0,0,0,0,0
310128,0,1,0,0,0,0,0,0,0,0,0,0
310128,1,1,0,0,0,25,0,0,0,0,0,15
310129,1,1,0,0,0,0,0,0,0,0,0,0
310130,1,1,0,0,0,0,0,0,0,0,0,0
310131,1,1,13,0,0,0,0,0,0,0,0,0
310132,1,1,0,0,0,0,0,0,0,0,0,0
310132,2,1,0,0,0,0,0,0,0,0,0,0
310133,1,1,0,0,0,0,0,0,0,0,0,0
310133,2,1,0,0,0,0,0,0,0,0,0,0
310134,1,1,0,0,0,0,0,0,0,0,0,0
310134,2,1,0,0,0,0,0,0,0,0,0,0
310135,1,1,0,0,0,0,0,0,0,0,0,0
310135,2,1,0,0,0,0,0,0,0,0,0,0
310136,1,1,0,0,0,0,0,0,0,0,0,0
310136,2,1,0,0,0,0,0,0,0,0,0,0
310137,1,1,0,0,0,0,0,0,0,0,0,0
310138,1,1,17,17,17,17,17,17,17,17,17,17
310139,1,1,0,0,0,0,0,0,0,0,0,0
310140,1,1,25,25,25,25,25,25,25,25,25,25
310141,1,1,28,28,28,28,28,28,28,28,28,28
310142,1,1,33,33,33,33,33,33,33,33,33,33
310142,2,1,0,0,0,0,0,0,0,0,0,0
310143,1,1,12,12,12,12,12,12,12,12,12,12
310143,2,1,0,0,0,0,0,0,0,0,0,0
310144,1,1,18,18,18,18,18,18,18,18,18,18
310145,1,1,0,0,0,0,0,0,0,0,0,0
310145,2,1,0,0,0,0,0,0,0,0,0,0
310146,1,1,21,21,21,21,21,21,21,21,21,21
310147,1,1,6,6,6,6,6,6,6,6,6,6
310148,1,1,0,0,0,0,0,0,0,0,0,0
310149,1,1,0,0,0,0,0,0,0,0,0,0
310149,2,1,0,0,0,0,0,0,0,0,0,0
310150,1,1,0,0,0,0,0,0,0,0,0,0
310150,2,1,0,0,0,0,0,0,0,0,0,0
310151,1,1,0,0,0,0,0,0,0,0,0,0
310151,2,1,0,0,0,0,0,0,0,0,0,0
310152,1,1,0,0,0,0,0,0,25,0,0,32
310153,1,1,0,0,0,0,0,0,0,0,0,0
310153,2,1,0,15,0,0,17,0,0,18,0,0
310153,3,1,0,0,0,0,0,0,0,3,0,0
310154,1,1,0,0,0,0,0,0,0,0,0,0
310154,2,1,0,0,0,0,0,0,0,0,0,0
310154,3,1,0,0,0,0,0,0,0,0,0,0
310154,4,1,0,0,0,0,0,0,0,0,0,0
310155,1,1,0,0,0,0,0,0,0,0,0,0
310155,2,1,0,0,0,0,0,0,0,0,0,0
310155,3,1,0,0,0,0,0,0,0,0,0,0
310155,4,1,0,0,0,0,0,0,0,0,0,0
310155,5,1,0,0,0,0,0,0,0,0,0,0
310156,1,1,22,22,22,22,22,22,22,22,22,22
310156,2,1,0,0,0,0,0,0,0,0,0,0
310157,0,1,0,0,0,0,0,0,0,0,0,0
310157,1,1,8,8,8,8,8,8,8,8,8,8
310158,1,1,0,0,0,0,0,0,0,0,0,0
310158,2,1,18,18,18,18,18,18,18,18,18,18
310159,0,1,0,0,0,0,0,0,0,0,0,0
310159,1,1,0,0,0,8,0,14,39,3,0,0
310160,0,1,39,39,39,39,39,39,39,39,39,39
310160,1,1,0,0,0,0,0,0,0,0,0,0
310161,1,1,18,18,18,18,18,18,18,18,18,18
310161,2,1,0,24,0,0,0,16,0,0,0,0
310162,1,1,17,17,17,17,17,17,17,17,17,17
310163,1,1,0,0,0,0,0,0,0,0,0,0
310163,2,1,0,0,0,0,0,0,0,0,0,0
310164,0,1,0,0,0,0,0,0,0,0,0,0
310164,1,1,0,0,0,0,0,0,0,0,0,0
310165,1,1,0,0,0,0,0,28,0,0,0,11
310166,1,1,0,0,0,0,0,0,0,0,0,0
310167,1,1,10,0,0,18,0,32,18,12,25,11
310168,1,1,0,0,0,0,0,0,0,0,0,0
310169,1,1,19,0,20,7,0,0,0,15,30,0
310170,1,1,0,0,0,0,0,0,17,10,0,0
310170,2,1,0,0,0,0,20,0,0,0,0,17
310170,3,1,0,0,0,0,0,0,0,0,0,0
310171,1,1,8,8,8,8,8,8,8,8,8,8
310171,2,1,0,0,0,0,0,0,0,0,0,0
310172,1,1,0,0,0,0,0,0,0,0,0,0
310173,1,1,0,0,0,0,0,0,0,0,0,0
310173,2,1,0,0,0,0,0,0,0,0,0,0
310174,1,1,0,0,0,0,0,0,0,0,0,0
310174,2,1,0,0,0,0,0,0,0,0,0,0
310175,1,1,0,0,0,0,0,0,0,0,0,0
310176,1,1,10,10,10,10,10,10,10,10,10,10
310177,1,1,0,0,0,0,0,0,0,0,0,0
310178,0,1,0,0,0,0,0,0,0,0,0,0
310178,1,1,0,0,0,0,0,0,0,0,0,0
310179,1,1,0,0,18,25,0,0,0,4,0,0
310179,2,1,0,0,0,0,0,0,0,0,0,0
310180,1,1,0,0,0,0,0,0,0,0,0,0
310180,2,1,0,0,0,0,0,0,0,0,0,0
310181,0,1,0,0,0,0,0,0,0,0,0,0
310181,2,1,0,0,0,0,0,0,0,0,0,0
310182,1,1,0,0,0,25,0,0,0,0,0,0
310183,0,1,0,0,13,7,0,0,0,0,29,0
310183,0,2,26,0,16,0,8,0,0,0,22,0
310183,1,1,0,0,0,0,0,0,0,0,0,0
310184,1,1,0,0,0,0,0,0,0,0,0,0
310185,1,1,0,0,0,0,0,0,0,0,0,0
310186,1,1,0,0,0,0,0,0,0,0,0,0
310186,2,1,0,0,0,0,0,0,0,0,0,0
310186,3,1,0,0,0,0,0,0,0,0,0,0
310186,4,1,0,0,0,0,0,0,0,0,0,0
310186,5,1,0,0,0,0,0,0,0,0,0,0
310187,1,1,0,0,0,0,0,0,0,0,0,0
310187,2,1,0,0,0,0,0,0,0,0,0,0