ST_CASE,VEH_NO,PER_NO,P1,P2,P3,P4,P5,P6,P7,P8,P9,P10
340168,0,1,9,9,9,9,9,9,9,9,9,9
340168,1,1,0,0,0,0,0,0,0,0,0,0
340169,1,1,0,0,0,0,0,0,0,0,0,0
340169,2,1,0,0,0,0,0,0,0,0,0,0
340170,1,1,0,0,0,0,0,0,0,0,0,0
340170,2,1,0,0,0,0,0,0,0,0,0,0
340171,1,1,0,0,0,0,0,0,0,0,0,0
340171,2,1,0,0,0,0,0,0,0,0,0,0
340172,0,1,0,0,0,0,0,0,0,0,0,0
340172,0,2,2,2,2,2,2,2,2,2,2,2
340172,1,1,27,27,27,27,27,27,27,27,27,27
340173,1,1,0,0,0,0,0,0,0,0,0,0
340174,0,1,0,0,0,0,0,0,0,0,0,0
340174,1,1,0,0,0,0,0,0,0,0,0,0
340175,0,1,0,0,0,0,0,0,0,0,0,0
340175,1,1,0,0,0,0,0,0,0,0,0,0
340177,1,1,0,0,0,0,0,0,0,0,0,0
340177,2,1,0,0,0,0,0,0,0,0,0,0
340178,1,1,0,0,0,0,0,0,0,0,0,0
340178,2,1,0,0,0,0,0,0,18,0,0,0
340179,0,1,23,23,23,23,23,23,23,23,23,23
340179,0,2,6,15,7,41,21,19,8,9,24,7
340179,1,1,0,0,0,0,0,0,0,0,0,0
340180,1,1,17,17,17,17,17,17,17,17,17,17
340181,1,1,20,20,20,20,20,20,20,20,20,20
340181,2,1,0,0,0,0,0,0,0,0,0,0
340182,1,1,0,0,0,0,0,0,0,0,0,0
340182,2,1,0,0,0,0,0,0,0,0,0,0
340183,1,1,0,0,0,0,0,0,0,0,0,0
340184,1,1,0,0,0,13,0,0,0,0,0,0
340185,1,1,0,0,0,0,0,0,0,0,0,0
340186,1,1,0,0,0,0,0,0,0,0,0,0
340187,1,1,0,0,0,0,0,0,0,0,0,0
340188,1,1,0,0,0,0,0,0,0,0,0,0
340189,1,1,0,0,0,0,0,0,0,0,0,0
340190,1,1,0,0,0,0,0,0,0,0,0,0
340190,2,1,0,0,0,0,0,0,0,0,0,0
340190,3,1,2,2,2,2,2,2,2,2,2,2
340191,0,1,14,14,14,14,14,14,14,14,14,14
340191,1,1,0,0,0,0,0,0,0,0,0,0
340192,1,1,0,0,0,0,0,0,0,0,0,0
340192,2,1,0,0,0,0,0,0,0,0,0,0
340192,3,1,0,0,0,0,0,0,0,0,0,0
340193,1,1,23,0,29,0,0,0,0,0,0,0
340194,1,1,0,0,12,0,0,0,0,0,0,0
340194,2,1,0,0,0,0,0,0,0,0,0,0
340194,3,1,0,0,0,0,15,0,0,0,0,0
340194,4,1,0,0,12,0,0,0,0,0,0,0
340195,1,1,0,0,0,0,0,0,0,0,0,0
340196,0,1,0,0,0,0,0,0,0,0,0,0
340196,1,1,21,21,21,21,21,21,21,21,21,21
340197,0,1,0,0,0,0,0,0,0,0,0,0
340197,1,1,0,0,0,0,0,0,20,0,0,0
340198,1,1,0,3,0,0,0,15,0,0,0,0
340198,2,1,0,0,0,0,0,0,0,0,0,0
340199,1,1,0,0,0,0,0,0,0,0,0,0
340200,0,1,0,0,0,0,0,0,0,0,0,0
340200,1,1,0,0,0,0,0,0,0,0,0,0
340201,1,1,0,0,0,0,0,0,0,0,0,0
340201,2,1,0,0,0,0,0,0,0,0,0,0
340202,0,1,10,10,10,10,10,10,10,10,10,10
340202,1,1,24,0,14,0,0,0,0,0,0,0
340203,1,1,18,18,18,18,18,18,18,18,18,18
340203,2,1,0,0,0,0,0,0,0,0,0,0
340204,1,1,0,0,0,0,0,0,0,0,0,0
340204,2,1,0,0,0,0,0,0,0,0,0,0
340204,3,1,0,0,0,0,0,0,0,0,0,0
340205,0,1,17,17,17,17,17,17,17,17,17,17
340205,1,1,0,0,0,0,0,0,0,0,0,0
340206,1,1,0,0,0,0,0,0,0,0,0,0
340206,2,1,0,0,0,0,25,0,0,0,0,0
340206,3,1,0,0,0,0,0,0,0,0,0,0
340207,1,1,21,21,21,21,21,21,21,21,21,21
340207,2,1,0,0,0,0,0,0,0,0,6,0
340208,0,1,0,0,0,0,0,0,0,0,0,0
340208,1,1,0,0,0,0,0,0,0,0,0,0
340209,0,1,1,1,1,1,1,1,1,1,1,1
340209,1,1,0,15,0,0,0,0,0,0,0,0
340210,0,1,0,0,0,0,0,0,0,0,0,0
340210,1,1,0,0,0,0,0,14,0,0,9,0
340211,0,1,0,0,0,0,0,0,0,0,0,0
340211,1,1,0,0,0,0,0,0,0,0,0,0
340212,1,1,17,17,17,17,17,17,17,17,17,17
340212,2,1,0,0,0,0,0,0,0,0,0,0
340213,0,1,23,23,23,23,23,23,23,23,23,23
340213,1,1,0,0,0,0,0,0,0,0,0,0
340214,1,1,12,12,12,12,12,12,12,12,12,12
340215,1,1,11,11,11,11,11,11,11,11,11,11
340215,2,1,0,0,0,0,0,0,0,0,0,14
340216,1,1,0,0,0,0,0,0,0,18,11,0
340216,2,1,0,0,0,0,0,0,0,0,0,0
340217,0,1,0,0,0,0,0,0,0,0,0,0
340217,1,1,0,0,0,0,0,0,0,22,0,0
340218,0,1,0,0,0,0,0,0,0,0,0,0
340218,1,1,0,0,0,0,0,0,0,0,0,28
340219,0,1,13,13,13,13,13,13,13,13,13,13
340219,1,1,0,0,0,0,0,0,0,0,0,0
340220,1,1,0,0,0,0,0,0,0,0,0,0
340220,2,1,0,0,0,0,0,0,0,0,0,0
340221,1,1,11,11,11,11,11,11,11,11,11,11
340222,1,1,0,0,0,0,0,0,0,0,0,0
340222,2,1,12,12,12,12,12,12,12,12,12,12
340223,1,1,0,0,0,0,0,0,0,0,0,0
340224,1,1,0,0,0,0,0,0,0,0,0,0
340224,2,1,0,0,0,0,0,0,0,0,0,0
340225,0,1,0,0,0,0,0,0,0,0,0,0
340225,1,1,0,0,0,0,0,0,0,0,0,0
340226,1,1,0,0,0,0,0,0,0,0,0,0
340226,2,1,0,0,0,0,0,0,0,0,0,0
340227,0,1,0,0,0,0,0,0,0,0,0,0
340227,1,1,0,0,20,0,0,0,0,0,16,0
340228,0,1,0,0,0,0,0,0,0,0,0,0
340228,1,1,34,31,0,0,0,14,0,0,0,0
340228,2,1,0,0,0,0,0,0,0,0,0,0
340229,1,1,0,0,0,0,0,0,0,0,0,0
340230,0,1,0,0,0,0,0,0,0,0,0,0
340230,1,1,0,0,0,0,0,0,0,0,0,0
340231,1,1,0,0,0,0,0,0,0,0,0,0
340231,2,1,0,0,0,0,0,0,0,0,0,0
340232,1,1,0,0,0,0,0,0,0,0,0,0
340232,2,1,0,0,0,0,0,0,0,0,0,0
340232,3,1,0,0,0,0,0,0,0,0,0,0
340232,4,1,0,0,0,0,0,0,0,0,0,0
340232,5,1,0,0,0,0,0,0,0,0,0,0
340233,1,1,0,0,0,0,0,0,0,0,0,0
340234,1,1,0,0,0,0,0,0,0,0,0,0
340235,1,1,0,0,0,0,0,0,0,0,0,0
340236,0,1,0,0,0,0,0,0,0,0,0,0
340236,1,1,0,0,0,0,0,0,0,0,16,0
340237,1,1,0,0,0,0,0,0,0,0,0,0
340237,2,1,0,0,0,0,0,0,0,28,0,0
340238,1,1,0,0,0,0,0,0,0,0,0,0
340238,2,1,0,0,0,0,0,0,0,0,0,0
340239,0,1,22,22,22,22,22,22,22,22,22,22
340239,1,1,0,0,0,0,0,0,0,0,0,0
340240,0,1,0,0,0,0,0,0,0,0,0,0
340240,1,1,0,0,0,0,0,0,0,0,0,0
340241,1,1,0,0,0,0,0,0,0,0,0,0
340242,1,1,1,1,1,1,1,1,1,1,1,1
340243,1,1,0,0,0,0,0,0,0,0,0,26
340243,2,1,0,0,0,0,0,0,0,0,0,0
340244,1,1,0,0,0,0,0,0,0,0,0,0
340244,2,1,0,0,0,0,0,0,0,0,0,0
340245,0,1,0,0,0,0,0,0,0,0,0,0
340245,1,1,0,0,0,0,0,0,0,0,0,0
340246,1,1,0,0,0,0,0,0,0,0,0,0
340246,2,1,0,0,0,0,0,0,0,0,0,0
340247,1,1,0,0,0,0,0,0,0,0,0,0
340247,2,1,0,0,0,0,0,0,0,0,0,0
340248,1,1,0,0,0,0,0,0,0,0,0,0
340248,2,1,11,11,11,11,11,11,11,11,11,11
340249,0,1,8,21,3,17,24,12,8,13,27,22
340249,1,1,0,0,0,0,0,0,0,0,0,0
340250,1,1,21,0,0,30,2,0,8,24,0,7
340251,0,1,7,7,7,7,7,7,7,7,7,7
340251,1,1,0,0,0,0,0,0,0,0,0,0
340252,0,1,0,0,0,0,0,0,0,0,0,0
340252,1,1,0,0,0,0,0,0,0,0,0,0
340253,1,1,3,3,3,3,3,3,3,3,3,3
340253,2,1,0,0,0,0,0,0,0,0,0,0
340254,1,1,23,23,23,23,23,23,23,23,23,23
340255,1,1,0,0,0,0,0,0,0,0,0,7
340255,2,1,0,0,0,0,0,0,0,0,0,0
340256,1,1,0,0,0,0,0,0,0,0,0,0
340257,1,1,0,0,0,0,0,0,0,0,0,0
340257,2,1,6,6,6,6,6,6,6,6,6,6
340258,1,1,0,0,0,0,0,0,0,0,0,0
340258,2,1,0,0,0,0,0,0,0,0,0,0
340259,1,1,0,0,0,0,0,0,0,0,0,0
340259,2,1,0,0,12,0,0,12,0,0,0,0
340260,1,1,10,10,10,10,10,10,10,10,10,10
340261,1,1,0,0,0,0,0,0,0,0,0,0
340262,1,1,0,0,0,0,0,0,0,0,0,0
340263,1,1,4,4,4,4,4,4,4,4,4,4
340263,2,1,0,28,0,0,0,0,0,0,0,0
340264,1,1,0,0,0,0,0,0,0,0,0,0
340264,2,1,0,0,0,0,0,0,0,0,0,0
340265,0,1,9,9,9,9,9,9,9,9,9,9
340265,1,1,0,0,0,0,0,0,0,0,0,0
340266,0,1,19,19,19,19,19,19,19,19,19,19
340266,1,1,0,0,0,24,15,0,0,0,0,0
340267,0,1,0,0,0,0,0,0,0,0,0,0
340267,1,1,0,0,0,0,0,24,27,0,0,0
340268,0,1,0,0,0,0,0,0,0,0,0,0
340268,1,1,0,0,0,0,0,0,0,0,0,0
340270,0,1,0,0,0,29,0,0,19,0,0,0
340270,1,1,0,0,0,0,0,0,0,0,0,0
340271,0,1,19,19,19,19,19,19,19,19,19,19
340271,1,1,0,0,0,19,0,0,0,0,0,0
340272,1,1,0,0,0,0,0,0,0,0,0,0
340273,1,1,0,20,0,0,34,0,24,27,0,16
340274,1,1,0,0,0,0,0,0,0,0,0,0
340274,2,1,6,6,6,6,6,6,6,6,6,6
340275,1,1,9,0,0,17,22,0,0,0,12,19
340276,1,1,16,16,16,16,16,16,16,16,16,16
340277,0,1,22,22,22,22,22,22,22,22,22,22
340277,1,1,0,0,17,0,0,0,0,0,0,0
340278,1,1,0,0,0,0,0,18,0,0,0,0
340278,2,1,0,0,0,0,0,0,0,0,0,0
340278,3,1,0,0,0,0,0,0,0,0,0,0
340279,0,1,0,0,0,0,0,0,0,0,0,0
340279,1,1,0,0,0,0,0,0,0,0,0,0
340280,1,1,0,0,0,0,0,0,0,0,0,0
340280,2,1,0,0,0,0,0,0,0,0,0,0
340280,3,1,0,0,0,0,0,14,0,0,0,0
340281,1,1,0,0,0,0,0,0,0,0,0,0
340282,0,1,0,0,0,0,0,0,0,0,0,0
340282,1,1,0,0,0,0,0,0,0,0,0,0
340283,1,1,0,0,0,0,0,0,0,0,0,0
340283,2,1,0,0,0,0,0,0,0,0,0,0
340284,1,1,23,23,23,23,23,23,23,23,23,23
340284,2,1,0,0,0,0,0,0,0,0,0,0
340284,3,1,0,0,0,0,0,0,0,0,0,0
340285,1,1,0,0,0,0,0,0,0,0,0,0
340285,2,1,0,0,0,0,0,0,0,0,0,0
340286,1,1,15,15,15,15,15,15,15,15,15,15
340287,1,1,0,0,0,0,0,0,0,0,0,0
340287,2,1,0,0,0,0,0,0,0,0,0,0
340287,3,1,0,0,0,0,0,0,0,0,0,0
340288,0,1,0,0,0,0,0,0,0,0,0,0
340288,1,1,0,0,21,0,0,0,0,0,0,0
340289,1,1,0,0,0,0,0,0,0,0,0,0
340289,2,1,0,0,0,0,0,0,0,0,0,0
340290,1,1,0,0,0,0,0,0,0,0,0,0
340290,2,1,0,0,0,0,0,0,0,0,0,0
340290,3,1,0,0,0,0,0,0,0,0,0,0
340290,4,1,0,0,0,0,0,0,0,0,0,0
340291,0,1,0,0,0,0,0,0,0,0,0,0
340291,1,1,0,0,0,0,0,0,0,0,0,0
340292,0,1,30,8,19,25,24,19,18,14,26,0
340292,1,1,0,0,6,0,0,0,0,0,0,10
340293,1,1,0,0,0,0,0,0,0,0,0,0
340293,2,1,0,0,0,0,0,0,0,0,0,0
340294,1,1,0,0,0,0,0,0,0,0,0,0
340295,0,1,11,15,39,25,34,8,34,31,39,13
340295,1,1,0,0,0,0,0,0,0,0,0,0
340296,0,1,0,0,0,0,0,0,0,0,0,0
340296,1,1,0,0,0,0,0,0,0,0,0,0
340297,1,1,0,0,0,0,0,0,0,0,0,0
340297,2,1,0,0,0,0,0,0,0,0,0,0
340298,1,1,1,1,1,1,1,1,1,1,1,1
340299,0,1,0,0,0,0,0,0,0,0,0,0
340299,1,1,6,6,6,6,6,6,6,6,6,6
340300,0,1,0,0,0,0,0,0,0,0,0,0
340300,1,1,0,0,0,0,0,0,0,0,0,0
340301,0,1,0,0,0,0,0,0,0,0,0,0
340301,2,1,0,0,0,0,0,0,0,0,0,0
340302,1,1,0,0,0,0,0,0,0,0,0,0
340302,2,1,0,0,0,0,0,0,0,0,0,0
340303,1,1,0,0,0,0,0,0,0,0,0,0
340304,1,1,16,16,16,16,16,16,16,16,16,16
340305,1,1,0,0,0,0,0,0,0,0,0,0
340306,0,1,0,0,0,0,0,0,0,0,0,0
340306,2,1,0,0,0,0,0,0,0,0,0,0
340307,1,1,0,0,0,0,0,0,0,0,0,0
340307,2,1,12,12,12,12,12,12,12,12,12,12
340308,1,1,0,0,0,0,0,0,0,0,0,0
340308,2,1,0,0,0,0,0,0,0,0,0,0
340309,1,1,0,0,0,0,0,0,0,0,0,0
340310,1,1,0,0,0,0,0,0,0,0,0,0
340311,1,1,0,0,0,0,0,0,0,0,0,0
340312,1,1,17,17,17,17,17,17,17,17,17,17
340313,1,1,11,0,0,0,0,0,0,0,0,0
340313,2,1,0,0,0,0,0,0,0,0,0,0
340313,3,1,0,0,0,0,0,0,0,0,0,15
340313,4,1,0,0,0,0,0,0,0,0,0,0
340313,5,1,0,0,0,42,0,0,0,0,0,0
340314,1,1,24,24,24,24,24,24,24,24,24,24
340315,1,1,0,0,0,0,0,0,0,0,0,0
340315,2,1,27,27,27,27,27,27,27,27,27,27
340316,1,1,0,0,0,0,0,0,0,0,0,0
340316,2,1,0,0,0,0,0,0,0,0,0,0
340317,1,1,0,0,0,0,0,0,0,0,0,0
340318,1,1,16,16,16,16,16,16,16,16,16,16
340319,1,1,0,0,0,0,9,16,0,0,0,0
340319,2,1,0,0,0,0,0,0,0,0,0,0
340320,1,1,0,0,0,0,0,0,0,0,0,0
340320,2,1,0,0,0,0,0,0,0,0,0,0
340321,0,1,22,22,22,22,22,22,22,22,22,22
340321,1,1,0,0,0,0,0,0,0,0,0,0
340322,0,1,0,0,0,0,0,0,0,0,0,0
340322,1,1,0,0,0,0,0,0,0,0,0,0
340323,1,1,0,0,0,5,0,0,0,0,0,0
340323,2,1,0,0,0,0,0,0,0,0,0,0
340324,1,1,0,0,0,0,0,0,0,0,0,0
340324,2,1,0,0,0,0,0,0,0,0,0,0
340325,1,1,0,0,0,0,0,0,0,0,0,0
340326,0,1,0,0,0,0,0,0,0,0,0,0
340326,1,1,24,0,0,0,0,0,0,0,0,0
340327,0,1,0,0,0,0,13,0,31,0,0,33
340327,2,1,0,0,0,0,0,0,0,0,0,0
340328,1,1,0,0,0,0,0,0,0,0,0,0
340329,1,1,10,10,10,10,10,10,10,10,10,10
340329,2,1,0,0,0,0,0,0,0,0,0,0
340330,1,1,1,1,1,1,1,1,1,1,1,1
340330,2,1,0,0,0,0,0,0,0,0,0,0
340330,3,1,0,0,0,0,0,0,0,0,0,0
340331,1,1,33,0,0,0,0,0,17,0,0,0
340332,0,1,0,0,0,0,0,0,0,0,0,0
340332,0,2,0,0,0,0,0,0,0,0,0,0
340332,1,1,0,0,0,0,0,0,0,0,0,0
340332,2,1,0,0,0,0,0,0,0,0,0,0
340333,0,1,0,0,0,0,0,0,0,0,0,0
340333,1,1,0,0,0,0,0,0,0,0,0,0
340334,1,1,0,0,0,0,0,0,0,0,0,0
340334,2,1,0,0,0,0,0,0,0,0,0,0
340335,1,1,16,16,16,16,16,16,16,16,16,16
340336,0,1,0,0,0,0,0,0,0,0,0,0
340336,1,1,0,0,0,0,0,0,0,0,0,0
340337,1,1,30,30,30,30,30,30,30,30,30,30
340338,0,1,36,36,36,36,36,36,36,36,36,36
340338,1,1,0,0,0,0,0,0,0,0,0,27
340339,0,1,32,32,32,32,32,32,32,32,32,32
340339,1,1,0,19,0,0,0,0,0,0,24,0
340340,1,1,0,0,0,0,0,0,0,0,0,0
340340,2,1,0,0,0,0,0,0,0,0,0,0
340341,1,1,0,0,0,0,0,0,0,0,0,0
340341,2,1,0,0,0,0,0,0,0,0,29,0
340342,1,1,0,0,0,0,0,0,0,0,0,0
340342,2,1,0,0,0,0,0,0,0,0,0,0
340343,0,1,34,34,34,34,34,34,34,34,34,34
340343,1,1,0,0,0,0,0,0,0,0,0,0
340344,1,1,0,3,0,0,0,0,0,16,0,0
340344,2,1,0,0,0,0,0,0,0,0,0,0
340345,1,1,0,0,0,0,0,0,0,0,0,0
340346,1,1,0,0,0,0,0,0,0,0,0,0
340346,2,1,0,0,0,0,0,0,0,0,0,0
340347,1,1,0,0,0,0,0,0,0,0,0,0
340348,1,1,0,0,0,0,0,0,0,0,0,0
340348,2,1,0,0,0,0,0,0,0,0,0,0
340348,3,1,0,0,0,0,0,0,0,0,0,0
340349,0,1,14,6,30,33,28,33,15,11,24,14
340349,1,1,0,0,0,0,0,0,0,0,0,0
340350,0,1,0,0,0,0,0,0,0,0,0,0
340350,1,1,0,0,0,0,0,0,0,0,0,0
340351,1,1,0,0,0,0,0,0,0,0,0,0
340351,2,1,0,0,0,0,0,0,0,0,0,0
340352,0,1,0,0,0,0,0,0,0,0,0,0
340352,2,1,13,0,0,0,0,0,0,0,0,0
340353,0,1,0,0,0,0,0,0,0,0,0,0
340353,1,1,31,0,0,0,0,0,0,0,0,18
340354,0,1,12,12,12,12,12,12,12,12,12,12
340354,1,1,0,0,0,0,0,0,0,0,0,0
340355,0,1,28,28,28,28,28,28,28,28,28,28
340355,1,1,0,0,0,0,0,0,0,0,0,0
340356,1,1,0,0,0,0,0,0,0,0,0,0
340357,0,1,0,0,0,0,0,0,0,0,0,0
340357,1,1,0,0,0,0,0,0,0,0,0,0
340358,1,1,0,0,0,0,0,0,0,0,0,0
340358,2,1,0,0,0,0,0,0,0,0,0,0
340359,1,1,0,0,0,0,0,0,0,0,0,0
340359,2,1,13,13,13,13,13,13,13,13,13,13
340360,1,1,0,0,0,0,0,0,0,0,0,0
340360,2,1,0,0,0,0,0,0,0,0,0,0
340360,3,1,0,0,0,0,0,0,0,0,0,0
340361,0,1,8,8,8,8,8,8,8,8,8,8
340361,1,1,0,0,0,0,0,0,0,0,0,0
340362,0,1,0,0,0,0,0,0,0,0,0,0
340362,1,1,0,0,0,0,0,0,0,0,0,0
340363,1,1,0,0,0,0,0,0,0,0,0,0
340364,1,1,0,0,0,0,0,0,0,0,0,0
340364,2,1,4,4,4,4,4,4,4,4,4,4
340365,1,1,0,0,0,0,0,0,0,0,0,0
340366,0,1,0,0,0,0,0,0,0,0,0,0
340366,1,1,0,0,0,0,0,0,0,0,0,0
340368,1,1,0,0,0,0,0,0,0,0,0,0
340368,2,1,0,0,0,0,0,0,15,9,0,0
340369,1,1,16,16,16,16,16,16,16,16,16,16
340369,2,1,0,0,19,0,0,0,0,37,0,0
340370,1,1,0,0,0,0,0,0,0,0,0,0
340370,2,1,0,0,0,0,0,0,0,0,0,0
340371,0,1,0,0,0,0,0,0,0,0,0,0
340371,0,2,0,17,14,0,32,11,0,0,0,0
340371,1,1,0,0,0,0,0,0,0,0,10,0
340372,1,1,0,0,0,0,0,0,0,0,0,0
340372,2,1,0,0,0,0,0,0,0,0,0,0
340372,3,1,0,0,0,0,0,0,0,0,0,0
340373,1,1,0,0,0,0,0,0,17,0,0,0
340373,2,1,0,0,0,0,0,0,0,0,0,0
340374,1,1,0,0,0,0,0,0,0,0,0,0
340374,2,1,0,0,0,0,0,0,0,0,0,0
340375,1,1,0,0,0,0,0,0,0,0,0,0
340375,2,1,6,6,6,6,6,6,6,6,6,6
340376,1,1,0,12,0,0,0,0,0,0,0,0
340376,2,1,0,0,0,0,0,0,0,0,0,0
340376,3,1,14,0,0,0,0,0,0,0,0,0
340376,4,1,0,0,0,0,0,0,0,0,0,0
340376,5,1,0,0,0,0,0,0,0,0,0,0
340377,0,1,12,12,12,12,12,12,12,12,12,12
340377,1,1,0,0,0,0,0,0,0,0,0,0
340378,1,1,15,0,11,18,0,0,5,18,7,0
340378,3,1,30,30,30,30,30,30,30,30,30,30
340379,0,1,0,0,0,0,0,0,0,0,0,0
340379,1,1,0,0,0,0,0,0,0,0,0,0
340380,1,1,0,0,0,0,28,0,0,0,0,0
340381,0,1,20,20,20,20,20,20,20,20,20,20
340381,1,1,16,16,16,16,16,16,16,16,16,16
340382,0,1,0,0,0,0,0,0,0,0,0,0
340382,1,1,0,0,0,0,0,0,0,0,0,0
340383,0,1,0,0,0,0,0,0,0,0,0,0
340383,1,1,18,0,31,0,0,3,10,17,8,0
340384,1,1,0,0,0,0,0,0,0,0,0,0
340384,2,1,0,0,0,0,0,0,0,0,0,0
340385,0,1,0,0,0,0,0,0,0,0,0,0
340385,1,1,0,0,0,0,0,0,0,0,0,0
340386,1,1,0,0,0,0,0,0,0,0,0,0
340386,2,1,0,0,0,0,0,0,0,0,0,0
340387,2,1,0,0,0,0,0,0,0,0,0,0
340388,0,1,0,0,0,0,0,0,0,0,0,0
340388,1,1,8,8,8,8,8,8,8,8,8,8
340389,1,1,0,0,0,0,0,0,0,0,0,18
340389,2,1,0,0,0,0,0,0,0,0,0,0
340390,0,1,0,0,0,0,0,0,0,0,0,0
340390,1,1,0,0,0,0,0,0,0,0,0,0
340391,1,1,0,0,0,0,0,0,0,0,0,0
340391,2,1,0,0,0,0,0,0,0,0,0,0
340392,1,1,0,0,0,0,0,0,0,0,0,0
340392,2,1,0,0,0,0,0,0,0,0,0,0
340393,0,1,0,0,0,0,0,0,0,0,0,0
340393,1,1,0,0,0,0,0,0,0,0,0,0
340394,0,1,0,0,0,0,0,0,0,0,0,0
340394,1,1,0,0,0,0,0,0,0,0,0,0
340395,1,1,0,0,0,0,0,0,0,0,0,6
340396,1,1,0,0,0,0,0,0,0,0,0,0
340397,0,1,0,0,0,0,0,0,0,0,0,0
340397,1,1,0,0,0,0,0,0,0,0,0,0
340398,1,1,0,0,0,16,0,0,0,0,0,0
340399,1,1,0,0,0,0,0,0,0,0,0,0
340399,2,1,0,0,0,0,0,0,0,0,0,0
340400,1,1,0,0,0,0,0,0,0,0,0,0
340400,2,1,0,0,0,0,0,0,0,9,0,0
340401,1,1,0,0,0,0,0,0,0,0,0,0
340401,2,1,0,0,0,0,0,0,0,0,0,0
340401,3,1,0,0,0,19,0,0,0,0,0,0
340402,1,1,0,0,0,0,0,0,0,0,0,0
340402,2,1,37,0,26,0,0,0,0,0,0,0
340403,1,1,24,24,24,24,24,24,24,24,24,24
340404,0,1,12,12,12,12,12,12,12,12,12,12
340404,1,1,17,15,14,19,9,0,20,19,0,11
340405,1,1,0,0,0,0,0,0,0,0,0,0
340405,3,1,0,0,0,0,0,0,0,0,0,0
340406,1,1,0,0,0,0,0,0,0,0,0,0
340407,0,1,0,0,0,0,0,0,0,0,0,0
340407,1,1,0,0,0,0,0,0,0,0,0,0
340408,0,1,0,0,0,0,0,0,0,0,0,0
340408,1,1,0,0,9,0,0,0,0,0,0,12
340409,1,1,8,8,8,8,8,8,8,8,8,8
340410,1,1,8,8,8,8,8,8,8,8,8,8
340412,1,1,11,11,11,11,11,11,11,11,11,11
340412,2,1,0,0,0,0,0,0,0,0,0,0
340413,0,1,0,0,0,0,0,0,0,0,0,0
340413,1,1,0,0,0,0,0,0,0,0,0,0
340414,1,1,0,0,0,0,0,0,0,0,0,0
340414,2,1,0,0,0,0,0,0,0,0,0,0
340415,0,1,0,0,0,0,0,0,0,0,0,0
340415,1,1,0,0,0,0,0,0,0,0,0,0
340416,0,1,0,0,0,0,0,0,0,0,0,0
340416,1,1,0,0,0,0,0,0,0,0,0,0
340417,1,1,22,22,22,22,22,22,22,22,22,22
340417,2,1,0,0,19,0,0,0,9,0,0,0
340417,3,1,0,0,0,12,0,0,18,0,0,0
340418,0,1,0,0,0,0,0,0,0,0,0,0
340418,0,2,0,0,0,0,0,0,0,0,0,0
340418,1,1,0,0,6,0,0,17,0,0,0,18
340419,0,1,31,31,31,31,31,31,31,31,31,31
340419,1,1,0,0,0,0,0,0,0,0,0,0
340420,1,1,9,9,9,9,9,9,9,9,9,9
340420,2,1,0,0,0,0,0,0,0,0,0,0
340421,1,1,0,0,0,0,0,0,0,0,0,0
340422,0,1,0,0,0,0,0,0,0,0,0,0
340422,1,1,0,0,0,0,17,0,0,0,0,0
340423,0,1,24,24,24,24,24,24,24,24,24,24
340423,1,1,0,0,0,22,0,0,0,0,28,0
340424,0,1,0,0,0,0,0,0,0,0,0,0
340424,1,1,0,0,0,0,0,0,29,15,0,0
340425,1,1,21,21,21,21,21,21,21,21,21,21
340426,1,1,0,0,0,0,0,0,0,0,0,0
340426,2,1,0,0,0,0,0,0,0,0,0,0
340427,0,1,0,0,0,0,0,0,0,0,0,0
340427,0,2,0,0,17,17,0,0,5,14,12,0
340427,1,1,0,0,0,0,0,0,0,0,0,0
340427,3,1,0,0,0,0,0,0,0,18,0,0
340428,1,1,0,0,0,0,0,0,0,0,0,0
340429,0,1,0,0,0,0,0,0,0,0,0,0
340429,1,1,0,0,0,0,0,0,0,0,0,0
340429,2,1,0,0,0,0,0,0,21,0,0,0
340430,1,1,0,0,0,0,0,0,0,0,0,0
340430,2,1,0,0,0,0,0,0,0,0,0,0
340431,1,1,0,0,0,0,0,0,0,0,0,0
340432,0,1,12,10,35,17,6,0,12,16,36,8
340432,1,1,0,0,0,0,0,0,0,0,18,6
340433,1,1,0,0,0,0,0,0,0,0,0,0
340433,2,1,0,0,0,0,0,15,0,0,0,0
340434,0,1,0,0,0,0,0,0,0,0,0,0
340434,1,1,0,0,0,0,14,0,22,0,0,0
340435,1,1,0,0,0,14,21,11,0,0,0,0
340435,2,1,0,0,0,0,0,0,0,0,0,0
340436,1,1,0,0,0,0,0,0,0,0,0,0
340436,2,1,0,0,0,0,0,0,0,16,0,0
340436,3,1,0,0,0,0,0,0,0,0,0,0
340436,4,1,0,0,0,0,0,0,0,0,0,18
340436,5,1,0,0,0,0,0,0,0,0,0,6
340436,6,1,0,0,0,0,22,0,0,0,0,0
340437,1,1,32,32,32,32,32,32,32,32,32,32
340438,1,1,20,20,20,20,20,20,20,20,20,20
340439,0,1,0,0,0,0,0,0,0,0,0,0
340439,1,1,0,0,0,0,0,0,0,0,0,0
340440,0,1,0,0,0,0,0,0,0,0,0,0
340440,1,1,0,0,0,0,0,0,0,0,0,0
340441,1,1,0,0,0,0,0,0,0,0,0,0
340441,2,1,0,0,0,0,0,0,0,0,0,0
340442,1,1,0,0,0,0,0,0,0,0,0,0
340442,2,1,3,3,3,3,3,3,3,3,3,3
340443,0,1,0,0,0,0,0,0,0,0,0,0
340443,1,1,0,0,0,0,0,0,0,0,0,0
340443,2,1,0,0,0,0,0,0,0,0,0,0
340444,0,1,0,0,0,0,0,0,0,0,0,0
340444,1,1,0,17,0,0,0,7,9,0,0,0
340445,1,1,10,10,10,10,10,10,10,10,10,10
340446,1,1,0,0,0,0,0,0,0,0,0,0
340446,2,1,0,0,0,0,0,0,0,0,0,0
340447,1,1,16,16,16,16,16,16,16,16,16,16