ST_CASE,VEH_NO,PER_NO,P1,P2,P3,P4,P5,P6,P7,P8,P9,P10
340447,2,1,0,0,0,0,0,0,0,0,0,0
340448,0,1,0,0,0,0,0,0,0,0,0,0
340448,1,1,0,0,0,0,0,0,0,0,0,0
340449,0,1,0,0,0,0,0,0,0,0,0,0
340449,0,2,0,0,0,0,0,24,0,0,0,0
340449,1,1,0,0,0,0,0,0,0,0,0,0
340451,0,1,0,0,0,0,0,0,0,0,0,0
340451,1,1,0,0,0,0,0,0,0,0,0,0
340451,2,1,0,0,0,0,0,0,0,0,0,0
340451,3,1,0,0,0,0,0,0,0,0,0,0
340452,0,1,0,0,0,0,0,0,0,0,0,0
340452,1,1,0,0,0,0,0,0,15,0,0,0
340452,2,1,0,0,0,0,0,0,0,0,0,0
340452,3,1,0,35,0,0,0,0,0,0,10,0
340453,1,1,6,6,6,6,6,6,6,6,6,6
340454,0,1,0,0,0,0,0,0,0,0,0,0
340454,1,1,0,0,0,0,0,0,0,0,0,0
340454,2,1,0,0,0,0,0,0,0,0,0,0
340455,0,1,0,0,0,0,0,0,0,0,0,0
340455,1,1,0,0,0,0,0,0,0,0,0,0
340456,0,1,0,0,0,0,0,0,0,0,0,0
340456,1,1,0,0,8,20,14,0,4,7,10,0
340457,0,1,0,0,0,0,0,0,0,0,16,0
340457,1,1,0,0,0,0,0,0,0,0,0,0
340458,0,1,0,0,0,0,0,0,0,0,0,0
340458,0,2,0,0,0,0,0,0,0,9,0,0
340458,1,1,0,0,0,0,0,0,0,0,0,0
340459,0,1,0,0,0,0,0,0,0,0,0,0
340459,1,1,0,0,0,0,0,0,0,0,0,0
340460,1,1,30,30,30,30,30,30,30,30,30,30
340461,1,1,0,0,0,0,0,0,0,0,0,0
340461,2,1,11,11,11,11,11,11,11,11,11,11
340462,0,1,3,3,3,3,3,3,3,3,3,3
340462,0,2,0,0,0,0,0,0,0,0,0,0
340462,1,1,0,0,12,0,0,0,0,0,0,0
340463,1,1,0,0,0,0,0,0,0,0,0,0
340463,2,1,0,0,0,0,14,0,0,0,0,25
340463,3,1,0,0,0,0,0,0,0,0,0,0
340464,0,1,0,0,0,0,0,0,0,0,0,0
340464,1,1,0,0,0,0,0,0,0,0,0,0
340465,0,1,0,0,0,0,0,0,0,0,0,0
340465,1,1,0,0,0,0,0,0,0,0,0,0
340466,1,1,2,2,2,2,2,2,2,2,2,2
340467,1,1,0,0,0,0,0,0,0,0,0,0
340469,0,1,0,0,0,0,0,0,0,0,0,0
340469,1,1,0,0,0,0,0,0,0,0,0,0
340469,2,1,0,0,0,0,0,0,0,0,0,0
340470,1,1,1,1,1,1,1,1,1,1,1,1
340470,2,1,0,0,0,0,0,0,0,0,0,0
340471,1,1,0,0,0,0,0,0,0,0,0,0
340471,2,1,0,0,0,0,0,0,0,0,0,35
340472,1,1,0,0,0,0,0,0,0,0,0,0
340472,2,1,0,0,0,0,0,0,0,0,0,0
340473,0,1,0,0,0,0,0,0,0,0,0,0
340473,1,1,0,0,0,0,0,0,0,0,0,0
340474,1,1,21,21,21,21,21,21,21,21,21,21
340474,2,1,0,0,0,0,0,0,0,0,0,0
340474,3,1,0,0,0,0,0,21,0,0,0,14
340475,1,1,0,0,0,0,0,0,0,0,0,0
340475,2,1,0,0,0,0,0,0,0,0,0,0
340475,3,1,0,0,0,0,0,0,0,0,0,0
340476,1,1,26,26,26,26,26,26,26,26,26,26
340477,1,1,0,0,0,0,0,0,0,0,0,0
340477,2,1,0,0,0,0,0,0,0,0,0,0
340477,3,1,0,0,0,0,0,0,0,18,0,0
340478,1,1,0,0,0,0,0,0,0,0,0,0
340478,2,1,0,0,0,0,0,0,0,0,0,0
340479,1,1,0,0,0,0,0,0,0,0,0,0
340480,1,1,0,0,0,0,0,0,0,0,0,0
340480,2,1,0,20,0,0,0,0,0,0,0,0
340481,1,1,0,0,0,0,0,0,0,0,0,0
340481,2,1,0,0,0,0,0,0,0,0,0,0
340482,0,1,0,0,8,0,0,0,0,8,24,39
340482,1,1,0,0,0,0,0,0,0,0,0,0
340483,0,1,0,0,0,0,0,0,0,0,0,0
340483,1,1,0,0,0,0,0,0,0,0,0,0
340484,1,1,0,0,0,0,0,0,0,0,0,0
340485,0,1,0,0,0,0,0,0,0,0,0,0
340485,1,1,0,0,0,0,0,0,0,0,0,0
340486,0,1,0,12,0,0,0,0,0,0,0,0
340486,1,1,0,0,0,0,0,0,0,0,0,9
340487,1,1,0,0,0,0,0,0,0,0,0,0
340487,2,1,0,0,0,0,0,0,0,0,0,0
340487,3,1,0,0,0,0,6,0,19,0,0,0
340487,4,1,0,0,0,0,0,0,0,0,0,0
340487,5,1,15,0,0,0,11,0,4,0,0,0
340488,0,1,0,0,0,0,0,0,0,0,0,0
340488,1,1,0,0,0,0,0,0,0,0,23,0
340489,0,1,0,0,0,0,0,0,0,0,0,0
340489,1,1,0,0,0,0,0,0,0,0,0,0
340490,1,1,0,0,0,0,0,0,0,0,0,0
340490,2,1,0,0,0,0,0,0,0,12,0,0
340491,1,1,0,0,0,0,0,0,0,0,0,0
340492,0,1,0,0,0,0,0,0,0,0,20,10
340492,1,1,0,0,13,0,0,0,0,4,0,0
340493,0,1,29,29,29,29,29,29,29,29,29,29
340493,0,2,0,0,0,0,0,0,0,0,0,0
340493,1,1,0,0,0,0,0,0,0,0,0,0
340494,1,1,0,0,0,0,0,0,0,0,0,0
340494,2,1,0,0,0,0,0,0,0,0,0,0
340494,3,1,15,15,15,15,15,15,15,15,15,15
340495,1,1,15,15,15,15,15,15,15,15,15,15
340496,1,1,0,0,0,0,0,0,0,0,0,0
340496,2,1,0,0,0,0,0,0,0,0,0,0
340496,3,1,0,0,0,0,0,0,0,0,0,0
340497,0,1,9,9,9,9,9,9,9,9,9,9
340497,1,1,0,0,0,0,0,0,0,0,0,0
340497,2,1,0,0,0,0,0,0,0,0,0,0
340498,1,1,0,0,0,0,0,0,0,0,0,0
340498,2,1,0,0,0,0,0,0,0,0,0,0
340499,1,1,0,0,0,0,0,0,0,0,0,0
340500,1,1,14,14,14,14,14,14,14,14,14,14
340500,2,1,0,0,0,0,0,0,0,0,0,0
340501,0,1,0,0,0,0,0,0,0,0,0,0
340501,0,2,0,0,0,0,0,0,0,0,0,0
340501,1,1,0,0,0,0,0,0,0,0,0,0
340502,0,1,0,0,0,0,0,0,0,0,0,0
340502,1,1,0,0,0,0,0,0,0,0,0,0
340502,2,1,0,0,0,0,0,0,0,0,0,0
340503,1,1,0,0,0,0,0,0,0,0,0,0
340504,1,1,0,0,0,0,0,0,0,0,0,0
340504,2,1,0,0,0,0,0,0,0,0,0,0
340505,1,1,0,0,0,0,0,0,10,0,0,0
340506,0,1,13,13,13,13,13,13,13,13,13,13
340506,1,1,15,15,15,15,15,15,15,15,15,15
340507,1,1,1,1,1,1,1,1,1,1,1,1
340508,0,1,0,0,0,0,0,0,0,0,0,0
340508,1,1,0,0,0,0,0,0,0,0,0,0
340509,1,1,16,16,16,16,16,16,16,16,16,16
340510,1,1,0,0,0,0,0,0,0,0,0,0
340510,2,1,0,0,0,0,0,0,0,0,0,0
340510,3,1,0,0,0,0,0,0,0,0,0,0
340510,4,1,0,0,0,0,0,0,0,0,0,0
340511,1,1,0,0,0,0,0,0,0,0,0,0
340511,2,1,7,7,7,7,7,7,7,7,7,7
340512,1,1,2,2,2,2,2,2,2,2,2,2
340513,1,1,12,12,12,12,12,12,12,12,12,12
340514,1,1,16,0,0,19,0,0,0,11,15,0
340515,1,1,0,0,0,0,0,0,0,0,0,0
340515,2,1,0,0,0,0,0,0,0,0,0,0
340516,0,1,0,0,0,0,0,0,0,0,0,0
340516,1,1,0,0,0,0,0,0,0,0,0,0
340517,1,1,26,0,7,19,15,0,22,0,0,0
340518,0,1,6,6,6,6,6,6,6,6,6,6
340518,2,1,0,0,0,0,0,0,0,0,0,0
340519,1,1,0,0,0,0,0,0,0,0,0,0
340519,2,1,13,13,13,13,13,13,13,13,13,13
340519,3,1,6,0,7,0,0,0,0,27,0,0
340520,1,1,0,0,0,0,0,0,0,0,0,0
340520,2,1,0,0,0,0,0,0,0,0,0,0
340521,1,1,0,17,0,0,0,0,0,0,0,0
340521,2,1,0,0,0,0,0,2,0,0,0,0
340522,1,1,0,0,0,0,17,0,15,0,0,0
340523,1,1,0,0,0,0,0,0,0,0,0,0
340523,2,1,0,0,0,0,0,0,0,0,0,0
340523,3,1,17,0,0,0,8,0,0,0,0,0
340524,0,1,20,0,0,0,0,0,0,0,0,0
340524,0,2,0,0,0,0,0,0,0,0,0,0
340524,1,1,0,0,0,0,0,0,0,0,0,0
340525,0,1,0,0,0,0,0,0,0,0,0,0
340525,1,1,0,0,0,24,0,0,0,0,0,0
340526,1,1,17,17,17,17,17,17,17,17,17,17
340526,2,1,0,0,33,0,0,0,0,0,0,14
340527,0,1,0,0,0,0,0,0,0,0,0,0
340527,1,1,0,0,0,0,0,0,0,0,0,0
340528,1,1,0,0,0,0,0,0,0,0,0,0
340529,0,1,21,21,21,21,21,21,21,21,21,21
340529,1,1,0,0,13,0,0,0,0,0,0,0
340530,1,1,0,0,0,0,0,0,0,0,0,0
340531,0,1,0,0,0,0,0,0,0,0,0,0
340531,1,1,0,0,0,0,0,0,0,0,0,0
340532,1,1,10,10,10,10,10,10,10,10,10,10
340533,0,1,1,1,1,1,1,1,1,1,1,1
340533,1,1,0,0,0,0,0,0,0,0,0,0
340534,1,1,0,0,0,10,17,0,0,0,0,0
340535,1,1,0,0,0,0,0,0,0,0,0,0
340535,2,1,0,0,0,0,0,0,0,0,0,15
340536,0,1,21,21,21,21,21,21,21,21,21,21
340536,1,1,0,0,0,0,0,0,0,17,0,0
340537,0,1,6,6,6,6,6,6,6,6,6,6
340537,1,1,5,5,5,5,5,5,5,5,5,5
340538,1,1,0,0,0,0,0,0,0,0,0,0
340538,2,1,0,0,0,0,0,0,0,0,0,0
340539,1,1,0,0,0,0,0,0,0,0,0,0
340540,1,1,13,13,13,13,13,13,13,13,13,13
340540,2,1,37,37,37,37,37,37,37,37,37,37
340541,1,1,21,21,21,21,21,21,21,21,21,21
340542,1,1,0,0,0,0,0,0,0,0,0,0
340542,2,1,2,2,2,2,2,2,2,2,2,2
340543,1,1,0,0,0,0,0,0,0,0,0,0
340544,0,1,0,0,0,0,21,0,0,0,0,0
340544,1,1,0,0,0,0,0,0,0,0,0,0
340545,1,1,0,0,0,0,0,0,0,0,0,0
340546,0,1,0,0,0,0,0,0,0,0,0,0
340546,1,1,0,0,0,0,0,0,0,0,0,0
340547,1,1,0,25,0,0,0,0,0,0,0,0
340548,1,1,0,0,0,0,21,0,0,0,0,0
340548,2,1,0,0,0,0,0,0,0,0,0,0
340549,0,1,30,28,0,25,0,0,16,0,0,0
340549,1,1,0,0,0,0,0,0,0,0,0,0
340550,1,1,0,0,0,0,0,0,0,0,0,0
340551,1,1,0,0,0,0,0,0,0,0,0,0
340552,0,1,27,27,27,27,27,27,27,27,27,27
340552,1,1,17,0,0,0,0,0,0,0,0,0
340553,1,1,0,0,0,0,0,0,0,0,0,0
340553,2,1,0,0,0,0,0,0,0,0,21,0
340554,1,1,10,10,10,10,10,10,10,10,10,10
340555,1,1,0,0,0,0,0,0,0,0,0,0
340555,2,1,0,0,0,0,0,0,0,0,0,0
340556,0,1,0,0,0,0,0,0,0,0,0,0
340556,1,1,0,0,0,0,0,0,0,0,0,0
340557,1,1,0,0,0,0,0,0,0,0,0,0
340558,0,1,12,12,12,12,12,12,12,12,12,12
340558,1,1,0,0,0,0,0,0,0,0,0,0
340559,1,1,18,18,18,18,18,18,18,18,18,18
340560,1,1,0,0,0,0,0,0,0,0,0,0
340560,2,1,0,0,0,0,0,0,0,0,0,0
340561,1,1,0,0,0,0,0,0,0,0,0,0
340562,0,1,12,12,12,12,12,12,12,12,12,12
340562,1,1,0,24,0,0,0,0,0,0,0,0
340563,1,1,0,0,0,0,0,0,0,0,0,0
340564,0,1,0,0,0,0,0,0,0,0,0,0
340564,1,1,0,0,0,0,0,0,0,0,0,0
340565,0,1,6,6,6,6,6,6,6,6,6,6
340565,1,1,0,0,0,0,0,0,0,0,0,0
340566,0,1,1,1,1,1,1,1,1,1,1,1
340566,1,1,0,0,0,0,0,0,0,0,0,0
340567,0,1,0,0,0,0,0,0,0,0,0,0
340567,1,1,22,0,8,5,14,0,13,0,12,41
340568,0,1,0,0,0,0,0,0,0,0,0,0
340568,1,1,0,0,0,0,0,0,0,0,0,0
340569,1,1,0,0,0,0,0,0,0,0,0,0
340569,2,1,6,6,6,6,6,6,6,6,6,6
340570,1,1,0,0,0,0,0,0,0,0,0,0
340570,2,1,0,0,0,0,0,0,0,0,0,0
340571,1,1,17,17,17,17,17,17,17,17,17,17
340571,2,1,0,0,0,0,0,0,0,0,0,0
340572,1,1,0,0,0,0,0,0,0,0,0,0
340572,2,1,0,0,0,0,0,0,0,0,0,0
340573,1,1,0,0,0,0,0,0,0,0,0,0
340573,2,1,0,0,0,0,0,0,0,0,0,0
340574,0,1,27,27,27,27,27,27,27,27,27,27
340574,1,1,0,0,0,0,0,0,0,0,0,0
340575,1,1,23,23,23,23,23,23,23,23,23,23
340576,0,1,5,5,5,5,5,5,5,5,5,5
340576,1,1,0,0,0,0,0,0,10,0,0,0
340577,1,1,20,20,20,20,20,20,20,20,20,20
340577,2,1,20,0,3,0,15,8,0,11,13,0
340578,1,1,0,0,0,0,0,0,0,0,0,0
340578,2,1,0,0,0,0,0,0,0,0,0,0
340579,1,1,0,0,0,0,0,0,0,0,0,0
340579,2,1,0,0,0,10,0,0,0,0,0,0
340580,0,1,0,0,0,0,0,0,0,0,0,0
340580,1,1,0,0,0,0,0,0,0,0,0,0
340581,1,1,0,0,0,0,0,0,0,0,0,0
340582,1,2,0,0,0,0,0,0,19,0,0,0
340583,0,1,0,0,0,0,0,0,0,0,0,0
340583,1,1,0,0,0,0,0,0,0,0,0,0
340584,0,1,20,20,20,20,20,20,20,20,20,20
340584,1,1,0,0,0,0,0,0,0,0,0,0
340585,0,1,16,16,16,16,16,16,16,16,16,16
340585,1,1,0,0,0,0,0,0,0,0,0,0
340586,1,1,0,0,0,0,0,0,0,0,0,0
340586,2,1,0,0,0,0,0,0,0,0,0,0
340587,0,1,0,0,0,0,0,0,0,0,0,0
340587,1,1,0,0,0,0,0,0,0,0,0,25
340588,1,1,0,0,0,0,0,0,0,0,0,0
340589,1,1,0,0,0,0,0,0,0,0,0,0
340589,2,1,0,0,0,0,0,0,0,0,0,0
340590,0,1,1,1,1,1,1,1,1,1,1,1
340590,1,1,0,0,0,0,0,0,0,0,0,0
340591,1,1,16,16,16,16,16,16,16,16,16,16
340592,1,1,0,0,0,0,0,0,0,0,0,0
340592,2,1,0,0,0,0,0,0,0,0,0,0
340593,1,1,0,0,0,0,0,0,0,0,0,0
340593,2,1,0,0,0,0,0,0,0,0,0,0
340593,3,1,0,0,0,0,0,0,0,0,0,0
340594,1,1,2,2,2,2,2,2,2,2,2,2
340594,2,1,0,0,0,0,0,0,0,0,0,0
340595,1,1,0,0,0,0,0,0,0,0,0,0
340595,2,1,0,0,0,0,0,0,0,0,0,0
340596,1,1,0,0,0,0,0,0,0,0,0,0
340597,0,1,0,0,0,8,3,13,37,0,0,17
340597,1,1,0,0,0,0,0,0,0,0,0,0
340598,0,1,26,26,26,26,26,26,26,26,26,26
340598,1,1,0,0,0,0,0,0,0,0,0,0
340599,1,1,18,18,18,18,18,18,18,18,18,18
340600,1,1,0,0,0,0,0,0,0,0,0,0
340601,0,1,0,0,0,0,0,0,0,0,0,0
340601,1,1,0,0,0,0,0,0,0,0,0,0
350001,1,1,0,0,0,0,0,0,0,0,0,0
350001,2,1,0,0,0,0,0,0,0,0,0,0
350002,1,1,10,10,10,10,10,10,10,10,10,10
350003,1,1,28,28,28,28,28,28,28,28,28,28
350004,0,1,11,11,11,11,11,11,11,11,11,11
350004,1,1,0,0,0,0,0,0,0,0,0,0
350005,0,1,23,23,23,23,23,23,23,23,23,23
350005,1,1,12,10,21,19,16,13,14,14,5,13
350006,1,1,0,0,0,0,0,0,0,0,0,0
350007,1,1,35,35,35,35,35,35,35,35,35,35
350007,2,1,0,0,0,0,17,0,0,0,0,0
350008,1,1,0,0,0,0,0,0,0,0,0,0
350009,1,1,25,25,25,25,25,25,25,25,25,25
350010,1,1,0,0,0,0,0,21,0,0,0,0
350010,2,1,0,0,0,0,0,0,0,0,0,0
350011,1,1,6,10,33,22,24,15,8,0,28,10
350012,1,1,0,0,0,0,0,0,0,0,0,0
350012,2,1,0,0,0,0,0,0,0,0,0,0
350013,1,1,22,22,22,22,22,22,22,22,22,22
350014,1,1,0,24,28,0,6,0,0,19,0,0
350014,2,1,0,0,0,0,0,0,0,0,0,0
350015,1,1,30,0,0,0,0,0,0,0,13,0
350015,2,1,22,18,0,10,0,0,16,21,0,0
350016,1,1,0,0,0,0,0,0,0,0,0,0
350017,1,1,0,45,21,0,0,0,0,0,0,0
350018,0,1,17,17,17,17,17,17,17,17,17,17
350018,1,1,0,0,0,0,0,0,0,0,0,16
350019,1,1,0,0,0,0,0,0,0,0,0,0
350020,1,1,16,16,16,16,16,16,16,16,16,16
350021,1,1,16,16,16,16,16,16,16,16,16,16
350021,2,1,0,0,0,0,0,0,0,0,0,0
350022,1,1,0,0,0,0,0,0,0,0,0,0
350022,2,1,0,0,0,0,0,0,0,0,0,0
350022,3,1,0,0,0,0,0,0,0,0,0,0
350023,0,1,22,22,22,22,22,22,22,22,22,22
350023,1,1,0,0,18,0,0,0,0,0,0,0
350024,1,1,0,0,0,0,0,0,0,0,0,0
350025,0,1,0,0,0,0,0,0,0,0,0,0
350025,2,1,0,0,0,0,0,0,0,0,0,0
350026,1,1,0,0,0,0,0,0,0,0,0,0
350026,2,1,0,0,0,0,0,0,0,0,0,5
350027,1,1,0,0,0,0,0,0,0,0,21,0
350027,2,1,18,18,18,18,18,18,18,18,18,18
350028,0,1,0,0,0,0,0,0,0,0,0,0
350028,1,1,0,0,0,0,0,13,9,17,0,0
350029,0,1,0,0,0,0,0,0,0,0,0,0
350029,1,1,0,0,0,0,0,0,0,12,0,0
350030,1,1,25,25,25,25,25,25,25,25,25,25
350031,1,1,0,0,0,0,0,0,0,0,0,0
350032,1,1,0,0,0,0,0,0,0,0,0,0
350033,1,1,0,0,0,0,0,0,0,0,0,0
350033,2,1,0,0,0,0,0,0,0,0,0,0
350034,1,1,0,0,0,0,0,0,0,0,0,0
350034,2,1,0,0,0,0,0,0,0,0,0,0
350035,1,1,0,0,0,0,0,0,0,0,0,0
350036,1,1,21,21,21,21,21,21,21,21,21,21
350037,0,1,25,25,25,25,25,25,25,25,25,25
350037,1,1,0,0,0,0,8,0,0,0,0,0
350038,1,1,5,0,0,0,29,10,0,12,0,22
350039,0,1,2,2,2,2,2,2,2,2,2,2
350039,1,1,0,0,12,0,0,0,0,0,0,0
350040,1,1,17,17,17,17,17,17,17,17,17,17
350041,1,1,0,14,0,0,0,0,0,0,0,17
350041,2,1,0,0,0,0,0,0,0,0,0,0
350042,1,1,0,0,0,0,4,0,0,0,0,0
350042,2,1,0,0,0,0,0,0,0,0,0,0
350043,1,1,0,0,0,0,0,0,0,0,0,0
350044,1,1,0,0,0,0,0,0,0,0,0,0
350044,2,1,0,0,0,0,0,0,0,0,0,0
350045,1,1,0,0,0,0,0,0,0,0,0,0
350045,2,1,0,0,0,0,0,0,0,0,0,0
350046,1,1,8,8,8,8,8,8,8,8,8,8
350047,1,1,13,0,0,10,0,0,5,0,0,0
350047,2,1,23,0,0,0,0,0,5,0,0,0
350048,1,1,15,0,18,13,8,0,23,16,27,13
350049,0,1,21,0,0,0,0,0,0,9,25,2
350049,1,1,9,13,6,9,15,14,26,8,21,25
350050,1,1,0,0,0,0,0,0,0,0,0,0
350050,2,1,0,0,0,0,0,0,0,0,0,0
350050,3,1,0,0,0,0,0,0,0,0,0,0
350051,0,1,0,0,0,0,0,0,0,0,0,0
350051,1,1,0,0,0,19,0,0,0,0,0,0
350052,1,1,9,9,9,9,9,9,9,9,9,9
350053,1,1,22,22,22,22,22,22,22,22,22,22
350053,2,1,0,0,0,0,0,0,0,0,0,0
350054,1,1,0,0,0,0,0,0,0,0,0,0
350054,2,1,0,0,0,0,0,0,0,0,0,0
350056,1,1,24,24,24,24,24,24,24,24,24,24
350057,1,1,1,1,1,1,1,1,1,1,1,1
350057,2,1,19,19,19,19,19,19,19,19,19,19
350058,1,1,0,0,0,0,0,0,0,0,0,0
350058,2,1,0,0,0,0,0,0,0,0,0,0
350059,1,1,0,0,0,0,12,0,0,0,0,0
350059,2,1,0,0,0,0,0,0,0,0,0,0
350059,3,1,0,0,0,0,0,0,0,0,0,0
350060,1,1,23,23,23,23,23,23,23,23,23,23
350061,0,1,41,41,41,41,41,41,41,41,41,41
350061,1,1,0,0,0,0,0,0,0,0,0,0
350062,0,1,26,26,26,26,26,26,26,26,26,26
350062,1,1,0,0,0,0,0,0,0,0,0,0
350063,1,1,10,10,10,10,10,10,10,10,10,10
350064,1,1,0,0,0,0,0,0,0,0,0,0
350065,1,1,1,1,1,1,1,1,1,1,1,1
350066,1,1,0,0,0,0,0,0,0,0,0,0
350066,2,1,0,0,0,0,0,0,0,0,0,0
350066,3,1,0,0,0,0,0,0,0,0,0,0
350067,1,1,0,0,0,0,0,0,0,0,0,0
350067,2,1,0,0,0,0,0,20,0,0,0,0
350068,1,1,7,7,7,7,7,7,7,7,7,7
350068,2,1,0,0,0,0,0,0,0,0,0,0
350069,1,1,0,0,0,0,0,0,0,0,0,0
350069,2,1,0,0,0,0,0,0,0,0,0,0
350070,1,1,20,20,20,20,20,20,20,20,20,20
350071,1,1,3,3,3,3,3,3,3,3,3,3
350072,0,1,38,38,38,38,38,38,38,38,38,38
350072,1,1,20,0,0,0,0,11,0,0,0,0
350073,0,1,0,0,0,0,0,0,0,0,0,0
350073,1,1,0,0,0,0,0,0,0,0,0,0
350075,1,1,0,0,0,0,0,0,0,0,0,0
350076,1,1,0,0,0,0,0,0,0,0,0,0
350077,0,1,0,0,0,0,0,0,0,0,0,0
350077,1,1,0,0,0,0,0,0,0,0,0,0
350077,2,1,0,0,0,2,0,0,0,5,29,0
350077,3,1,0,0,0,0,18,6,0,0,0,13
350077,4,1,0,0,0,0,0,0,0,0,0,0
350077,5,1,9,0,0,0,0,20,0,0,0,0
350077,6,1,0,0,0,0,0,0,0,0,0,0
350077,7,1,0,0,0,0,0,0,0,0,0,0
350078,1,1,0,0,0,0,0,0,0,0,0,0
350079,1,1,22,17,22,8,21,8,7,9,21,12
350079,2,1,32,0,15,30,0,11,0,0,0,7
350080,1,1,18,0,16,18,0,0,5,20,19,8
350081,1,1,0,0,0,0,0,0,0,0,0,0
350081,2,1,0,13,21,12,12,0,20,8,20,0
350082,1,1,0,0,0,0,0,0,0,0,0,0
350082,2,1,12,12,12,12,12,12,12,12,12,12
350082,3,1,0,0,0,0,0,0,0,0,0,0
350083,1,1,26,26,26,26,26,26,26,26,26,26
350084,1,1,0,0,0,0,0,14,0,0,0,5
350084,2,1,24,24,24,24,24,24,24,24,24,24
350085,1,1,1,1,1,1,1,1,1,1,1,1
350085,2,1,0,0,22,23,0,15,25,27,25,25
350086,1,1,25,25,25,25,25,25,25,25,25,25
350087,1,1,0,0,0,0,0,0,0,0,0,0
350088,1,1,0,0,0,0,0,0,0,0,0,0
350089,1,1,0,19,19,0,0,0,0,0,12,0
350090,1,1,0,0,0,5,0,0,0,0,0,0
350090,2,1,20,20,20,20,20,20,20,20,20,20
350091,1,1,0,0,0,0,0,0,0,0,0,0
350091,2,1,17,17,17,17,17,17,17,17,17,17
350092,0,1,33,33,33,33,33,33,33,33,33,33
350092,1,1,0,0,0,0,0,0,0,0,0,0
350093,1,1,0,0,0,0,0,0,0,0,0,0
350093,2,1,0,0,5,19,0,8,10,0,0,7
350094,1,1,0,0,0,0,0,0,0,0,0,0
350094,2,1,0,0,0,0,0,0,0,0,0,0
350095,1,1,0,0,0,0,0,0,0,0,0,0
350095,2,1,0,0,0,0,0,0,0,0,0,0
350096,1,1,23,23,23,23,23,23,23,23,23,23
350097,1,1,0,0,0,0,0,0,0,0,0,0
350097,2,1,0,0,0,0,0,0,0,0,0,0
350098,0,1,0,0,0,0,0,0,0,0,0,0
350098,1,1,0,0,0,0,0,5,0,0,0,0
350099,1,1,0,0,0,0,0,0,0,0,0,0
350099,2,1,0,0,0,0,0,0,0,2,0,0
350099,3,1,0,0,0,0,0,0,0,0,0,0
350100,1,1,0,0,0,0,0,0,0,0,0,0
350100,2,1,0,0,0,0,0,0,0,0,0,0
350101,1,1,0,0,0,0,0,0,0,0,0,0
350101,2,1,0,0,0,0,0,0,0,0,0,0
350102,1,1,0,0,0,0,0,0,0,0,0,0
350102,2,1,0,0,0,0,17,0,0,0,0,0
350103,1,1,19,19,19,19,19,19,19,19,19,19
350104,1,1,8,8,8,8,8,8,8,8,8,8
350104,2,1,0,0,0,0,0,0,0,0,0,0
350105,0,1,0,0,0,0,0,0,0,0,0,0
350105,1,1,8,0,0,0,0,0,0,0,0,0
350106,1,1,0,0,0,0,0,0,0,0,0,0
350107,1,1,18,18,18,18,18,18,18,18,18,18
350108,1,1,0,0,0,0,0,0,0,0,0,0
350108,2,1,0,0,0,0,0,0,0,0,0,0
350109,1,1,0,0,0,0,0,0,0,0,0,0
350109,2,1,10,0,0,0,0,0,0,0,20,0
350110,1,1,0,0,0,0,0,0,0,0,0,0
350110,2,1,0,0,0,0,0,0,0,0,0,0
350111,1,1,0,0,0,0,0,0,0,0,0,0
350111,2,1,0,0,0,0,0,0,0,0,0,0
350112,1,1,6,6,6,6,6,6,6,6,6,6
350112,2,1,1,1,1,1,1,1,1,1,1,1
350113,1,1,0,0,0,0,0,0,0,0,0,0
350113,2,1,22,0,0,0,0,0,18,0,0,12
350114,1,1,0,0,0,0,0,0,0,0,0,0
350115,0,1,32,32,32,32,32,32,32,32,32,32
350115,1,1,13,0,17,18,0,0,15,0,6,0
350116,0,1,20,24,0,33,0,13,38,0,0,2
350116,1,1,0,0,0,0,0,0,0,0,21,0
350117,1,1,23,23,23,23,23,23,23,23,23,23
350118,0,1,20,20,20,20,20,20,20,20,20,20
350118,1,1,24,2,0,0,0,17,0,0,0,0
350119,0,1,0,0,0,0,0,0,0,0,0,0
350119,1,1,0,0,0,0,0,0,0,0,0,0
350120,1,1,0,0,0,0,0,0,0,0,0,0
350121,1,1,37,37,37,37,37,37,37,37,37,37
350122,0,1,21,21,21,21,21,21,21,21,21,21
350122,1,1,7,0,0,12,22,0,36,0,14,0
350123,1,1,0,0,0,0,0,0,0,0,0,9
350123,2,1,0,0,0,0,0,0,0,0,0,0
350124,1,1,0,0,0,0,0,0,0,0,0,30
350125,1,1,10,10,10,10,10,10,10,10,10,10
350125,2,1,0,0,0,0,0,0,0,0,0,0
350126,1,1,0,0,0,0,0,0,0,0,0,0
350127,0,1,0,0,0,0,31,0,0,0,12,0
350127,1,1,0,0,0,0,8,0,13,0,0,0
350128,1,1,0,0,0,0,0,0,0,0,0,0
350129,1,1,0,0,0,0,0,0,0,0,0,0
350129,2,1,0,0,0,0,0,0,0,0,0,12
350130,0,1,0,0,0,0,0,0,0,0,0,0
350130,1,1,0,0,0,0,0,0,0,0,0,0
350131,0,1,13,13,13,13,13,13,13,13,13,13
350132,1,1,0,0,0,0,0,0,14,0,0,0
350133,1,1,0,0,0,0,0,0,0,0,0,0
350133,2,1,0,0,0,0,0,0,0,0,0,0
350133,3,1,0,0,0,0,0,0,0,0,0,0
350134,1,1,0,0,0,0,0,0,0,0,0,0
350134,2,1,21,21,21,21,21,21,21,21,21,21