ST_CASE,VEH_NO,PER_NO,P1,P2,P3,P4,P5,P6,P7,P8,P9,P10
350135,1,1,0,0,0,0,0,0,0,0,0,0
350135,2,1,20,20,20,20,20,20,20,20,20,20
350136,0,1,0,0,0,0,0,0,0,0,0,0
350136,1,1,0,0,0,0,0,0,0,0,0,0
350137,1,1,0,0,19,5,0,0,0,0,0,0
350137,2,1,0,0,0,0,0,0,0,0,0,0
350138,1,1,25,21,19,19,21,11,10,20,26,0
350139,1,1,12,0,0,0,0,0,0,0,0,0
350139,2,1,0,0,0,0,0,0,0,0,0,0
350140,1,1,0,0,0,8,0,0,0,0,0,0
350140,2,1,0,0,0,0,0,0,0,0,0,0
350141,1,1,5,18,21,19,16,16,0,15,14,29
350142,0,1,0,0,0,0,0,0,0,0,0,0
350142,1,1,0,0,0,0,0,0,0,0,0,0
350143,1,1,0,0,0,0,0,0,0,0,0,0
350144,0,1,0,0,0,0,0,0,0,0,0,0
350144,0,2,0,0,0,0,0,0,0,0,0,0
350144,1,1,0,0,0,0,0,0,0,0,0,0
350145,1,1,0,0,0,0,0,0,0,0,0,0
350146,1,1,0,0,0,0,0,0,0,0,0,0
350147,1,1,0,0,0,0,15,0,0,0,5,0
350148,1,1,0,0,0,0,0,0,0,0,0,0
350148,2,1,0,0,0,0,0,0,0,0,0,0
350149,1,1,0,0,0,0,0,0,0,0,0,0
350150,0,1,27,23,35,25,35,20,26,35,11,33
350150,1,1,0,0,0,0,0,0,0,0,0,0
350151,1,1,0,0,0,0,0,0,0,0,0,0
350152,1,1,15,15,15,15,15,15,15,15,15,15
350153,1,1,0,0,0,0,0,0,0,0,0,0
350153,2,1,0,0,0,0,0,0,0,0,0,0
350154,1,1,18,18,18,18,18,18,18,18,18,18
350154,2,1,0,0,0,0,0,0,0,0,0,0
350155,0,1,41,41,41,41,41,41,41,41,41,41
350155,1,1,5,20,12,19,32,19,14,17,0,21
350156,1,1,20,20,20,20,20,20,20,20,20,20
350157,1,1,0,0,0,0,0,0,0,0,0,0
350158,1,1,0,12,0,17,0,0,0,0,0,0
350158,2,1,21,0,0,0,18,0,0,11,0,0
350159,1,1,0,0,0,0,0,0,0,0,0,0
350160,0,1,9,9,9,9,9,9,9,9,9,9
350160,1,1,0,0,10,0,0,0,0,0,0,0
350161,1,1,0,0,0,0,0,0,0,0,0,0
350162,1,1,0,0,23,0,0,17,0,0,0,0
350162,2,1,0,0,0,0,0,0,0,0,0,0
350163,1,1,26,26,26,26,26,26,26,26,26,26
350163,2,1,0,0,0,0,0,0,0,0,0,0
350164,1,1,0,0,0,0,0,0,0,0,0,0
350165,1,1,22,22,22,22,22,22,22,22,22,22
350165,2,1,0,0,0,0,0,0,0,0,0,0
350166,1,1,0,0,0,0,0,0,18,0,0,0
350166,2,1,0,4,0,0,0,0,0,0,0,0
350166,3,1,1,1,1,1,1,1,1,1,1,1
350167,0,1,36,36,36,36,36,36,36,36,36,36
350167,1,1,0,0,0,0,0,0,0,0,0,0
350168,1,1,2,2,2,2,2,2,2,2,2,2
350168,2,1,0,0,0,0,0,0,0,0,0,0
350169,1,1,0,0,0,0,0,0,0,0,2,0
350169,2,1,0,0,0,0,0,0,0,0,0,0
350170,1,1,8,0,0,0,0,0,0,0,0,0
350170,2,1,0,0,0,0,0,0,0,0,0,0
350171,0,1,29,29,29,29,29,29,29,29,29,29
350171,1,1,0,0,0,0,0,0,0,12,0,0
350172,0,1,0,0,0,0,0,0,0,0,0,0
350172,1,1,0,0,0,7,14,0,0,20,0,0
350173,0,1,16,16,16,16,16,16,16,16,16,16
350173,1,1,0,0,10,0,0,0,0,0,0,22
350173,2,1,0,28,6,17,0,25,12,43,5,0
350174,1,1,0,0,0,0,0,0,0,0,0,0
350174,2,1,0,0,0,0,0,0,0,0,0,0
350174,3,1,0,0,0,0,0,0,0,0,16,0
350175,1,1,0,0,0,0,0,0,0,0,0,0
350175,2,1,0,0,0,0,0,0,0,0,0,0
350176,1,1,0,0,0,0,0,0,0,0,0,0
350177,1,1,0,0,0,0,0,0,0,0,0,0
350178,1,1,0,0,0,0,0,12,13,0,0,0
350179,0,1,29,29,29,29,29,29,29,29,29,29
350179,1,1,0,0,0,0,0,0,0,0,0,0
350180,0,1,0,0,0,0,0,24,0,11,22,0
350180,1,1,0,0,0,0,0,0,0,0,0,0
350181,1,1,0,0,0,0,0,0,0,0,0,0
350181,2,1,0,0,0,0,0,0,0,0,0,0
350182,1,1,0,0,0,0,0,0,0,0,0,0
350182,2,1,0,0,0,0,0,0,0,0,0,0
350183,1,1,0,0,0,0,0,0,0,0,0,0
350184,1,1,0,0,0,0,0,0,0,0,0,0
350184,2,1,0,0,0,0,0,0,0,0,0,0
350185,0,1,34,34,34,34,34,34,34,34,34,34
350185,1,1,0,17,0,0,0,0,0,0,0,0
350186,1,1,0,0,0,0,0,0,0,0,0,0
350187,1,1,0,0,0,0,0,0,0,0,0,0
350187,2,1,0,0,0,6,19,0,0,0,0,0
350187,3,1,0,0,0,0,0,0,0,0,0,0
350187,4,1,0,0,0,0,0,0,0,0,0,0
350187,5,1,0,0,0,0,0,0,0,0,0,0
350187,6,1,0,0,0,0,0,0,0,0,0,0
350188,1,1,0,0,0,0,0,0,0,0,0,0
350189,0,1,0,0,0,0,0,0,0,0,0,0
350189,1,1,0,0,0,0,0,0,0,0,20,0
350190,1,1,0,0,0,0,0,0,0,0,0,0
350190,2,1,0,0,0,0,0,0,0,0,0,0
350191,0,1,0,0,0,0,0,0,0,0,0,0
350191,1,1,0,0,0,0,0,0,0,0,0,0
350192,1,1,20,10,19,28,18,2,20,12,13,19
350193,0,1,0,0,0,0,0,0,0,0,0,0
350193,1,1,0,0,0,0,0,0,0,36,0,16
350194,1,1,0,0,0,0,0,0,0,0,0,0
350194,2,1,4,0,0,0,0,0,0,3,0,0
350195,0,1,9,9,9,9,9,9,9,9,9,9
350195,1,1,0,0,0,0,0,0,0,0,0,0
350196,1,1,13,9,8,28,15,26,9,19,10,9
350197,1,1,0,0,0,0,0,0,0,0,0,0
350198,1,1,0,0,0,0,0,0,0,0,0,0
350198,2,1,0,0,0,0,0,0,0,13,0,0
350198,3,1,0,0,0,0,19,0,0,24,0,0
350199,1,1,15,15,15,15,15,15,15,15,15,15
350200,1,1,15,15,15,15,15,15,15,15,15,15
350201,1,1,0,0,0,0,0,0,0,0,0,0
350201,2,1,0,0,0,0,0,0,0,0,0,0
350202,1,1,0,0,0,0,0,0,0,0,0,0
350203,0,1,17,0,15,0,0,5,0,0,21,0
350203,1,1,0,0,0,0,0,0,0,0,0,0
350204,1,1,0,0,0,0,0,0,0,0,0,0
350204,2,1,0,0,0,0,0,0,0,0,0,0
350205,1,1,0,0,0,0,0,0,0,0,0,0
350206,1,1,0,9,0,0,0,0,0,0,0,0
350207,1,1,20,20,20,20,20,20,20,20,20,20
350208,1,1,0,0,0,8,0,0,0,0,28,0
350209,1,1,0,0,0,0,0,0,0,0,0,0
350210,1,1,0,0,0,0,0,0,0,0,0,0
350211,1,1,0,0,0,0,0,0,0,0,0,0
350211,2,1,0,0,0,0,9,0,0,6,0,9
350212,1,1,4,22,11,25,9,15,5,20,11,11
350213,1,1,0,0,0,0,0,0,0,0,0,0
350214,1,1,0,0,0,0,0,0,0,0,0,0
350214,2,1,0,12,0,0,0,0,0,0,0,0
350215,1,1,0,0,0,0,0,0,0,0,21,0
350215,2,1,0,0,0,0,17,24,0,0,0,0
350216,1,1,1,1,1,1,1,1,1,1,1,1
350217,1,1,0,0,0,0,0,0,0,0,0,0
350217,2,1,0,0,0,0,0,0,0,0,0,0
350218,1,1,19,0,0,0,0,0,30,25,12,8
350219,1,1,0,0,0,0,0,0,0,0,0,0
350220,1,1,8,8,8,8,8,8,8,8,8,8
350220,2,1,24,17,0,11,16,4,26,19,25,18
350221,1,1,0,0,0,0,0,0,0,0,0,0
350222,1,1,15,15,15,15,15,15,15,15,15,15
350222,2,1,12,12,12,12,12,12,12,12,12,12
350223,1,1,0,0,0,0,0,0,0,0,0,0
350223,2,1,0,0,0,0,0,0,0,0,0,0
350224,1,1,0,0,0,0,0,0,0,0,0,0
350224,2,1,0,0,0,0,0,0,0,0,0,0
350225,1,1,0,0,0,0,0,0,0,0,0,0
350226,1,1,0,0,0,0,20,0,0,0,0,0
350226,2,1,1,1,1,1,1,1,1,1,1,1
350227,1,1,0,16,0,14,7,12,0,14,15,19
350228,1,1,0,0,0,0,0,0,0,0,0,0
350228,2,1,0,0,0,0,0,0,0,0,0,0
350229,1,1,14,14,14,14,14,14,14,14,14,14
350230,1,1,0,0,0,0,0,0,0,0,0,0
350230,2,1,6,0,0,0,0,0,0,0,0,0
350231,1,1,29,29,29,29,29,29,29,29,29,29
350232,1,1,35,44,5,19,8,25,16,1,18,14
350233,1,1,0,0,0,0,0,0,0,0,0,0
350233,2,1,0,0,0,0,0,0,0,0,0,0
350233,3,1,0,0,25,0,9,0,0,13,0,0
350234,1,1,0,0,0,0,0,0,0,0,0,0
350235,1,1,24,24,24,24,24,24,24,24,24,24
350236,1,1,0,0,0,0,0,0,0,0,0,0
350236,2,1,0,0,0,0,0,0,0,0,0,0
350236,3,1,0,0,0,0,0,0,0,0,0,0
350237,0,1,24,24,24,24,24,24,24,24,24,24
350237,1,1,0,0,0,0,0,0,0,35,0,0
350237,2,1,12,16,0,20,25,0,18,0,0,0
350238,1,1,0,0,0,0,0,0,0,0,0,0
350238,2,1,0,0,0,0,0,0,0,0,0,0
350239,1,1,16,16,16,16,16,16,16,16,16,16
350240,1,1,0,0,0,0,0,0,0,0,0,0
350240,2,1,0,0,0,20,0,0,0,0,0,21
350241,1,1,0,0,0,0,0,0,0,0,0,0
350241,2,1,0,0,0,0,0,18,0,0,0,0
350242,0,1,26,26,26,26,26,26,26,26,26,26
350242,1,1,0,0,0,0,0,0,0,0,0,0
350243,1,1,0,0,0,0,0,0,0,0,0,0
350244,0,1,0,0,0,0,0,0,0,0,0,0
350244,1,1,0,0,0,0,0,0,0,0,0,17
350245,1,1,11,11,11,11,11,11,11,11,11,11
350246,1,1,0,0,0,0,0,0,0,0,0,0
350246,2,1,0,0,0,0,0,0,0,0,0,0
350247,0,1,0,0,0,0,0,0,0,0,0,0
350247,1,1,0,0,0,0,0,0,0,0,0,0
350248,0,1,0,0,0,0,0,0,0,0,0,0
350248,1,1,0,0,0,0,0,0,0,0,0,0
350249,1,1,0,0,0,0,0,0,0,0,0,0
350250,1,1,0,0,0,0,0,0,0,0,0,0
350250,2,1,0,0,0,0,0,0,0,0,0,0
350251,1,1,0,0,0,0,0,0,0,0,0,13
350251,2,1,0,0,0,0,0,0,0,0,0,0
350252,1,1,0,0,0,0,0,0,0,0,0,0
350253,1,1,0,0,0,0,0,0,0,0,0,0
350253,2,1,0,0,0,0,0,0,0,0,0,0
350254,1,1,16,16,16,16,16,16,16,16,16,16
350255,1,1,0,0,0,0,0,0,0,0,0,0
350255,2,1,0,0,0,0,0,0,0,0,3,0
350256,0,1,20,4,31,7,36,9,8,16,18,24
350256,1,1,0,0,24,0,0,0,0,0,0,0
350257,1,1,25,25,25,25,25,25,25,25,25,25
350257,2,1,0,0,0,0,0,0,0,0,0,0
350257,3,1,0,0,0,0,0,0,0,0,0,0
350258,1,1,0,0,0,0,0,0,0,0,0,0
350258,2,1,15,15,15,15,15,15,15,15,15,15
350259,0,1,0,0,0,0,0,0,0,0,0,0
350259,1,1,0,0,0,0,0,0,0,0,0,0
350260,0,1,30,0,11,0,6,26,0,0,0,0
350260,1,1,0,0,0,0,0,0,0,0,0,0
350261,0,1,10,8,0,0,0,26,13,6,3,15
350261,1,1,0,0,0,0,0,0,0,0,0,0
350262,1,1,11,0,0,0,0,0,0,0,0,0
350262,2,1,0,0,0,0,0,0,0,0,0,0
350263,1,1,0,0,0,0,0,0,0,0,0,0
350263,2,1,0,0,0,0,0,0,0,0,5,0
350264,0,1,22,22,22,22,22,22,22,22,22,22
350264,1,1,0,0,0,0,0,0,0,0,0,0
350264,2,1,0,0,0,0,30,0,0,0,0,0
350265,0,1,21,21,21,21,21,21,21,21,21,21
350265,1,1,0,0,0,0,0,0,0,0,0,0
350266,1,1,0,0,0,0,0,0,0,0,0,0
350267,1,1,27,27,27,27,27,27,27,27,27,27
350268,1,1,0,0,0,0,0,0,0,0,0,0
350268,2,1,0,0,0,0,0,0,0,0,0,0
350269,0,1,12,12,12,12,12,12,12,12,12,12
350269,1,1,0,0,0,0,0,0,0,0,0,0
350270,0,1,0,0,0,0,0,0,0,0,0,0
350270,1,1,0,0,0,0,0,0,0,0,0,0
350271,1,1,0,0,0,0,0,0,0,0,0,0
350272,1,1,0,0,0,0,0,21,0,0,0,19
350272,2,1,19,0,0,0,0,0,0,0,0,0
350273,1,1,0,0,0,0,0,0,0,0,0,0
350273,2,1,0,0,0,0,0,0,0,0,0,0
350274,1,1,0,0,0,0,0,0,0,14,0,7
350274,2,1,0,0,0,18,0,0,0,0,0,0
350274,3,1,0,0,0,0,0,0,0,0,0,0
350275,1,1,0,0,0,0,0,0,0,0,0,0
350275,2,1,0,0,0,0,0,0,0,0,0,0
350276,1,1,10,12,23,22,17,11,6,21,18,23
350277,0,1,13,25,6,19,23,23,0,20,40,21
350277,1,1,11,0,0,17,8,9,8,21,10,5
350277,2,1,8,0,0,0,0,0,0,0,0,25
350277,3,1,0,0,0,0,14,16,10,19,20,0
350278,1,1,20,20,20,20,20,20,20,20,20,20
350279,0,1,31,31,31,31,31,31,31,31,31,31
350279,1,1,0,0,0,0,0,0,0,0,0,0
350280,0,1,37,37,37,37,37,37,37,37,37,37
350280,1,1,0,0,0,0,0,0,0,0,0,0
350281,0,1,19,24,0,24,0,0,0,10,0,0
350281,1,1,0,0,0,0,0,0,0,0,0,0
350282,1,1,21,5,17,23,3,6,14,17,26,18
350283,1,1,0,0,39,0,0,0,0,0,0,0
350283,2,1,2,2,2,2,2,2,2,2,2,2
350284,1,1,34,34,34,34,34,34,34,34,34,34
350285,1,1,12,12,12,12,12,12,12,12,12,12
350286,0,1,16,0,16,0,0,4,0,29,0,21
350286,1,1,0,0,0,0,0,0,0,0,0,0
350287,1,1,14,10,19,19,0,13,13,20,17,8
350288,0,1,0,0,0,0,17,26,0,22,6,21
350288,1,1,0,0,0,0,0,16,0,0,0,0
350289,0,1,35,35,35,35,35,35,35,35,35,35
350289,1,1,0,0,0,0,0,0,0,0,0,5
350290,1,1,0,26,0,0,0,0,9,36,0,0
350291,1,1,0,0,0,0,0,0,16,36,0,30
350291,2,1,0,0,0,0,0,0,0,0,0,0
350292,1,1,0,0,0,0,0,8,0,14,0,23
350292,2,1,0,0,0,15,0,0,0,0,0,0
350293,1,1,0,0,0,0,0,0,0,0,0,0
350293,2,1,0,0,0,0,0,0,0,0,0,0
350294,1,1,13,7,13,7,3,11,8,17,10,10
350295,1,1,0,0,0,0,0,0,0,0,0,0
350296,1,1,0,0,0,6,0,5,0,0,0,17
350297,0,1,0,0,0,0,0,0,0,0,0,0
350297,0,2,0,0,0,0,0,0,14,8,0,0
350297,1,1,0,0,0,0,0,0,0,0,0,0
350298,1,1,0,0,0,0,0,0,0,0,0,0
350298,2,1,0,29,0,0,0,0,0,0,0,0
350299,1,1,16,16,16,16,16,16,16,16,16,16
350300,1,1,0,0,0,0,0,0,0,0,0,0
350301,1,1,0,0,0,0,0,0,0,0,0,16
350301,2,1,0,0,0,0,0,0,0,0,0,0
350302,1,1,0,0,0,5,16,7,11,0,13,16
350303,1,1,12,0,0,0,0,0,0,6,0,0
350304,0,1,0,0,0,0,16,5,0,0,0,0
350304,1,1,0,0,0,0,0,0,0,0,0,0
350305,1,1,7,7,7,7,7,7,7,7,7,7
350305,2,1,0,0,0,0,0,0,0,0,0,0
350306,1,1,0,0,0,0,0,0,0,0,0,0
350306,2,1,0,0,0,20,0,0,0,0,0,13
350307,0,1,0,12,19,0,0,0,0,3,5,0
350307,1,1,0,0,0,0,0,0,0,0,0,0
350308,0,1,0,0,0,0,0,0,0,0,0,0
350308,1,1,0,0,0,0,0,0,0,0,0,0
350309,1,1,13,13,3,18,12,11,0,23,17,27
350309,2,1,16,23,20,22,29,17,6,25,13,17
350310,0,1,21,0,0,0,0,12,41,28,15,2
350310,1,1,0,0,0,0,0,0,0,0,0,0
350311,0,1,18,0,0,0,0,0,0,0,0,0
350311,1,1,0,0,0,0,0,0,0,0,0,0
350311,2,1,0,0,0,0,0,0,5,0,0,0
350312,1,1,0,9,27,12,0,0,0,3,21,0
350313,0,1,0,0,0,0,0,0,0,0,0,0
350313,1,1,0,0,0,0,15,0,0,0,0,0
350314,1,1,0,0,0,0,0,0,0,0,0,0
350314,2,1,1,1,1,1,1,1,1,1,1,1
350315,0,1,0,0,0,0,0,0,0,0,0,0
350315,1,1,0,0,0,0,0,0,0,0,0,0
350316,1,1,0,0,0,0,0,0,0,0,0,0
350316,2,1,0,0,0,0,0,0,0,0,0,0
350317,1,1,0,0,0,0,0,0,0,0,0,0
350317,2,1,0,0,0,0,0,0,0,0,0,0
350318,0,1,20,20,20,20,20,20,20,20,20,20
350318,1,1,1,1,1,1,1,1,1,1,1,1
350319,0,1,0,12,28,32,29,0,0,0,27,20
350319,1,1,0,0,0,0,0,0,0,15,0,15
350320,1,1,0,0,0,5,0,0,0,0,0,0
350320,2,1,0,0,0,0,0,0,0,0,0,0
350321,1,1,0,0,0,0,0,0,0,0,0,0
350321,2,1,0,0,0,0,0,0,0,0,0,0
350322,1,1,0,0,9,11,0,26,9,15,19,0
350323,0,1,23,23,23,23,23,23,23,23,23,23
350323,1,1,0,0,0,0,0,0,0,0,0,2
350324,1,1,0,0,0,0,0,0,0,0,0,0
350324,2,1,0,0,0,0,0,0,0,0,0,0
350325,1,1,26,0,15,0,0,0,0,8,0,0
350325,2,1,0,0,0,0,0,0,0,0,0,0
350326,1,1,0,0,0,0,0,36,0,0,0,0
350326,2,1,0,0,0,0,0,0,0,0,0,0
350327,1,1,0,16,0,0,10,7,10,13,16,14
350328,1,1,14,23,21,21,7,26,24,17,13,0
350329,0,1,0,0,0,0,0,0,0,0,0,0
350329,1,1,12,0,14,14,11,12,16,0,8,13
350330,1,1,6,12,25,19,18,22,0,19,29,0
350330,2,1,0,0,0,0,0,0,0,0,0,0
350330,3,1,0,0,0,0,0,18,0,0,0,0
350330,4,1,0,0,0,0,0,0,3,0,0,0
350330,5,1,0,0,0,0,0,0,0,0,0,0
350331,1,1,0,0,0,0,0,0,9,0,19,0
350331,2,1,8,8,8,8,8,8,8,8,8,8
350331,3,1,0,0,0,0,0,0,0,0,0,0
350331,4,1,0,0,0,0,0,0,0,0,27,0
350332,1,1,0,0,0,0,0,0,0,0,0,0
350333,0,1,0,27,16,8,0,14,0,38,40,29
350333,1,1,0,0,0,0,14,0,0,44,0,0
350334,1,1,0,0,0,0,0,0,0,0,0,0
350334,2,1,0,0,0,0,0,17,0,0,0,0
350335,1,1,30,30,30,30,30,30,30,30,30,30
350335,2,1,0,0,0,0,0,0,0,0,0,0
350336,1,1,4,17,11,0,0,0,0,12,12,0
350337,0,1,10,10,10,10,10,10,10,10,10,10
350337,1,1,10,7,7,10,8,23,6,10,14,17
350338,1,1,2,2,2,2,2,2,2,2,2,2
350339,1,1,31,31,31,31,31,31,31,31,31,31
350339,2,1,0,0,0,0,0,0,0,0,0,0
350340,0,1,25,25,25,25,25,25,25,25,25,25
350340,1,1,8,0,0,0,0,12,16,0,35,0
350341,1,1,0,0,0,0,0,0,0,0,0,0
350341,2,1,0,0,0,20,14,0,0,0,0,7
350341,3,1,0,0,0,0,0,0,28,0,0,0
350342,1,1,0,0,0,0,0,29,0,0,0,0
350342,2,1,0,0,0,0,0,0,0,0,0,0
350342,3,1,0,0,0,0,0,0,0,0,0,0
350342,4,1,0,0,0,0,0,0,0,0,0,0
350342,5,1,0,0,0,0,0,0,0,0,0,0
350342,6,1,0,0,0,0,0,0,0,0,0,0
350342,7,1,0,0,0,0,0,0,0,0,0,0
350342,8,1,0,0,0,0,0,0,0,0,0,0
350342,9,1,0,0,0,0,0,0,0,0,0,0
350342,10,1,0,0,0,0,0,0,0,0,0,0
350342,11,1,0,0,0,0,0,0,0,0,0,0
350342,12,1,0,0,0,0,0,0,0,0,0,0
350342,13,1,0,0,0,0,0,0,0,0,0,0
350342,14,1,0,0,0,0,0,0,0,0,0,0
350342,15,1,0,0,0,0,0,0,0,0,0,0
350342,16,1,0,0,0,0,0,0,12,0,0,0
350342,17,1,0,0,0,0,0,0,0,0,0,0
350342,18,1,0,0,0,0,0,0,0,0,0,0
350342,19,1,0,0,0,0,0,0,0,0,0,0
350342,20,1,0,0,0,0,0,0,0,0,0,0
350342,21,1,0,0,0,0,0,0,0,0,0,0
350342,22,1,0,0,0,0,0,0,0,0,0,0
350342,23,1,0,0,0,0,0,0,0,13,0,0
350342,24,1,0,0,0,0,0,0,0,0,0,0
350342,25,1,0,0,0,0,0,0,0,0,0,0
350342,26,1,0,0,0,0,0,0,0,0,0,0
350342,27,1,0,0,0,0,0,0,0,0,0,0
350343,0,1,37,37,37,37,37,37,37,37,37,37
350343,1,1,0,0,0,0,0,0,0,0,0,0
360001,0,1,0,0,0,0,0,0,0,0,0,0
360001,1,1,0,0,0,10,12,0,0,0,0,0
360002,0,1,24,24,24,24,24,24,24,24,24,24
360002,1,1,0,0,0,0,26,17,16,0,6,0
360003,1,1,13,0,25,0,4,0,0,11,0,0
360003,2,1,31,14,17,4,13,18,5,9,0,21
360004,0,1,0,0,0,0,0,0,0,0,0,0
360004,1,1,0,15,17,0,0,0,0,0,0,0
360005,0,1,0,0,0,0,0,0,0,0,0,0
360005,1,1,0,17,0,0,0,0,16,7,0,0
360006,1,1,7,0,0,8,0,0,20,0,0,12
360007,1,1,0,0,0,0,0,0,0,0,0,0
360007,2,1,0,0,0,0,0,0,0,0,0,0
360008,0,1,0,0,0,0,0,0,0,0,0,0
360008,1,1,0,0,0,0,0,13,0,0,0,0
360008,2,1,0,0,15,0,0,0,0,0,0,0
360009,1,1,0,0,0,0,0,0,0,0,0,0
360010,1,1,24,12,19,16,11,30,28,31,7,19
360010,2,1,0,0,0,0,0,0,0,21,0,0
360010,3,1,7,0,19,22,0,7,0,16,32,20
360011,1,1,15,11,0,8,11,12,23,16,18,7
360012,1,1,0,0,0,0,0,0,0,0,0,0
360013,1,1,0,10,0,39,0,14,0,25,32,0
360013,2,1,17,0,0,0,0,0,0,11,0,18
360013,3,1,27,0,0,0,0,0,0,28,0,0
360014,0,1,0,0,0,0,0,0,0,0,0,0
360014,1,1,0,0,0,0,0,0,0,0,0,0
360014,7,1,6,0,0,0,0,0,0,0,10,0
360015,1,1,0,0,25,0,0,0,0,0,0,0
360015,2,1,0,0,0,0,0,0,0,0,0,0
360016,0,1,16,16,16,16,16,16,16,16,16,16
360016,1,1,0,0,0,0,0,0,0,0,0,0
360017,0,1,0,0,0,0,0,0,0,0,0,0
360017,1,1,0,0,0,0,0,0,0,0,0,0
360018,1,1,0,0,0,0,0,0,0,0,0,0
360019,0,1,20,0,0,0,0,28,0,0,0,0
360019,1,1,0,0,0,0,0,0,0,0,0,0
360020,0,1,0,0,0,0,0,0,0,0,0,0
360020,1,1,0,0,0,0,0,0,0,0,0,0
360021,1,1,0,0,0,0,0,0,0,0,0,0
360022,1,1,12,12,12,12,12,12,12,12,12,12
360023,0,1,0,0,0,0,0,0,0,0,0,0
360023,1,1,0,0,0,0,11,0,0,0,0,0
360024,1,1,30,25,0,0,5,0,3,10,13,0
360024,2,1,0,0,0,0,0,0,0,0,0,0
360025,1,1,6,6,6,6,6,6,6,6,6,6
360025,2,1,0,0,0,0,0,0,0,0,0,0
360026,1,1,0,0,0,0,0,0,0,0,0,0
360027,1,1,0,0,0,0,0,0,0,0,0,0
360027,2,1,0,0,0,0,0,12,0,0,5,0
360028,1,1,1,1,1,1,1,1,1,1,1,1
360029,1,1,0,0,0,0,0,0,0,0,0,0
360029,2,1,0,6,0,0,0,0,0,0,0,0
360030,1,1,22,0,24,17,0,9,0,22,0,0
360031,1,1,8,8,8,8,8,8,8,8,8,8
360032,1,1,19,19,19,19,19,19,19,19,19,19
360033,1,1,16,16,16,16,16,16,16,16,16,16
360034,1,1,0,17,0,0,0,0,0,0,0,0
360034,2,1,14,14,14,14,14,14,14,14,14,14
360035,0,1,0,9,0,0,17,0,0,0,0,0
360035,1,1,0,0,0,0,0,0,0,0,0,0
360036,0,1,0,0,0,0,0,0,0,0,0,0
360036,1,1,0,0,0,0,0,0,0,0,0,0
360037,1,1,0,0,0,0,0,0,0,0,0,0
360038,0,1,18,18,18,18,18,18,18,18,18,18
360038,1,1,0,0,0,14,0,0,0,0,0,0
360039,1,1,0,0,0,0,0,0,0,0,0,0
360040,1,1,0,0,0,15,0,0,0,0,0,0
360040,2,1,0,17,11,3,0,0,10,0,22,0
360041,1,1,0,0,0,0,0,0,0,0,0,0
360041,2,1,0,0,0,0,0,16,0,0,0,20
360042,1,1,0,0,0,0,0,0,0,0,0,0
360043,1,1,0,0,0,14,0,0,0,0,24,0
360043,2,1,0,0,0,0,0,0,0,0,0,0
360044,0,1,0,15,33,6,0,16,0,0,0,0
360044,1,1,0,12,0,0,0,0,0,0,0,0
360045,1,1,0,0,0,0,0,0,0,20,0,0
360045,2,1,0,0,0,0,0,37,0,0,0,0
360046,1,1,22,25,14,30,31,19,22,7,34,19
360046,2,1,0,0,0,0,0,0,0,0,4,0
360048,1,1,0,0,0,0,0,0,0,0,0,0
360048,2,1,0,0,0,0,0,7,0,0,0,0
360049,0,1,0,0,0,0,0,0,0,0,0,0
360049,1,1,0,18,30,15,13,19,9,9,25,15
360050,1,1,0,0,26,0,0,0,11,0,0,0
360050,2,1,0,0,0,0,3,0,0,0,0,0
360051,1,1,11,11,11,11,11,11,11,11,11,11
360052,1,1,0,0,0,0,0,0,0,0,0,0
360053,0,1,0,0,0,0,0,23,0,0,0,0
360053,0,2,18,0,0,0,0,0,0,0,0,0
360053,0,3,0,0,0,0,0,0,0,0,0,0
360053,1,1,0,0,0,0,0,0,0,0,0,0
360054,0,1,0,0,0,0,0,0,0,0,0,0
360054,1,1,0,11,0,0,0,0,0,0,0,29
360055,1,1,0,0,17,18,0,22,0,22,0,0
360055,2,1,0,0,0,0,0,0,0,0,0,0
360056,1,1,0,0,0,0,0,0,0,0,0,0
360057,1,1,0,0,0,0,0,0,0,0,0,0
360057,2,1,0,0,0,0,0,0,0,0,0,0
360058,1,1,0,17,8,27,12,0,0,0,10,0
360059,1,1,19,19,19,19,19,19,19,19,19,19
360060,0,1,43,43,43,43,43,43,43,43,43,43
360060,1,1,0,21,0,0,0,0,0,13,21,0
360060,2,1,0,0,11,0,0,0,0,0,0,0
360061,1,1,0,0,0,0,0,0,0,0,0,0
360061,2,1,0,0,0,0,0,0,0,0,0,0
360061,3,1,0,6,0,0,0,0,0,0,0,17
360062,0,1,0,0,0,0,0,0,0,0,0,0
360062,1,1,29,22,8,0,8,22,25,15,15,18
360063,0,1,15,15,15,15,15,15,15,15,15,15
360063,1,1,0,0,0,0,7,15,0,0,0,0
360064,0,1,0,0,0,0,0,0,0,0,0,0
360064,1,1,0,0,0,0,0,0,0,0,0,0
360065,1,1,2,2,2,2,2,2,2,2,2,2
360066,0,1,0,0,0,0,0,0,0,0,0,0
360066,1,1,21,24,0,0,0,0,0,0,0,0
360067,0,1,17,17,17,17,17,17,17,17,17,17
360067,1,1,13,19,21,19,4,4,7,10,16,5
360068,1,1,0,0,0,0,0,13,0,0,35,12
360069,0,1,0,0,0,0,0,0,0,0,0,0