ST_CASE,VEH_NO,PER_NO,P1,P2,P3,P4,P5,P6,P7,P8,P9,P10
360069,1,1,0,0,9,15,0,0,0,0,0,0
360070,1,1,18,18,18,18,18,18,18,18,18,18
360071,1,1,23,23,23,23,23,23,23,23,23,23
360072,1,1,15,15,15,15,15,15,15,15,15,15
360073,0,1,0,0,0,0,0,0,0,0,0,0
360073,1,1,0,0,0,0,0,13,13,21,0,13
360074,1,1,0,0,0,0,0,0,17,0,0,0
360074,2,1,0,0,0,0,0,0,13,0,0,0
360075,1,1,0,0,0,0,18,0,21,0,0,0
360075,2,1,0,0,0,0,0,0,0,0,0,0
360076,1,1,17,17,17,17,17,17,17,17,17,17
360077,1,1,0,0,8,0,20,19,0,9,17,0
360078,1,1,0,0,0,0,24,0,0,0,0,0
360079,1,1,18,0,0,0,0,0,0,0,0,0
360079,2,1,0,0,0,0,0,0,0,0,0,0
360080,0,1,0,0,0,0,0,0,0,0,0,0
360080,1,1,41,29,16,14,24,23,0,0,21,18
360081,0,1,0,0,0,0,0,0,0,0,0,0
360081,1,1,0,0,24,0,0,7,0,0,0,0
360082,0,1,11,11,11,11,11,11,11,11,11,11
360082,1,1,0,2,7,0,10,12,23,0,0,13
360083,1,1,0,0,0,0,0,0,0,0,0,0
360083,2,1,15,0,0,0,0,0,0,0,0,0
360084,1,1,23,23,23,23,23,23,23,23,23,23
360084,2,1,0,7,8,8,0,0,0,0,3,0
360085,0,1,0,0,14,0,0,0,0,0,0,0
360085,1,1,0,0,0,0,0,0,0,0,0,0
360086,1,1,0,0,0,0,0,0,0,0,0,0
360087,1,1,14,8,18,15,18,18,17,14,31,33
360087,2,1,24,0,0,16,0,18,0,23,22,0
360087,3,1,8,0,12,14,10,0,9,10,0,20
360088,0,1,0,0,0,0,0,0,0,0,0,0
360088,1,1,0,0,0,0,0,0,0,0,21,0
360089,1,1,0,0,0,0,0,0,0,0,0,0
360090,1,1,0,0,0,0,0,0,0,0,0,0
360090,2,1,0,0,0,0,0,0,0,0,0,0
360091,1,1,0,0,0,0,0,0,0,0,0,0
360092,1,1,0,0,0,0,0,0,0,0,0,0
360093,1,1,0,0,0,0,0,0,0,0,0,0
360093,2,1,0,0,0,0,0,0,0,0,0,10
360093,3,1,7,0,0,10,0,8,0,0,0,0
360094,1,1,0,0,0,0,0,0,0,0,0,0
360094,2,1,0,0,0,0,0,0,11,0,0,0
360095,1,1,0,0,26,0,0,0,0,0,0,12
360095,2,1,0,0,17,0,0,37,0,0,0,0
360096,0,1,0,0,0,0,0,0,0,0,0,14
360096,1,1,20,0,0,0,0,0,0,0,0,0
360097,1,1,0,0,0,0,0,0,0,0,0,0
360097,2,1,0,0,10,0,0,0,0,0,0,3
360098,0,1,17,0,0,0,5,0,22,0,24,0
360098,1,1,0,0,0,0,11,0,7,0,0,30
360099,1,1,0,0,0,0,0,0,0,0,0,0
360099,2,1,0,0,0,0,0,0,0,0,0,0
360100,0,1,0,0,0,0,0,0,0,0,0,0
360100,1,1,0,0,5,0,18,0,0,0,24,22
360101,0,1,0,0,0,0,0,0,0,0,29,24
360101,1,1,15,0,0,0,0,0,0,0,0,0
360102,0,1,0,0,0,0,0,0,0,0,0,0
360102,1,1,0,0,0,0,0,0,0,0,0,0
360103,0,1,19,19,19,19,19,19,19,19,19,19
360103,1,1,0,0,0,0,0,0,0,6,0,0
360104,1,1,26,0,0,0,0,0,0,0,0,0
360104,2,1,0,0,0,0,0,0,0,0,0,0
360105,0,1,0,0,0,0,0,0,0,0,0,0
360105,1,1,0,0,15,0,13,43,0,0,0,0
360106,1,1,0,0,0,0,0,0,0,0,0,0
360106,2,1,0,0,0,0,0,0,12,0,0,20
360107,1,1,0,16,0,0,0,19,0,0,0,25
360107,2,1,0,0,0,0,0,0,0,0,0,0
360108,1,1,0,0,0,0,0,0,0,0,0,0
360108,2,1,0,0,0,0,13,0,3,16,0,0
360110,1,1,0,0,0,0,0,0,0,0,0,0
360111,1,1,0,0,0,0,0,0,0,10,0,0
360111,2,1,0,0,0,0,0,0,0,0,0,10
360112,0,1,0,0,0,0,0,0,0,0,0,0
360112,1,1,0,14,0,13,14,31,15,13,0,6
360113,0,1,0,0,0,0,0,0,0,0,0,0
360113,1,1,0,0,0,0,0,0,0,0,0,10
360114,0,1,0,0,0,0,0,0,0,0,0,0
360114,1,1,0,23,0,12,8,0,7,22,17,0
360115,1,1,0,0,0,9,18,0,0,0,27,20
360115,2,1,0,0,13,0,0,0,0,0,28,0
360115,3,1,9,9,9,9,9,9,9,9,9,9
360116,0,1,0,0,0,0,0,0,0,0,0,0
360116,1,1,0,0,0,0,0,0,0,25,0,0
360117,0,1,0,0,0,0,0,0,0,0,0,0
360117,1,1,0,0,0,0,0,16,0,0,0,0
360118,1,1,18,24,21,20,26,15,8,15,12,27
360119,1,1,0,0,0,0,0,0,0,0,18,7
360120,0,1,0,0,0,0,0,0,0,0,0,0
360120,1,1,0,0,0,0,0,0,0,0,0,0
360121,0,1,0,0,0,0,0,0,0,0,0,0
360121,1,1,25,0,0,28,0,0,0,0,0,0
360122,2,1,29,29,29,29,29,29,29,29,29,29
360123,0,1,0,0,0,0,0,0,0,0,0,0
360123,1,1,0,0,0,0,0,0,0,0,0,0
360124,1,1,0,0,0,0,0,0,0,0,0,0
360125,1,1,0,0,0,0,0,0,0,0,0,0
360126,0,1,0,0,0,0,0,0,0,0,0,0
360126,1,1,0,0,0,0,0,0,0,0,0,0
360127,1,1,0,0,0,0,0,0,0,0,0,0
360128,1,1,0,12,0,0,0,0,0,0,0,0
360128,2,1,0,0,0,0,6,0,0,0,0,0
360128,3,1,0,0,0,0,0,0,0,0,0,0
360129,1,1,0,0,0,0,0,0,0,0,0,0
360129,2,1,0,0,0,0,17,0,0,0,0,0
360130,1,1,0,16,0,0,0,0,0,5,13,0
360130,2,1,0,0,0,0,0,0,0,12,0,0
360130,3,1,34,0,0,0,0,13,0,0,0,0
360131,1,1,0,0,0,0,0,0,0,0,0,0
360131,2,1,0,0,0,0,0,0,0,0,0,0
360132,0,1,0,0,0,0,0,0,0,0,0,0
360132,1,1,0,0,20,0,0,0,0,9,0,0
360133,1,1,0,0,0,0,0,0,0,0,0,0
360134,1,1,0,0,0,0,0,0,0,0,0,0
360135,0,1,17,17,17,17,17,17,17,17,17,17
360135,1,1,16,0,22,0,0,17,0,0,0,7
360136,1,1,5,11,11,10,18,10,22,45,29,22
360137,1,1,0,0,0,0,0,0,0,0,0,0
360138,1,1,0,0,0,0,0,0,0,0,0,0
360139,1,1,0,0,0,0,0,0,0,0,0,0
360139,2,1,0,0,0,0,0,0,0,0,0,0
360140,1,1,7,7,7,7,7,7,7,7,7,7
360141,1,1,0,0,0,0,0,0,0,0,0,0
360143,1,1,0,0,0,0,0,0,0,0,0,0
360143,2,1,0,0,0,0,0,0,0,0,22,0
360144,0,1,0,0,0,0,0,0,0,0,0,0
360144,1,1,0,0,0,12,0,0,0,0,12,0
360145,0,1,0,0,0,0,0,0,0,0,0,0
360145,1,1,0,0,0,7,14,11,0,19,14,13
360146,0,1,0,0,0,0,0,0,0,0,0,0
360146,1,1,0,0,0,0,0,0,0,0,0,24
360147,0,1,0,0,0,0,0,0,0,0,0,0
360147,1,1,0,0,0,0,0,0,0,0,0,0
360148,0,1,0,0,0,0,0,0,0,0,0,0
360148,1,1,0,0,0,0,0,6,13,0,8,23
360149,0,1,0,0,0,0,7,0,24,7,0,19
360149,1,1,0,0,22,0,0,0,0,0,0,0
360150,1,1,0,0,20,6,0,0,12,5,7,0
360150,2,1,9,9,9,9,9,9,9,9,9,9
360151,0,1,26,26,26,26,26,26,26,26,26,26
360151,1,1,0,0,10,12,0,0,23,13,22,0
360151,2,1,10,22,0,0,7,11,15,0,9,0
360152,0,1,21,21,21,21,21,21,21,21,21,21
360152,1,1,0,0,0,0,24,0,0,0,7,0
360153,1,1,0,0,0,0,0,0,0,0,0,0
360153,2,1,0,0,0,0,0,0,0,0,0,0
360154,1,1,4,36,0,25,20,0,21,0,22,29
360155,1,1,0,0,0,0,0,0,0,0,0,0
360156,1,1,0,0,0,0,0,0,0,0,0,0
360156,2,1,9,0,0,0,0,0,0,0,0,0
360157,1,1,0,20,0,13,0,0,0,0,9,21
360157,2,1,0,12,18,0,0,8,12,16,0,0
360158,0,1,10,10,10,10,10,10,10,10,10,10
360158,1,1,16,0,18,27,0,10,0,20,0,0
360159,0,1,0,0,0,0,19,0,0,15,0,0
360159,1,1,0,0,0,0,0,0,0,0,0,0
360160,1,1,11,0,0,0,0,0,0,0,0,0
360160,2,1,0,0,0,0,0,0,0,0,0,14
360161,1,1,0,0,0,0,0,0,0,0,0,0
360161,2,1,0,0,0,0,0,9,0,0,0,0
360161,3,1,0,16,0,13,0,0,0,0,0,0
360162,0,1,0,0,0,0,0,0,0,0,0,0
360162,1,1,22,14,16,0,0,13,26,15,19,0
360163,1,1,0,0,0,0,0,0,0,0,0,0
360164,1,1,0,0,0,0,0,0,0,0,0,0
360164,2,1,0,0,0,0,0,0,0,0,0,0
360165,1,1,0,0,0,0,0,0,0,0,0,0
360165,2,1,9,27,35,0,13,0,0,0,0,17
360166,0,1,0,0,0,0,0,0,0,0,0,0
360166,1,1,0,23,12,2,0,0,7,0,0,0
360166,4,1,0,0,0,0,21,21,0,0,28,0
360166,7,1,0,0,0,0,13,0,0,17,0,20
360167,1,1,0,0,0,0,0,0,0,0,0,0
360168,0,1,17,17,17,17,17,17,17,17,17,17
360168,1,1,0,0,0,0,0,0,0,0,13,0
360169,1,1,0,0,0,0,0,0,0,0,0,6
360169,2,1,0,0,0,0,0,0,0,0,0,0
360169,3,1,6,12,26,0,0,30,11,0,7,0
360170,1,1,0,0,0,0,0,0,0,0,0,0
360171,1,1,0,0,0,0,0,0,0,0,0,0
360172,1,1,0,16,10,2,8,14,12,0,9,7
360173,1,1,10,10,10,10,10,10,10,10,10,10
360174,0,1,0,0,0,0,0,0,0,0,0,0
360174,1,1,0,0,0,0,0,14,0,15,0,0
360175,1,1,0,0,0,0,0,0,0,0,0,0
360175,2,1,0,0,0,0,0,6,0,0,0,10
360176,1,1,25,25,25,25,25,25,25,25,25,25
360177,1,1,0,0,0,28,0,9,0,30,0,0
360178,1,1,0,0,0,0,0,0,0,0,0,0
360179,0,1,20,20,20,20,20,20,20,20,20,20
360179,1,1,0,0,0,0,0,0,0,0,0,0
360180,1,1,21,21,21,21,21,21,21,21,21,21
360180,2,1,0,0,0,0,0,0,0,0,0,0
360181,1,1,31,11,3,14,0,0,16,10,0,0
360182,1,1,42,42,42,42,42,42,42,42,42,42
360183,1,1,0,0,0,0,0,0,0,0,0,0
360184,0,1,0,0,0,0,0,0,0,0,0,0
360184,1,1,0,0,0,0,0,0,0,0,0,0
360185,0,1,0,0,0,0,0,0,0,0,0,0
360185,1,1,0,0,0,0,0,32,0,0,24,0
360186,1,1,0,0,0,0,0,0,0,0,0,0
360186,2,1,18,0,0,0,0,0,0,0,0,0
360187,0,1,0,0,0,0,0,0,0,0,0,0
360187,1,1,5,0,0,0,0,0,0,0,0,0
360188,1,1,10,10,10,10,10,10,10,10,10,10
360190,1,1,0,33,0,0,0,0,0,0,0,0
360190,2,1,17,0,0,0,0,0,0,0,0,0
360191,1,1,0,0,0,0,0,0,0,0,0,0
360191,2,1,0,0,0,0,0,17,0,0,0,0
360192,1,1,21,21,21,21,21,21,21,21,21,21
360192,2,1,0,0,0,0,0,0,0,15,0,0
360193,0,1,0,0,0,0,0,0,0,0,0,0
360193,0,2,2,2,2,2,2,2,2,2,2,2
360193,1,1,13,23,13,7,10,19,12,3,6,18
360195,1,1,16,16,16,16,16,16,16,16,16,16
360196,1,1,9,20,8,0,22,10,0,5,27,22
360197,1,1,26,0,0,0,5,0,0,0,0,13
360198,1,1,0,0,0,0,0,0,0,0,0,0
360199,1,1,17,17,17,17,17,17,17,17,17,17
360200,1,1,20,20,20,20,20,20,20,20,20,20
360201,0,1,34,34,34,34,34,34,34,34,34,34
360201,1,1,0,0,9,0,0,0,0,0,15,15
360202,1,1,0,0,0,0,0,0,0,0,0,0
360202,2,1,0,0,0,0,0,0,0,0,0,0
360203,1,1,21,21,21,21,21,21,21,21,21,21
360204,0,1,3,3,3,3,3,3,3,3,3,3
360204,1,1,0,18,20,0,0,0,0,0,0,0
360205,1,1,0,0,0,0,21,0,0,10,0,36
360205,2,1,0,0,0,14,21,0,0,0,0,0
360206,1,1,0,0,0,18,21,0,24,26,15,32
360207,0,1,0,0,0,0,0,0,0,0,0,0
360207,1,1,0,0,0,0,0,0,0,0,0,0
360208,1,1,0,0,0,0,0,0,0,0,0,0
360209,1,1,0,0,0,0,0,0,0,17,0,0
360209,2,1,0,0,0,0,0,0,0,5,12,0
360210,1,1,0,12,17,19,0,0,0,8,0,0
360211,0,1,25,25,25,25,25,25,25,25,25,25
360211,1,1,0,0,0,0,0,0,0,0,0,18
360212,0,1,0,0,0,0,0,0,0,0,0,0
360212,1,1,0,0,0,0,0,0,0,0,0,0
360213,0,1,2,2,2,2,2,2,2,2,2,2
360213,1,1,0,0,0,0,0,0,0,0,0,0
360214,1,1,0,0,0,0,0,0,0,0,0,0
360215,1,1,11,11,11,11,11,11,11,11,11,11
360215,2,1,0,0,0,0,0,0,0,0,0,0
360216,1,1,0,0,0,0,0,0,0,0,0,0
360216,2,1,0,0,0,0,0,22,0,0,0,0
360217,1,1,0,0,0,0,0,0,0,0,0,0
360218,1,1,0,0,34,10,0,0,11,0,0,0
360218,2,1,0,0,0,0,3,0,0,0,0,0
360219,1,1,0,0,0,0,0,0,0,0,0,0
360220,1,1,0,0,0,0,0,0,0,0,0,0
360220,2,1,23,0,0,0,0,0,0,0,12,0
360221,1,1,4,4,4,4,4,4,4,4,4,4
360221,2,1,0,0,0,0,12,0,0,0,0,0
360222,1,1,0,0,0,0,0,0,0,0,0,0
360222,2,1,0,0,0,0,0,0,15,0,18,31
360223,0,1,0,0,0,0,0,0,0,0,0,0
360223,1,1,26,8,11,0,0,10,0,0,17,17
360224,1,1,10,10,10,10,10,10,10,10,10,10
360225,0,1,0,0,0,0,0,0,0,0,0,0
360225,1,1,0,0,0,0,0,0,0,0,0,0
360226,1,1,0,0,0,0,0,0,0,0,0,0
360227,0,1,0,0,0,0,0,0,0,0,0,0
360227,1,1,9,0,0,10,0,0,0,0,14,0
360228,1,1,20,16,31,14,0,9,15,5,16,17
360228,2,1,3,3,3,3,3,3,3,3,3,3
360229,1,1,0,0,0,0,0,0,0,0,0,0
360230,1,1,0,0,0,10,0,0,0,0,18,0
360230,2,1,0,0,0,0,0,0,0,6,19,0
360231,1,1,0,0,0,0,0,0,0,0,16,24
360232,1,1,0,0,0,0,0,0,0,0,0,0
360233,1,1,0,0,0,0,0,0,0,0,0,15
360233,2,1,0,6,0,0,0,0,0,0,0,0
360234,1,1,0,0,0,3,0,0,0,0,0,0
360235,1,1,16,0,0,0,0,0,0,29,0,0
360236,1,1,0,0,0,0,0,0,0,0,0,0
360236,2,1,0,0,0,0,0,0,0,0,0,0
360236,3,1,0,0,0,0,0,0,0,0,0,0
360237,0,1,0,0,0,0,0,0,0,0,0,0
360237,1,1,0,0,0,0,0,0,0,0,0,0
360238,0,1,11,11,11,11,11,11,11,11,11,11
360238,1,1,5,0,0,37,0,0,0,0,11,0
360239,1,1,0,0,0,0,0,0,0,0,0,0
360239,2,1,0,0,0,0,0,0,0,0,0,3
360240,0,1,30,30,30,30,30,30,30,30,30,30
360240,1,1,7,0,0,10,0,0,19,0,4,10
360241,1,1,0,0,0,0,0,0,25,0,0,0
360241,2,1,0,0,0,0,0,0,0,0,0,0
360241,3,1,0,0,0,0,0,0,0,0,0,0
360242,0,1,0,0,0,0,0,0,0,0,0,0
360242,1,1,0,0,0,0,8,0,0,0,0,0
360243,1,1,0,0,0,0,0,0,0,0,0,0
360244,1,1,0,0,0,0,0,0,0,0,0,0
360245,1,1,0,0,0,0,0,0,0,0,0,0
360245,2,1,15,15,15,15,15,15,15,15,15,15
360246,0,1,0,0,0,0,0,0,0,0,0,0
360246,1,1,0,17,0,0,0,0,0,0,0,0
360246,2,1,0,13,0,0,0,0,0,0,0,0
360247,0,1,0,0,0,0,0,0,0,0,0,0
360247,1,1,0,0,23,0,26,0,0,13,16,13
360248,0,1,0,0,0,0,0,0,0,0,0,0
360248,1,1,0,0,0,0,0,3,0,0,0,0
360249,0,1,0,0,0,0,0,0,0,0,0,0
360249,1,1,0,0,0,0,0,0,0,0,0,0
360250,0,1,0,0,0,0,0,0,0,0,0,0
360250,1,1,0,0,0,0,0,0,0,0,23,0
360251,1,1,1,1,1,1,1,1,1,1,1,1
360252,1,1,0,0,0,0,0,0,0,0,0,0
360253,0,1,35,35,35,35,35,35,35,35,35,35
360253,1,1,0,0,0,0,5,14,22,0,13,0
360254,1,1,0,15,21,0,0,0,20,0,0,6
360254,2,1,0,0,0,0,0,0,0,0,0,0
360255,0,1,0,0,0,0,0,0,0,0,0,0
360255,1,1,0,0,0,8,0,0,0,0,0,0
360256,1,1,36,26,45,26,0,0,10,0,0,0
360257,1,1,0,0,0,0,0,0,0,0,0,0
360257,2,1,0,0,0,0,0,0,0,0,0,0
360258,0,1,34,34,34,34,34,34,34,34,34,34
360258,1,1,9,15,0,29,16,15,30,17,10,4
360259,1,1,12,12,12,12,12,12,12,12,12,12
360259,2,1,0,0,0,0,0,0,0,0,0,0
360260,1,1,19,19,19,19,19,19,19,19,19,19
360261,1,1,16,12,0,18,0,0,0,23,0,10
360262,0,1,21,37,0,26,10,30,35,24,8,9
360262,1,1,3,13,28,29,22,16,22,14,23,21
360263,1,1,0,0,22,0,0,0,0,0,7,0
360263,2,1,0,0,14,0,0,0,0,0,0,0
360264,1,1,0,0,0,0,0,0,0,0,0,0
360264,2,1,0,0,0,0,0,0,0,0,0,0
360265,1,1,0,0,0,0,0,0,0,3,0,0
360265,2,1,0,0,0,0,0,0,0,0,0,0
360266,1,1,0,12,0,0,0,0,8,19,0,5
360267,1,1,0,0,0,0,0,0,0,0,0,0
360268,1,1,20,20,20,20,20,20,20,20,20,20
360268,2,1,0,0,0,0,0,0,0,0,0,0
360269,1,1,0,0,22,0,0,0,0,0,0,0
360270,1,1,31,31,31,31,31,31,31,31,31,31
360271,1,1,0,0,0,0,0,0,0,0,0,0
360272,1,1,0,0,0,0,0,0,0,0,0,0
360273,1,1,10,10,10,10,10,10,10,10,10,10
360273,2,1,0,0,0,0,0,0,0,12,0,0
360274,1,1,0,0,0,0,0,0,0,0,0,0
360275,0,1,4,0,0,26,0,9,0,0,13,24
360275,1,1,0,0,0,0,0,0,0,0,0,0
360276,1,1,0,0,0,0,0,0,0,0,0,0
360277,1,1,0,0,0,9,0,0,0,0,0,0
360278,1,1,0,19,21,21,0,22,0,0,0,15
360279,1,1,0,0,0,0,0,0,0,0,0,0
360280,1,1,0,0,0,0,0,0,0,0,0,0
360280,2,1,0,0,0,0,0,0,0,0,0,0
360280,3,1,0,0,0,0,0,0,0,0,0,0
360281,1,1,20,0,0,0,0,0,0,0,0,0
360281,2,1,0,0,0,0,0,0,0,0,0,0
360282,0,1,22,22,22,22,22,22,22,22,22,22
360282,1,1,0,0,0,0,0,0,0,0,12,0
360282,2,1,0,0,0,0,19,0,0,0,0,0
360282,3,1,0,30,0,0,0,0,0,0,0,0
360282,4,1,0,14,0,32,0,0,0,0,0,0
360283,1,1,0,0,0,0,0,0,0,0,0,0
360284,1,1,0,0,0,0,0,0,0,0,0,0
360285,0,1,0,0,0,0,0,0,0,0,0,0
360285,1,1,14,0,0,0,0,19,0,31,0,0
360286,0,1,17,17,17,17,17,17,17,17,17,17
360286,1,1,0,0,14,0,0,0,0,0,0,0
360287,1,1,0,0,0,7,0,0,0,0,0,0
360287,2,1,0,0,0,19,0,0,0,0,0,0
360288,1,1,0,0,47,0,0,5,23,0,26,0
360288,2,1,5,13,0,14,0,0,0,0,9,57
360289,1,1,0,0,0,0,0,0,0,0,0,0
360289,2,1,0,0,0,0,0,0,0,0,0,0
360290,1,1,0,0,0,0,0,0,0,0,0,0
360291,0,1,0,0,0,0,0,0,0,0,0,0
360291,1,1,0,0,0,0,0,29,26,15,0,0
360291,2,1,13,0,6,0,0,0,0,0,0,0
360292,1,1,24,0,0,0,0,15,17,17,0,0
360293,1,1,0,0,0,26,0,0,0,0,13,0
360294,0,1,0,0,0,0,0,0,0,0,0,0
360294,0,2,0,20,0,0,0,0,0,0,0,0
360294,0,3,0,0,0,0,0,0,0,0,0,0
360294,0,4,0,0,0,0,0,0,0,0,0,0
360294,1,1,10,13,0,35,0,0,0,23,0,0
360295,1,1,17,26,28,25,35,29,14,17,21,27
360296,1,1,19,19,19,19,19,19,19,19,19,19
360296,2,1,0,0,0,0,0,0,0,0,0,0
360297,1,1,0,0,0,0,0,0,0,0,0,0
360297,2,1,0,0,0,0,0,0,0,0,0,0
360298,1,1,12,12,12,12,12,12,12,12,12,12
360298,2,1,0,0,21,0,0,0,21,0,6,10
360299,1,1,20,20,20,20,20,20,20,20,20,20
360300,0,1,0,0,0,0,0,0,0,0,0,0
360300,1,1,0,0,26,0,0,0,0,0,0,0
360301,0,1,0,0,0,11,0,7,0,0,17,16
360301,1,1,17,16,4,21,10,13,0,15,15,17
360302,0,1,0,0,0,0,0,0,0,0,0,0
360302,1,1,0,0,0,0,0,0,0,13,0,0
360303,1,1,0,0,0,0,0,0,0,0,0,0
360304,0,1,21,21,21,21,21,21,21,21,21,21
360304,1,1,0,26,0,0,24,0,0,0,0,0
360305,1,1,0,0,0,0,0,0,15,18,0,0
360305,2,1,13,0,20,20,0,0,0,0,17,0
360306,0,1,18,18,18,18,18,18,18,18,18,18
360306,1,1,24,8,0,21,11,0,20,0,11,11
360307,1,1,0,0,0,0,0,0,0,0,0,0
360307,2,1,0,0,0,0,0,0,0,0,0,0
360308,1,1,0,0,0,0,0,0,0,0,0,0
360308,2,1,0,0,0,0,0,0,0,0,0,0
360309,0,1,0,0,0,0,0,0,0,0,0,0
360309,1,1,0,0,0,31,14,0,0,43,0,0
360310,1,1,15,15,15,15,15,15,15,15,15,15
360310,2,1,21,18,35,17,5,5,2,14,21,29
360311,0,1,15,15,15,15,15,15,15,15,15,15
360311,1,1,0,0,0,13,0,0,8,0,34,0
360312,1,1,0,0,0,0,0,0,0,0,0,0
360312,2,1,0,0,12,0,0,11,6,0,0,0
360313,1,1,0,0,10,0,0,0,18,0,0,0
360313,2,1,13,0,9,0,0,0,0,0,0,0
360313,3,1,0,0,0,0,0,0,0,0,24,0
360315,1,1,0,0,0,0,24,24,0,0,0,0
360315,2,1,0,0,0,0,0,0,0,0,0,0
360316,0,1,0,0,0,0,0,0,0,0,0,0
360316,0,2,0,0,0,7,16,0,0,0,0,0
360316,1,1,0,0,0,0,0,0,0,0,0,0
360317,1,1,0,0,0,0,0,0,0,0,0,0
360317,2,1,0,0,0,0,0,0,0,0,23,0
360318,1,1,0,0,0,0,0,0,0,0,0,0
360319,1,1,0,0,0,0,0,0,0,0,0,0
360319,2,1,0,0,0,0,0,0,0,0,0,0
360320,1,1,0,0,0,0,0,0,0,17,0,21
360320,2,1,0,0,0,0,0,0,0,0,0,0
360321,1,1,10,10,10,10,10,10,10,10,10,10
360321,2,1,0,0,12,12,0,13,0,0,24,0
360322,1,1,22,22,22,22,22,22,22,22,22,22
360323,1,1,0,0,0,0,0,0,0,0,0,0
360323,2,1,0,0,0,0,0,0,0,0,0,0
360323,3,1,0,0,0,0,0,0,0,0,0,0
360324,1,1,0,0,0,0,0,0,0,0,0,0
360324,2,1,0,0,0,0,0,0,0,0,0,0
360325,1,1,0,0,0,0,0,0,0,0,0,0
360325,2,1,0,18,0,0,0,0,0,0,0,0
360326,0,1,0,0,0,0,0,0,0,0,0,0
360326,1,1,11,0,0,2,3,0,25,19,0,0
360327,1,1,0,0,0,0,0,0,0,26,0,3
360327,2,1,20,0,6,0,0,0,23,0,0,0
360328,1,1,0,0,0,0,0,0,0,0,0,0
360328,2,1,0,0,0,0,0,0,0,0,0,0
360328,3,1,0,0,0,0,0,0,0,0,0,0
360328,4,1,0,0,0,0,0,0,0,0,0,0
360328,5,1,8,0,0,0,0,0,0,0,0,6
360329,0,1,0,0,0,0,0,0,0,0,0,0
360329,1,1,0,0,0,21,13,0,11,26,7,0
360329,2,1,0,0,0,0,0,0,0,16,0,0
360330,1,1,12,0,0,0,26,0,0,0,0,0
360331,0,1,0,0,0,0,0,0,0,0,0,0
360331,1,1,0,0,0,0,0,0,0,0,0,18
360332,0,1,0,0,0,0,0,0,0,0,0,0
360332,1,1,0,0,0,10,0,0,0,0,0,0
360333,0,1,0,0,0,0,0,0,0,0,0,0
360333,1,1,27,21,28,16,30,30,14,20,5,9
360334,1,1,13,0,0,0,0,21,0,27,0,0
360334,2,1,0,0,0,0,0,25,0,0,25,0
360334,3,1,0,0,0,0,0,0,0,12,19,0
360334,4,1,29,0,0,0,0,0,0,0,0,0
360335,1,1,0,0,0,0,0,0,0,0,0,0
360336,1,1,0,0,0,0,0,0,0,0,0,0
360336,2,1,0,0,0,0,0,0,0,0,0,7
360337,1,1,0,0,0,0,0,0,0,0,0,0
360338,0,1,0,0,0,0,0,0,0,0,0,0
360338,0,2,0,0,0,0,0,0,0,0,0,0
360338,0,3,0,0,0,0,0,0,0,0,0,0
360338,1,1,0,0,0,0,0,0,0,0,0,0
360338,2,1,0,0,0,0,0,0,0,0,0,0
360339,0,1,0,0,0,0,0,0,0,0,0,0
360339,1,1,0,0,0,0,0,0,0,0,0,0
360340,1,1,14,14,14,14,14,14,14,14,14,14
360341,0,1,0,0,0,0,0,0,0,0,0,0
360341,1,1,0,23,0,0,9,0,0,0,0,19
360342,1,1,0,0,0,0,0,0,0,0,0,0
360343,1,1,0,17,20,22,13,12,8,22,17,21
360344,1,1,0,0,0,0,0,0,0,0,0,0
360344,2,1,0,0,0,0,0,0,0,0,0,0
360345,1,1,15,0,6,0,12,15,15,35,20,39
360346,0,1,18,18,18,18,18,18,18,18,18,18
360346,1,1,0,0,0,0,0,0,0,0,0,0
360347,1,1,0,0,0,0,0,0,0,0,0,0
360347,2,1,0,0,4,5,0,0,0,0,0,0
360348,0,1,0,0,0,0,0,0,0,0,0,0
360348,1,1,0,10,13,0,0,0,0,0,0,16
360349,1,1,0,0,0,0,0,0,0,0,0,0
360349,2,1,0,0,0,0,0,0,0,0,0,0
360350,1,1,0,0,0,0,0,0,0,0,0,0
360350,2,1,5,0,0,0,0,0,0,0,0,0
360351,1,1,0,0,0,26,0,0,0,0,0,0
360351,2,1,0,0,0,0,0,0,0,0,0,0
360352,1,1,2,2,2,2,2,2,2,2,2,2
360352,2,1,0,0,0,0,8,22,0,0,0,0
360353,0,1,0,0,0,0,0,0,0,0,0,0
360353,1,1,7,0,0,0,0,0,0,0,0,0
360354,1,1,0,0,0,0,0,0,0,0,0,0
360354,2,1,0,0,0,0,8,5,24,0,0,0
360355,1,1,0,20,13,0,0,0,6,0,0,21
360356,1,1,0,0,0,0,0,4,0,0,0,0
360357,1,1,0,0,13,0,12,9,0,0,0,26
360358,1,1,9,9,9,9,9,9,9,9,9,9
360359,0,1,0,0,0,0,0,0,0,0,0,0
360359,1,1,19,23,12,12,0,22,16,0,0,0
360360,1,1,0,0,0,4,0,0,0,0,0,0
360360,2,1,16,0,13,0,0,0,0,0,0,0
360361,1,1,0,0,0,0,0,0,0,0,0,0
360362,0,1,0,0,0,0,0,0,0,0,0,0
360362,1,1,0,0,0,0,11,0,0,25,0,0
360363,0,1,0,0,0,0,0,0,0,0,0,0