ST_CASE,VEH_NO,PER_NO,P1,P2,P3,P4,P5,P6,P7,P8,P9,P10
360363,1,1,0,0,0,0,15,0,0,0,0,0
360364,1,1,0,0,0,0,0,0,0,0,0,0
360364,2,1,0,0,0,0,0,0,0,0,0,0
360365,1,1,0,0,0,0,0,0,0,0,0,0
360365,2,1,0,0,0,0,0,0,0,0,0,0
360366,1,1,8,8,8,8,8,8,8,8,8,8
360367,0,1,13,13,13,13,13,13,13,13,13,13
360367,1,1,0,0,0,0,18,0,15,0,11,17
360368,1,1,0,0,0,0,0,0,0,0,0,0
360368,2,1,0,0,0,16,0,0,0,0,0,0
360369,1,1,0,0,0,0,0,0,0,0,0,0
360370,1,1,20,20,20,20,20,20,20,20,20,20
360371,1,1,0,0,0,0,0,0,0,0,0,0
360372,1,1,0,0,0,0,0,0,0,0,0,0
360372,2,1,0,0,0,0,0,0,11,0,0,0
360373,1,1,0,0,0,0,0,0,0,0,0,0
360374,1,1,16,16,16,16,16,16,16,16,16,16
360375,1,1,0,0,0,0,0,0,0,0,19,0
360375,2,1,23,16,0,18,4,13,15,15,5,0
360376,1,1,0,13,28,0,16,0,0,23,0,21
360377,1,1,0,0,26,0,0,0,0,0,0,9
360378,1,1,2,19,0,8,0,19,0,15,0,0
360378,2,1,15,0,0,0,22,0,16,0,0,21
360379,0,1,18,18,18,18,18,18,18,18,18,18
360379,1,1,23,0,0,0,0,0,0,0,0,0
360380,1,1,0,0,0,0,0,0,0,0,0,0
360381,1,1,0,9,23,0,0,0,0,0,0,0
360381,2,1,0,0,0,0,0,0,0,0,0,0
360382,1,1,0,4,0,0,0,27,0,8,24,7
360382,2,1,0,0,0,0,0,0,0,0,0,23
360382,3,1,0,18,0,0,0,0,0,27,0,0
360383,0,1,0,0,0,15,0,0,0,0,0,9
360383,1,1,0,16,12,0,13,11,9,24,23,0
360384,1,1,0,0,0,0,0,0,0,0,0,0
360385,1,1,10,10,6,7,0,12,13,15,13,11
360386,0,1,0,24,0,24,19,30,0,26,18,0
360386,1,1,0,0,0,0,0,3,23,2,23,0
360387,1,1,0,0,0,0,0,0,0,0,0,0
360387,2,1,0,0,0,0,0,0,0,0,0,0
360388,0,1,0,0,0,0,0,0,0,0,0,0
360388,1,1,26,31,0,19,0,0,0,0,22,8
360389,1,1,0,0,0,0,0,0,0,0,0,0
360389,2,1,0,0,0,0,0,0,0,0,0,0
360390,1,1,20,20,20,20,20,20,20,20,20,20
360390,2,1,0,0,0,0,0,0,0,0,0,0
360391,1,1,46,0,0,0,0,0,0,0,14,0
360391,2,1,0,0,0,0,0,0,0,0,0,0
360392,1,1,0,0,0,24,0,0,0,0,0,0
360392,2,1,0,0,0,0,4,0,0,0,0,0
360393,1,1,0,0,0,0,0,0,0,0,0,0
360394,1,1,28,8,0,16,0,22,16,0,11,5
360394,2,1,26,0,0,0,0,0,0,17,0,0
360395,0,1,0,0,0,0,0,0,0,0,0,0
360395,1,1,0,0,0,0,0,0,0,0,0,0
360396,1,1,0,0,0,0,0,0,0,0,11,0
360396,2,1,0,0,0,0,0,0,0,0,0,0
360396,3,1,0,0,0,0,0,0,0,0,0,0
360397,1,1,0,0,0,0,0,0,0,0,0,0
360397,2,1,0,0,0,0,0,0,0,0,0,0
360398,1,1,0,0,0,0,0,0,0,0,0,0
360398,2,1,19,0,23,0,25,0,0,13,0,0
360400,1,1,0,0,0,0,0,0,0,0,0,0
360401,0,1,18,18,18,18,18,18,18,18,18,18
360401,1,1,0,0,0,0,0,0,0,0,0,0
360402,1,1,0,0,0,0,0,0,0,0,0,0
360402,2,1,0,0,0,0,0,0,0,0,0,0
360403,1,1,0,0,0,26,0,0,0,0,0,33
360403,2,1,0,0,12,0,0,11,0,0,0,0
360404,1,1,0,0,0,0,0,0,0,0,0,0
360404,2,1,0,0,0,0,0,8,0,0,0,0
360405,1,1,2,2,2,2,2,2,2,2,2,2
360405,2,1,11,9,9,0,26,0,0,18,0,6
360406,1,1,0,0,0,0,0,39,0,0,15,0
360406,2,1,0,0,0,0,0,0,0,0,0,0
360407,1,1,0,0,0,0,0,0,0,12,0,0
360407,2,1,0,0,0,13,10,15,0,8,0,0
360408,0,1,0,0,0,0,0,0,0,0,0,0
360408,1,1,8,22,0,13,0,21,0,17,0,0
360409,0,1,0,0,0,0,0,0,0,0,0,0
360409,1,1,0,0,53,0,0,0,5,20,22,0
360410,1,1,0,0,0,0,0,0,0,0,0,0
360410,2,1,18,16,19,17,23,6,10,4,19,18
360411,1,1,23,23,23,23,23,23,23,23,23,23
360412,1,1,0,0,0,0,0,0,0,0,0,0
360412,2,1,0,0,0,0,0,0,0,0,0,0
360413,0,1,0,0,0,0,0,0,0,0,0,0
360413,1,1,0,24,14,0,0,29,21,15,27,0
360414,1,1,11,0,0,0,0,0,0,0,0,0
360414,2,1,0,0,0,0,0,0,0,0,0,0
360415,1,1,27,26,25,23,15,8,3,9,17,12
360416,1,1,3,3,3,3,3,3,3,3,3,3
360416,2,1,10,0,13,3,10,0,22,10,0,6
360417,1,1,0,0,0,0,0,0,0,0,0,0
360418,0,1,0,0,0,0,0,0,0,0,0,0
360418,1,1,16,0,0,0,0,0,0,0,0,0
360419,1,1,27,9,21,17,21,4,18,23,26,25
360419,2,1,0,0,0,0,0,0,0,0,0,0
360419,3,1,0,0,0,0,0,18,0,0,0,12
360419,4,1,0,0,5,39,0,0,0,0,0,9
360420,0,1,19,0,0,23,0,0,0,0,0,23
360420,1,1,13,0,0,0,0,0,0,0,20,18
360421,0,1,10,10,10,10,10,10,10,10,10,10
360421,1,1,24,15,0,27,16,0,12,24,30,25
360422,1,1,0,0,0,0,0,0,0,0,0,0
360423,0,1,0,0,0,0,0,0,0,0,0,0
360423,1,1,0,0,0,0,0,0,0,0,0,0
360424,0,1,0,0,0,0,0,0,0,0,0,0
360424,1,1,15,0,31,0,13,0,0,0,0,0
360425,0,1,2,2,2,2,2,2,2,2,2,2
360425,1,1,0,0,0,0,0,0,0,0,0,0
360426,1,1,0,0,13,0,14,0,0,0,0,0
360427,0,1,28,28,28,28,28,28,28,28,28,28
360427,1,1,0,0,0,0,0,0,0,16,0,8
360428,1,1,0,0,0,0,0,0,0,0,0,0
360428,2,1,1,1,1,1,1,1,1,1,1,1
360429,0,1,18,18,18,18,18,18,18,18,18,18
360429,1,1,0,0,0,0,0,15,0,0,0,0
360430,0,1,0,0,0,0,0,0,0,0,0,0
360430,1,1,0,0,0,0,0,0,0,0,0,0
360431,1,1,0,0,0,0,0,0,0,0,0,0
360432,1,1,33,33,33,33,33,33,33,33,33,33
360433,1,1,10,10,0,11,0,30,24,14,0,0
360434,1,1,0,0,0,0,0,0,0,0,0,0
360434,2,1,0,0,0,0,0,0,0,0,0,0
360436,0,1,0,0,0,0,0,0,0,0,0,0
360436,1,1,19,0,0,0,17,0,0,0,0,16
360437,0,1,0,0,0,0,0,0,0,0,0,0
360437,1,1,0,0,0,0,0,0,0,0,0,0
360438,0,1,0,0,0,0,0,0,0,0,0,0
360438,1,1,0,0,0,0,0,0,0,0,0,0
360439,0,1,31,31,31,31,31,31,31,31,31,31
360439,1,1,0,28,18,20,0,0,17,0,10,0
360440,1,1,1,1,1,1,1,1,1,1,1,1
360440,2,1,0,4,0,0,0,6,0,0,10,6
360441,1,1,0,0,0,0,0,0,0,0,0,0
360442,1,1,0,0,0,0,0,0,0,0,0,0
360442,2,1,0,0,0,0,25,0,0,0,17,6
360443,1,1,0,0,0,0,0,0,0,0,0,0
360443,2,1,9,0,0,5,8,10,0,0,0,25
360444,1,1,30,21,14,4,20,15,3,23,16,20
360444,2,1,0,0,0,0,0,8,0,0,0,0
360445,0,1,0,12,0,0,0,0,0,0,28,23
360445,0,2,17,0,0,0,0,0,0,0,0,0
360445,0,3,0,0,0,0,0,0,0,0,0,0
360445,0,4,0,0,0,0,0,0,0,0,0,0
360445,1,1,0,0,0,0,0,0,0,0,0,19
360446,0,1,0,0,0,0,0,0,0,0,0,0
360446,1,1,0,0,0,0,0,9,0,0,0,0
360447,0,1,0,0,0,0,0,0,0,0,0,0
360447,1,1,6,0,0,0,7,25,0,0,12,16
360448,1,1,33,33,33,33,33,33,33,33,33,33
360449,0,1,33,33,33,33,33,33,33,33,33,33
360449,1,1,26,16,27,26,17,9,9,0,20,9
360450,0,1,0,0,0,0,0,0,0,0,0,0
360450,1,1,19,0,3,0,0,0,0,0,6,0
360451,0,1,0,0,0,0,0,0,0,0,0,0
360451,1,1,60,6,10,0,13,0,35,20,35,0
360452,1,1,0,0,0,0,0,0,0,0,0,0
360452,2,1,0,0,0,0,0,0,0,0,0,0
360453,0,1,22,22,22,22,22,22,22,22,22,22
360453,1,1,9,0,13,13,0,8,15,16,10,20
360454,2,1,0,0,0,0,0,0,0,0,0,0
360455,1,1,16,16,16,16,16,16,16,16,16,16
360456,0,1,0,0,0,0,0,0,0,0,0,0
360456,1,1,0,26,0,0,0,0,0,0,0,6
360457,0,1,0,0,0,0,0,0,0,0,0,0
360457,1,1,0,0,0,0,0,0,0,0,0,0
360458,1,1,0,0,0,0,0,0,0,0,0,0
360459,1,1,0,0,17,5,0,0,0,0,21,8
360459,2,1,0,0,0,0,0,0,0,0,0,0
360460,1,1,0,0,0,0,0,0,0,0,0,0
360461,0,1,0,0,0,0,0,0,0,0,0,0
360461,1,1,0,0,0,0,0,0,0,0,0,0
360462,1,1,0,0,0,0,0,0,0,0,0,0
360464,1,1,0,0,0,0,0,0,0,0,0,0
360464,2,1,0,0,0,0,0,36,0,0,0,0
360465,1,1,0,0,0,0,0,0,0,0,0,0
360466,1,1,0,0,16,0,0,34,20,2,0,10
360467,1,1,4,4,4,4,4,4,4,4,4,4
360468,1,1,0,0,0,0,0,0,0,0,0,0
360468,2,1,0,0,0,0,0,0,0,0,0,0
360469,1,1,13,13,13,13,13,13,13,13,13,13
360470,0,1,21,21,21,21,21,21,21,21,21,21
360470,1,1,0,0,0,0,0,11,0,0,0,0
360471,0,1,0,0,0,0,0,0,0,0,0,0
360471,1,1,0,28,1,0,0,0,0,0,0,0
360472,1,1,0,0,11,23,0,0,0,0,0,0
360472,2,1,0,0,0,0,0,0,0,0,0,0
360473,0,1,3,3,3,3,3,3,3,3,3,3
360473,1,1,0,35,21,0,29,12,0,7,0,34
360474,1,1,21,21,21,21,21,21,21,21,21,21
360475,1,1,0,4,0,0,0,0,0,0,0,0
360475,2,1,0,0,18,0,0,0,0,0,0,22
360476,1,1,0,0,0,0,0,0,0,0,0,0
360476,2,1,0,0,0,13,0,0,0,0,0,0
360477,1,1,0,0,0,0,0,0,0,0,18,5
360477,2,1,0,0,0,0,0,0,0,0,0,0
360478,1,1,0,0,0,0,0,0,0,0,0,0
360478,2,1,15,0,0,0,0,0,0,0,9,0
360479,1,1,0,0,0,0,0,0,0,0,0,0
360479,2,1,0,0,0,0,0,0,0,0,0,0
360480,1,1,0,0,0,0,0,0,10,0,0,0
360481,1,1,0,0,0,0,0,0,0,0,0,0
360482,0,1,0,0,0,0,0,0,0,0,0,0
360482,1,1,0,0,0,0,0,0,0,0,0,0
360483,1,1,9,0,0,6,0,0,0,0,0,14
360483,2,1,0,0,14,0,0,0,0,6,0,0
360484,1,1,0,13,0,0,0,0,0,0,0,0
360485,1,1,0,0,0,0,0,0,0,0,15,0
360485,2,1,0,0,0,0,0,0,0,0,0,0
360486,1,1,0,0,0,0,0,0,0,0,0,0
360486,2,1,36,0,0,0,14,0,3,0,17,29
360487,1,1,0,0,0,0,0,0,0,0,0,0
360487,2,1,0,0,0,0,0,0,0,0,0,0
360487,3,1,0,0,0,0,0,0,0,0,0,0
360488,0,1,0,0,0,0,0,0,0,0,0,0
360488,1,1,0,0,0,0,0,0,0,0,0,0
360489,1,1,0,0,0,0,0,0,0,0,0,0
360490,1,1,0,0,0,0,0,0,0,0,0,0
360490,2,1,0,0,0,0,0,0,0,0,0,0
360491,0,1,0,0,0,0,0,0,0,0,0,0
360491,1,1,0,0,0,0,0,0,12,0,0,0
360492,0,1,16,16,16,16,16,16,16,16,16,16
360492,1,1,0,0,0,0,0,20,0,0,0,16
360493,1,1,9,9,9,9,9,9,9,9,9,9
360493,3,1,0,0,0,0,0,0,0,0,0,0
360494,0,1,0,0,0,0,0,0,0,0,0,0
360494,1,1,0,0,0,0,0,0,0,0,0,0
360495,1,1,0,0,0,0,0,0,0,0,0,0
360495,2,1,0,0,0,0,0,0,0,0,0,0
360496,1,1,0,0,0,0,0,0,0,0,0,0
360496,2,1,0,0,2,0,0,0,0,0,0,0
360497,1,1,0,0,0,0,0,0,0,0,0,0
360497,2,1,0,0,0,0,12,0,16,31,0,11
360497,3,1,0,0,0,13,0,0,0,11,0,9
360498,1,1,1,1,1,1,1,1,1,1,1,1
360499,1,1,0,12,0,0,0,0,0,0,0,0
360500,0,1,23,23,23,23,23,23,23,23,23,23
360500,1,1,11,0,0,11,0,0,0,0,0,19
360501,0,1,24,0,0,8,0,26,0,0,0,25
360501,1,1,0,0,0,0,0,0,0,0,12,0
360502,1,1,0,0,0,0,0,0,0,0,0,0
360502,5,1,0,0,0,15,0,0,0,12,0,0
360502,6,1,0,42,0,0,0,0,0,0,0,0
360503,0,1,0,0,0,0,0,0,0,0,0,0
360503,1,1,0,0,0,0,0,0,0,0,0,0
360504,1,1,0,0,13,0,0,13,0,10,0,0
360504,2,1,0,0,0,0,0,0,0,0,0,0
360504,3,1,0,16,18,2,0,0,25,0,2,18
360505,0,1,38,38,38,38,38,38,38,38,38,38
360505,1,1,11,0,0,0,0,19,0,0,36,13
360507,1,1,0,0,0,0,0,0,0,0,0,0
360507,2,1,14,20,21,0,9,0,18,0,0,8
360508,1,1,1,1,1,1,1,1,1,1,1,1
360508,2,1,10,10,18,0,11,15,14,0,0,14
360509,0,1,0,0,0,0,0,0,0,0,0,0
360509,1,1,0,0,35,0,11,0,0,0,0,0
360510,1,1,0,0,0,0,0,0,0,9,0,0
360511,0,1,0,0,0,0,0,16,0,0,0,0
360511,1,1,15,0,0,0,0,0,0,0,0,0
360512,1,1,22,22,22,22,22,22,22,22,22,22
360513,1,1,0,0,0,0,0,0,8,0,0,0
360513,2,1,0,0,0,0,0,9,0,0,0,0
360513,3,1,27,0,0,0,0,0,0,0,0,0
360513,4,1,0,0,22,0,0,11,0,0,0,24
360513,5,1,0,18,0,0,0,0,0,13,43,0
360514,1,1,0,0,0,0,0,0,0,0,0,0
360514,2,1,0,0,0,0,0,0,0,0,0,17
360515,1,1,0,0,0,0,0,0,0,0,0,0
360515,2,1,0,0,0,17,0,0,0,0,0,0
360515,3,1,0,0,0,0,0,0,0,0,0,0
360516,0,1,0,0,0,0,0,0,0,0,0,0
360516,1,1,0,0,0,0,0,0,0,0,0,0
360517,1,1,19,19,19,19,19,19,19,19,19,19
360518,1,1,22,30,7,9,0,32,0,0,0,24
360519,1,1,3,3,3,3,3,3,3,3,3,3
360520,1,1,0,0,0,0,0,0,0,0,0,0
360520,2,1,34,0,0,0,0,0,0,0,0,7
360521,0,1,0,0,0,0,0,0,0,0,0,0
360521,1,1,0,0,0,0,0,0,0,0,0,0
360522,1,1,0,0,0,0,0,0,0,0,0,0
360522,2,1,0,0,0,0,0,0,0,0,0,0
360523,1,1,0,0,0,0,0,0,0,0,0,0
360523,2,1,0,0,0,27,31,0,0,0,0,0
360524,1,1,0,0,0,11,0,0,0,0,13,0
360524,2,1,14,0,0,0,0,0,0,0,0,0
360525,1,1,8,0,0,0,7,5,0,14,0,27
360525,2,1,38,15,0,5,0,0,0,0,0,17
360526,0,1,0,0,0,0,0,0,0,0,0,0
360526,1,1,0,21,0,0,0,10,22,0,0,0
360527,1,1,19,19,19,19,19,19,19,19,19,19
360528,1,1,0,0,0,0,0,0,0,0,0,0
360529,1,1,0,12,13,15,33,18,11,0,0,0
360530,1,1,0,11,10,20,0,7,0,0,0,0
360531,1,1,12,0,0,0,0,14,0,0,0,0
360531,2,1,0,0,0,0,0,0,0,0,0,0
360532,1,1,17,6,20,21,7,4,18,23,10,10
360533,1,1,0,0,0,0,0,0,0,0,0,0
360533,2,1,0,0,0,0,0,0,0,0,0,0
360534,1,1,14,14,14,14,14,14,14,14,14,14
360534,2,1,0,0,0,0,0,0,0,0,0,0
360535,0,1,0,0,0,0,0,0,0,0,0,0
360535,1,1,0,0,0,0,0,0,0,0,0,0
360536,0,1,0,7,0,0,15,9,0,0,0,0
360536,1,1,0,0,0,0,0,0,0,0,0,0
360537,1,1,0,0,0,0,0,0,0,0,0,0
360537,2,1,0,0,0,0,0,0,28,0,0,0
360538,1,1,0,0,0,0,0,0,0,0,0,0
360538,2,1,0,0,0,0,0,0,0,33,0,0
360539,1,1,0,0,0,11,0,13,0,9,0,19
360540,1,1,0,0,0,0,0,0,0,0,0,0
360540,2,1,0,0,0,0,0,0,0,0,0,0
360540,3,1,0,0,0,0,0,0,0,0,0,0
360541,1,1,0,0,0,0,0,0,0,0,0,0
360541,2,1,0,0,0,0,0,0,0,0,0,0
360542,1,1,0,0,0,0,0,0,0,0,0,0
360542,2,1,0,0,0,0,0,0,0,0,0,0
360542,3,1,0,0,0,0,0,0,7,11,24,0
360543,1,1,0,0,0,0,0,0,0,0,0,0
360544,1,1,0,0,0,0,0,0,0,0,29,13
360544,2,1,0,0,0,0,0,0,0,0,0,0
360545,0,1,0,0,0,0,0,0,0,0,0,0
360545,1,1,0,0,0,0,0,0,0,0,0,0
360546,0,1,0,0,0,0,0,0,0,0,0,0
360546,1,1,16,0,4,0,0,8,0,0,6,0
360547,1,1,0,0,0,0,0,0,0,0,0,0
360547,2,1,0,0,0,0,0,0,0,0,0,0
360547,3,1,0,0,0,0,0,0,0,0,0,0
360548,1,1,0,0,0,0,0,0,0,0,0,0
360548,2,1,9,0,0,0,0,0,0,0,0,0
360549,0,1,0,0,0,0,0,0,0,0,0,0
360549,1,1,0,0,14,0,18,0,31,0,10,0
360550,1,1,0,0,0,0,0,0,20,0,11,0
360550,2,1,0,0,0,0,0,0,0,0,0,0
360551,1,1,26,26,26,26,26,26,26,26,26,26
360552,0,1,7,7,7,7,7,7,7,7,7,7
360552,1,1,0,0,0,0,0,0,0,0,0,0
360553,1,1,0,7,0,0,0,0,17,0,0,0
360553,2,1,0,0,0,0,0,0,0,0,0,0
360554,1,1,23,0,0,31,0,0,0,6,0,0
360554,2,1,24,24,24,24,24,24,24,24,24,24
360555,0,1,26,26,26,26,26,26,26,26,26,26
360555,1,1,0,0,0,0,0,0,0,0,0,0
360556,1,1,0,0,0,0,0,0,0,0,0,0
360556,2,1,0,0,0,0,0,0,0,0,0,0
360557,1,1,33,0,19,0,0,0,0,21,0,0
360558,0,1,0,0,0,0,0,0,0,0,0,0
360558,1,1,0,0,0,0,0,0,0,0,0,0
360559,0,1,0,0,0,0,0,0,0,0,0,0
360559,1,1,0,17,15,0,0,26,20,19,0,0
360560,0,1,26,26,26,26,26,26,26,26,26,26
360560,1,1,27,12,0,0,0,0,0,0,16,0
360561,0,1,0,0,0,0,0,0,0,0,0,0
360561,1,1,0,28,0,19,0,0,0,0,0,13
360562,0,1,0,0,0,0,0,0,0,0,0,0
360562,1,1,9,0,0,7,0,12,0,20,0,26
360563,1,1,13,13,13,13,13,13,13,13,13,13
360563,2,1,0,0,0,12,0,17,0,0,0,22
360563,3,1,18,11,22,10,0,9,0,9,11,26
360564,1,1,32,32,32,32,32,32,32,32,32,32
360564,2,1,0,0,0,0,0,0,0,0,0,0
360565,1,1,0,29,0,0,0,0,3,11,0,0
360566,1,1,0,19,0,0,0,0,0,5,0,0
360566,2,1,0,0,16,0,0,0,0,0,0,0
360566,3,1,0,0,14,0,0,0,0,0,0,0
360567,1,1,13,13,13,13,13,13,13,13,13,13
360567,2,1,0,0,0,0,0,0,0,0,0,0
360568,1,1,0,0,0,0,0,0,0,0,0,0
360568,2,1,0,0,0,0,0,0,0,0,0,0
360569,1,1,0,0,0,0,0,0,0,0,0,0
360569,2,1,0,0,0,0,0,0,0,11,0,0
360570,1,1,21,21,21,21,21,21,21,21,21,21
360571,1,1,0,0,0,0,0,0,0,0,0,0
360572,1,1,0,0,0,0,0,0,0,0,0,0
360572,2,1,0,0,0,0,0,0,0,0,0,0
360572,3,1,0,0,20,0,0,0,0,16,4,0
360573,1,1,26,26,26,26,26,26,26,26,26,26
360573,2,1,0,0,0,0,0,0,0,0,0,0
360574,0,1,0,0,0,0,0,0,0,0,0,0
360574,1,1,0,0,0,0,11,0,0,0,0,0
360575,0,1,8,8,8,8,8,8,8,8,8,8
360575,1,1,0,0,0,0,0,14,33,18,0,0
360576,0,1,20,20,20,20,20,20,20,20,20,20
360576,1,1,0,0,0,0,0,0,0,19,0,0
360577,1,1,0,0,43,0,0,0,0,0,0,0
360577,2,1,21,4,0,12,0,0,28,29,8,0
360578,0,1,0,0,0,0,0,0,0,0,0,0
360578,1,1,0,0,0,0,0,0,0,0,0,0
360579,1,1,0,0,0,0,0,0,0,0,0,0
360580,1,1,0,0,0,0,0,0,0,0,0,0
360580,2,1,0,11,0,0,0,0,8,0,0,0
360581,1,1,0,0,0,0,0,0,0,0,0,0
360582,1,1,10,0,0,0,17,0,16,18,0,0
360583,0,1,19,0,16,0,23,31,0,0,0,14
360583,1,1,31,31,31,31,31,31,31,31,31,31
360584,1,1,0,0,0,0,0,0,0,0,0,0
360584,2,1,20,20,20,20,20,20,20,20,20,20
360585,1,1,0,0,0,0,0,0,0,0,0,0
360585,2,1,0,0,0,0,0,0,0,0,0,0
360586,0,1,0,0,0,0,0,0,0,0,0,0
360586,0,2,0,0,0,0,0,0,0,0,0,0
360586,0,3,0,0,36,0,40,0,0,0,0,0
360586,0,4,0,0,0,0,0,0,0,16,0,0
360586,0,5,0,0,0,0,0,0,29,0,0,0
360586,1,1,0,0,0,0,0,0,0,0,0,0
360586,2,1,0,0,0,0,0,0,0,0,0,0
360587,1,1,6,0,9,0,25,18,0,16,0,0
360587,2,1,14,0,22,12,0,22,0,7,0,20
360587,3,1,0,0,0,0,0,0,0,0,0,0
360588,1,1,9,9,9,9,9,9,9,9,9,9
360589,0,1,0,0,0,0,0,0,0,0,0,0
360589,1,1,17,17,17,17,17,17,17,17,17,17
360590,0,1,0,0,0,0,0,0,0,0,0,0
360590,1,1,0,8,0,0,0,0,13,20,11,35
360591,1,1,0,0,0,0,0,0,0,0,0,0
360592,1,1,19,0,0,13,30,9,7,0,0,6
360593,1,1,0,0,0,0,0,0,0,0,0,0
360594,1,1,10,10,10,10,10,10,10,10,10,10
360594,2,1,13,0,0,13,0,0,0,0,0,0
360595,1,1,0,0,22,0,0,0,0,0,0,0
360595,2,1,0,0,0,0,0,0,0,0,3,0
360596,0,1,9,9,9,9,9,9,9,9,9,9
360596,1,1,0,0,0,0,0,0,0,0,0,0
360597,0,1,0,0,0,0,0,0,0,0,0,0
360597,1,1,17,0,0,18,0,0,21,0,0,0
360598,1,1,24,0,0,0,0,0,0,0,21,0
360598,2,1,16,16,16,16,16,16,16,16,16,16
360598,3,1,0,0,0,0,0,0,0,0,6,0
360599,1,1,0,0,0,0,0,0,0,0,0,0
360599,2,1,0,0,0,0,19,0,13,0,0,0
360600,1,1,0,0,0,0,0,0,0,0,0,0
360601,0,1,35,0,0,0,0,27,2,0,0,0
360601,1,1,0,0,0,0,0,0,0,0,0,0
360602,1,1,0,0,0,0,0,0,0,0,0,0
360602,2,1,9,0,0,0,0,0,20,0,0,19
360603,0,1,7,13,16,11,30,8,13,17,17,39
360603,1,1,0,19,0,0,19,10,0,20,0,0
360604,1,1,0,0,0,0,0,0,0,0,0,0
360604,2,1,0,0,0,0,0,0,0,0,0,0
360605,0,1,0,0,0,0,0,0,0,0,0,0
360605,1,1,11,18,13,20,27,20,16,10,23,6
360606,0,1,0,0,0,0,0,0,0,0,0,0
360606,1,1,0,0,0,0,0,0,0,0,0,0
360607,0,1,0,0,0,0,0,0,0,0,0,0
360607,1,1,0,0,0,0,0,0,0,0,0,0
360608,0,1,0,29,0,0,0,0,0,35,31,0
360608,1,1,0,0,0,8,0,0,0,0,23,0
360609,1,1,0,0,0,0,0,0,0,0,0,0
360611,1,1,0,0,0,0,0,0,0,0,0,0
360611,2,1,0,0,0,0,0,0,7,0,0,0
360613,0,1,0,0,15,0,0,10,14,0,0,0
360613,1,1,0,0,16,0,31,8,34,0,0,0
360614,1,1,0,0,0,0,0,0,0,0,0,0
360614,2,1,0,0,0,0,0,0,0,0,0,0
360614,3,1,0,11,0,0,0,0,0,0,0,0
360615,1,1,0,0,0,0,0,0,0,0,0,0
360615,2,1,0,0,0,0,0,0,0,0,0,0
360616,0,1,0,0,0,0,0,0,0,0,0,0
360616,1,1,0,0,0,0,0,0,0,0,0,0
360617,1,1,1,1,1,1,1,1,1,1,1,1
360617,2,1,19,0,0,0,0,7,10,0,4,7
360618,0,1,0,0,0,0,0,0,0,0,0,0
360618,1,1,27,0,0,0,0,0,0,0,0,0
360619,1,1,0,0,0,0,0,0,0,0,0,0
360619,2,1,0,0,0,0,0,0,0,0,0,0
360620,1,1,24,24,24,24,24,24,24,24,24,24
360621,1,1,0,0,0,0,0,0,0,16,0,0
360622,1,1,0,0,0,0,0,0,0,0,0,0
360623,1,1,0,0,0,0,0,0,0,0,0,0
360623,2,1,0,0,0,0,0,0,0,0,0,0
360624,1,1,0,0,0,0,16,0,0,0,0,0
360624,2,1,0,0,0,0,0,0,0,9,0,0
360625,0,1,0,0,0,0,0,0,0,0,0,0
360625,1,1,0,0,0,0,0,0,0,0,0,0
360626,1,1,20,16,13,11,7,12,14,26,17,36
360627,1,1,17,0,0,10,19,0,0,15,0,27
360628,1,1,0,0,0,14,0,0,0,0,0,0
360628,2,1,0,0,0,0,0,0,0,0,0,0
360629,0,1,0,0,0,0,0,0,0,0,0,0
360629,1,1,0,0,19,0,0,0,14,0,13,0
360630,1,1,11,0,20,11,0,17,0,18,0,34
360631,1,1,0,0,0,0,0,0,0,0,0,0
360631,2,1,0,0,0,0,0,0,0,0,0,0
360631,3,1,0,0,0,0,0,7,0,0,0,0
360632,1,1,0,0,9,0,0,0,0,0,0,0
360632,2,1,0,0,0,4,0,0,0,0,0,0
360632,3,1,0,0,0,0,0,0,0,0,0,0
360632,4,1,0,0,0,16,0,18,0,0,0,18
360633,1,1,0,0,0,0,0,0,0,0,0,0
360633,2,1,0,0,0,0,0,0,0,0,0,0
360634,0,1,23,23,23,23,23,23,23,23,23,23
360634,1,1,0,0,0,12,0,11,20,0,0,0
360636,1,1,0,11,0,0,0,0,0,0,0,0
360636,2,1,0,0,0,0,0,0,0,0,0,0
360636,3,1,0,0,0,0,17,0,0,0,0,0
360637,1,1,0,0,0,0,0,0,0,0,0,0
360637,2,1,0,0,0,0,0,0,0,0,0,0
360638,0,1,0,0,0,0,0,0,0,0,0,0
360638,1,1,0,0,0,20,0,0,0,24,0,0
360640,1,1,0,18,0,0,0,0,0,0,0,0
360640,2,1,0,0,0,0,0,0,0,0,0,0
360641,1,1,0,0,0,0,0,0,0,0,0,0
360641,2,1,0,0,0,0,0,0,0,0,0,0
360642,0,1,0,0,0,0,0,0,0,0,0,0
360642,1,1,0,0,14,0,0,0,0,0,0,0
360643,0,1,0,0,0,0,0,0,0,0,0,0
360643,1,1,0,0,20,0,6,0,0,0,10,0
360644,1,1,11,11,11,11,11,11,11,11,11,11
360644,2,1,0,10,0,0,0,0,0,9,20,0
360645,1,1,0,0,0,0,0,0,0,0,0,0
360645,2,1,0,0,0,0,0,0,27,0,0,0
360646,1,1,20,20,20,20,20,20,20,20,20,20
360647,1,1,15,31,21,10,25,22,21,17,0,13
360647,2,1,4,0,15,11,12,0,0,14,8,0
360648,0,1,0,0,0,0,0,0,0,0,0,0