ST_CASE,VEH_NO,PER_NO,P1,P2,P3,P4,P5,P6,P7,P8,P9,P10
370898,1,1,0,0,0,0,0,0,0,0,0,0
370898,2,1,0,0,0,0,0,0,0,0,0,0
370899,1,1,0,0,0,0,0,0,0,0,0,0
370900,1,1,1,1,1,1,1,1,1,1,1,1
370900,2,1,11,11,11,11,11,11,11,11,11,11
370901,1,1,0,0,0,0,0,0,0,0,0,0
370901,2,1,7,0,0,0,0,0,0,0,0,0
370902,1,1,5,5,5,5,5,5,5,5,5,5
370902,2,1,0,0,0,0,0,0,0,0,0,0
370903,0,1,9,9,9,9,9,9,9,9,9,9
370903,1,1,0,6,0,0,0,0,0,0,0,0
370904,1,1,0,0,0,0,0,0,0,0,0,0
370905,1,1,22,19,0,0,0,0,0,0,0,0
370905,2,1,0,0,0,0,0,0,0,0,0,0
370906,1,1,0,0,0,0,0,0,0,0,0,0
370906,2,1,0,0,0,0,0,0,0,0,0,0
370907,0,1,0,0,0,0,0,0,0,0,0,0
370907,1,1,0,0,0,0,0,0,0,0,0,0
370908,1,1,0,0,0,0,0,0,0,0,0,0
370908,2,1,0,0,0,0,0,0,0,0,0,0
370909,1,1,0,0,0,0,0,0,0,0,0,0
370909,2,1,0,0,0,0,0,0,0,0,0,0
370910,1,1,0,0,0,0,0,0,0,0,0,0
370911,1,1,0,0,0,0,0,0,9,0,0,10
370912,1,1,0,0,0,0,0,0,0,0,0,0
370913,1,1,16,16,16,16,16,16,16,16,16,16
370914,1,1,11,11,11,11,11,11,11,11,11,11
370915,1,1,0,0,0,0,0,0,0,0,0,0
370915,2,1,0,0,0,0,0,0,0,0,0,0
370915,3,1,0,0,0,0,0,0,0,0,0,0
370916,1,1,3,9,30,24,14,14,7,12,14,25
370917,1,1,0,0,0,0,0,0,0,0,0,0
370917,2,1,0,0,3,0,0,0,0,0,0,0
370918,1,1,0,0,0,0,0,0,0,0,0,0
370918,2,1,0,0,0,0,0,0,0,0,0,0
370919,1,1,0,0,0,0,0,0,0,0,0,0
370919,2,1,0,0,0,0,0,0,0,0,0,0
370920,0,1,21,21,21,21,21,21,21,21,21,21
370920,1,1,0,0,20,0,0,0,0,0,0,0
370921,1,1,0,0,0,0,0,0,0,0,0,0
370921,2,1,0,0,0,0,0,0,0,0,0,0
370922,1,1,24,24,24,24,24,24,24,24,24,24
370923,0,1,8,8,8,8,8,8,8,8,8,8
370923,1,1,0,4,0,0,0,0,0,0,0,0
370924,0,1,20,20,20,20,20,20,20,20,20,20
370924,1,1,5,5,5,5,5,5,5,5,5,5
370925,1,1,0,0,0,0,0,0,0,0,0,0
370925,2,1,0,0,0,0,0,0,0,0,0,0
370925,3,1,0,0,0,0,0,0,9,0,0,0
370926,1,1,0,0,0,0,0,0,0,0,0,0
370927,1,1,0,0,0,0,0,0,0,0,0,0
370927,2,1,0,0,0,0,0,0,0,0,0,0
370928,1,1,0,0,0,0,0,0,0,0,0,0
370928,2,1,0,0,0,0,0,0,0,0,0,0
370929,1,1,18,18,18,18,18,18,18,18,18,18
370930,1,1,0,0,9,0,0,0,0,22,0,0
370930,2,1,0,0,0,0,0,0,0,0,0,0
370930,3,1,0,0,0,0,0,0,3,0,0,0
370930,4,1,0,0,0,0,0,0,0,0,0,0
370930,5,1,0,0,0,0,0,0,0,0,0,36
370931,1,1,0,0,0,0,0,0,0,0,0,0
370931,2,1,0,0,0,0,0,0,0,0,0,0
370932,0,1,25,0,0,12,19,30,48,18,0,10
370932,1,1,0,0,13,0,0,0,0,0,0,0
370933,1,1,0,0,0,0,0,0,0,0,0,0
370933,2,1,0,0,0,0,0,0,0,0,0,0
370934,1,1,15,15,15,15,15,15,15,15,15,15
370935,1,1,0,0,0,0,0,0,0,0,0,0
370936,1,1,0,0,0,0,0,0,0,23,0,0
370937,0,1,6,16,12,23,19,11,11,22,12,7
370937,1,1,0,7,0,0,0,0,0,0,0,0
370938,1,1,12,16,0,17,0,0,0,17,25,30
370939,1,1,0,0,0,0,0,0,0,0,0,13
370940,1,1,0,12,15,34,20,14,26,21,2,30
370940,2,1,0,0,0,0,0,0,0,0,0,0
370941,1,1,0,0,0,0,0,0,0,0,0,0
370942,1,1,8,8,8,8,8,8,8,8,8,8
370942,2,1,0,0,0,0,0,0,0,0,0,0
370943,1,1,30,30,30,30,30,30,30,30,30,30
370944,1,1,0,0,0,0,0,0,0,0,0,0
370945,0,1,0,0,0,0,0,0,0,0,0,0
370945,1,1,0,0,0,0,0,0,0,0,0,0
370946,1,1,21,21,21,21,21,21,21,21,21,21
370947,1,1,0,0,0,0,0,0,0,0,0,0
370948,0,1,0,0,0,6,0,0,27,0,0,0
370948,1,1,0,0,0,0,0,0,0,0,26,0
370949,1,1,0,0,0,0,0,0,0,0,0,0
370949,2,1,0,0,0,0,0,0,0,0,0,0
370950,0,1,0,0,0,0,0,0,0,0,0,0
370950,1,1,0,0,0,8,0,0,40,0,0,0
370951,1,1,0,0,0,0,0,0,0,0,0,0
370951,2,1,0,0,0,0,0,0,0,0,0,0
370952,1,1,0,21,0,0,0,0,0,0,0,0
370953,1,1,0,0,0,0,0,0,0,13,0,0
370953,2,1,0,0,0,0,0,0,0,0,0,0
370954,1,1,0,0,0,0,0,0,0,0,0,0
370954,2,1,0,0,0,0,0,0,0,15,0,0
370955,1,1,0,0,0,0,0,0,0,0,0,0
370955,2,1,0,0,0,0,0,0,0,0,0,0
370956,1,1,25,25,25,25,25,25,25,25,25,25
370957,1,1,0,0,0,0,0,0,0,0,0,0
370958,1,1,20,18,9,21,22,5,16,0,24,31
370958,2,1,0,0,0,0,0,0,0,0,0,0
370958,4,1,0,0,0,0,0,0,0,0,39,0
370959,1,1,0,0,0,0,0,0,0,0,0,0
370959,2,1,0,0,0,0,0,0,0,0,0,0
370960,1,1,0,0,0,0,0,0,0,0,0,0
370960,2,1,0,0,0,0,0,0,0,0,0,0
370961,0,1,0,0,0,0,0,0,0,0,0,0
370961,1,1,15,15,15,15,15,15,15,15,15,15
370962,1,1,0,0,0,0,0,0,0,0,0,0
370962,2,1,0,0,0,0,0,0,0,0,0,0
370963,1,1,26,26,26,26,26,26,26,26,26,26
370963,2,1,0,0,0,0,0,0,0,13,0,0
370964,1,1,21,19,14,9,0,26,0,23,16,0
370965,1,1,23,0,35,0,0,14,19,0,0,14
370966,1,1,0,0,0,0,0,0,0,0,0,0
370966,2,1,0,0,0,0,0,0,0,0,0,0
370967,0,1,17,17,17,17,17,17,17,17,17,17
370967,1,1,0,0,0,0,0,0,14,0,0,0
370968,1,1,0,0,0,0,0,0,0,0,0,0
370968,2,1,0,0,0,0,0,0,0,0,0,0
370969,1,1,0,0,0,0,0,0,0,0,0,0
370969,2,1,0,0,0,0,0,0,0,0,0,0
370970,1,1,0,0,0,0,0,0,0,0,0,0
370970,2,1,0,0,0,0,0,0,0,0,0,0
370971,0,1,0,0,0,0,0,0,0,0,0,0
370971,1,1,30,0,0,0,0,0,0,0,0,0
370972,1,1,17,17,17,17,17,17,17,17,17,17
370973,1,1,0,0,0,0,0,0,0,31,0,0
370973,2,1,0,0,0,0,0,0,0,0,0,0
370974,1,1,0,0,0,0,0,0,0,0,0,0
370974,2,1,0,0,0,0,0,0,0,0,0,0
370975,1,1,11,4,22,2,8,13,9,13,17,15
370975,2,1,0,0,19,0,0,0,0,0,13,11
370976,1,1,0,0,0,0,0,0,0,0,0,0
370976,2,1,0,0,0,0,13,0,0,0,0,0
370977,1,1,0,0,0,0,0,0,0,0,0,0
370978,0,1,0,0,0,0,0,0,0,0,0,0
370978,1,1,0,0,0,0,0,0,0,0,0,0
370979,1,1,0,0,0,0,0,0,0,0,0,0
370980,0,1,0,0,0,0,0,0,0,0,0,0
370980,1,1,0,0,0,0,0,0,0,9,0,0
370981,1,1,18,18,18,18,18,18,18,18,18,18
370981,2,1,0,18,0,0,0,0,0,0,0,0
370982,1,1,0,0,0,0,0,0,0,0,0,0
370983,1,1,0,0,0,0,0,0,0,0,0,0
370984,1,1,0,0,0,0,0,0,0,0,0,0
370984,2,1,0,0,0,0,0,0,0,0,0,0
370985,1,1,9,9,9,9,9,9,9,9,9,9
370986,1,1,16,16,16,16,16,16,16,16,16,16
370987,1,1,0,0,0,0,0,0,0,0,0,0
370987,2,1,0,0,0,0,0,0,0,0,0,0
370988,1,1,0,0,0,0,0,0,0,0,0,0
370988,2,1,0,0,0,0,0,0,0,0,0,0
370988,3,1,0,15,5,0,0,0,0,0,0,0
370989,1,1,0,0,0,0,0,0,0,0,0,0
370989,2,1,0,0,0,0,0,0,0,0,0,0
370989,3,1,0,0,31,0,0,0,0,0,0,0
370990,1,1,0,0,0,0,0,0,0,0,0,0
370991,1,1,0,0,0,0,0,0,0,0,0,0
370991,2,1,0,0,0,0,17,0,0,5,0,0
370991,3,1,0,17,0,0,10,9,8,2,0,3
370992,0,1,23,23,23,23,23,23,23,23,23,23
370992,1,1,0,0,0,0,0,0,0,12,0,0
370993,0,1,25,25,25,25,25,25,25,25,25,25
370993,1,1,21,7,0,3,6,20,27,24,21,0
370994,1,1,0,0,0,0,0,0,0,0,0,0
370995,1,1,14,14,14,14,14,14,14,14,14,14
370996,1,1,0,0,27,0,0,0,0,0,0,0
370996,2,1,0,0,0,0,0,0,0,0,0,0
370997,1,1,0,0,0,0,0,0,0,0,0,0
370998,1,1,27,27,27,27,27,27,27,27,27,27
370999,0,1,0,0,0,0,0,0,0,0,0,0
370999,1,1,0,0,0,0,0,0,0,0,16,0
371000,1,1,5,5,5,5,5,5,5,5,5,5
371001,1,1,0,0,0,13,0,0,0,0,0,0
371002,1,1,10,57,18,12,31,7,27,32,17,42
371003,1,1,0,0,0,0,0,0,0,0,0,0
371003,2,1,0,0,0,0,0,0,0,0,0,9
371004,0,1,0,0,0,0,0,0,0,0,0,0
371004,1,1,0,0,0,0,0,0,0,0,0,0
371005,1,1,21,21,21,21,21,21,21,21,21,21
371006,1,1,18,18,18,18,18,18,18,18,18,18
371007,0,1,14,28,18,10,11,9,0,0,0,0
371007,1,1,0,0,16,0,0,0,0,0,0,0
371007,2,1,12,25,18,21,35,17,7,14,33,15
371008,1,1,0,0,0,0,0,0,0,0,0,0
371008,2,1,0,16,0,0,0,0,0,0,0,15
371009,1,1,0,0,0,0,0,0,0,0,0,0
371010,0,1,0,0,22,9,0,0,0,0,0,0
371010,1,1,0,0,0,0,0,0,0,0,0,0
371011,0,1,0,0,0,0,0,0,0,0,0,0
371011,1,1,0,0,0,0,0,0,0,0,0,0
371012,1,1,0,0,0,0,0,0,0,0,0,0
371012,2,1,0,0,0,0,0,0,0,0,0,0
371012,3,1,0,0,0,0,13,0,0,0,0,0
371013,1,1,17,17,17,17,17,17,17,17,17,17
371013,2,1,0,0,0,0,19,0,0,0,0,0
371014,1,1,24,24,24,24,24,24,24,24,24,24
371015,1,1,0,0,0,0,0,0,0,0,0,0
371015,2,1,0,0,0,0,0,0,0,0,0,0
371016,1,1,0,0,0,0,0,0,0,0,0,0
371017,1,1,15,10,21,25,1,12,16,40,12,10
371017,2,1,0,0,0,0,0,0,0,0,0,0
371018,1,1,0,0,0,0,0,0,0,0,0,0
371019,1,1,21,21,21,21,21,21,21,21,21,21
371020,1,1,12,0,9,0,23,0,0,0,0,0
371020,2,1,0,0,0,0,0,0,0,0,0,0
371021,1,1,0,0,0,0,0,0,0,0,0,0
371021,2,1,0,0,0,0,0,0,0,0,0,0
371022,1,1,0,0,0,30,0,0,0,0,0,0
371023,1,1,20,20,20,20,20,20,20,20,20,20
371024,1,1,0,0,0,0,0,0,0,0,0,0
371024,2,1,31,31,31,31,31,31,31,31,31,31
371025,1,1,0,0,0,0,0,0,0,0,0,0
371025,2,1,0,0,10,0,0,0,0,0,0,0
371025,3,1,0,0,0,0,0,0,0,0,0,0
371026,1,1,0,0,0,0,0,0,0,0,0,0
371027,1,1,8,8,8,8,8,8,8,8,8,8
371028,1,1,0,0,0,0,0,17,0,0,0,0
371028,2,1,0,0,15,0,0,0,4,0,0,2
371029,1,1,0,0,0,0,0,0,0,0,0,0
371030,1,1,0,0,0,0,0,0,0,0,0,0
371030,2,1,0,0,0,0,0,0,0,0,0,0
371031,1,1,16,16,16,16,16,16,16,16,16,16
371032,1,1,0,0,0,0,0,0,0,0,0,0
371033,0,1,31,31,31,31,31,31,31,31,31,31
371033,1,1,0,0,0,0,0,14,0,0,0,0
371034,0,1,0,0,0,0,0,0,0,0,0,0
371034,1,1,0,0,0,0,0,0,0,0,0,0
371035,0,1,0,0,0,0,0,0,0,0,0,16
371035,1,1,0,0,18,0,0,0,0,0,11,0
371036,1,1,0,0,0,0,0,0,0,0,0,0
371036,2,1,0,0,0,0,0,0,0,0,0,0
371037,0,1,9,9,9,9,9,9,9,9,9,9
371037,1,1,0,0,0,0,0,0,0,15,0,12
371038,1,1,21,21,21,21,21,21,21,21,21,21
371039,0,1,0,0,0,0,0,0,0,0,0,0
371039,1,1,7,17,13,10,14,22,20,23,18,23
371039,2,1,0,0,0,10,26,0,0,20,0,15
371039,3,1,0,0,0,0,0,0,0,0,0,0
371040,0,1,0,0,0,0,25,0,26,27,0,18
371040,1,1,0,0,0,0,0,16,0,19,0,13
371041,1,1,17,17,17,17,17,17,17,17,17,17
371042,1,1,0,0,0,0,25,7,18,0,0,0
371042,2,1,0,0,0,0,0,0,0,0,0,0
371043,0,1,18,18,18,18,18,18,18,18,18,18
371043,1,1,16,10,0,0,0,0,0,0,0,0
371044,1,1,0,0,0,0,0,0,0,0,0,0
371045,1,1,0,0,0,0,0,0,0,0,0,0
371045,2,1,0,0,0,0,0,0,0,0,0,0
371046,1,1,0,0,0,0,0,0,0,0,0,0
371047,1,1,0,0,0,0,0,0,0,0,0,0
371048,1,1,13,13,13,13,13,13,13,13,13,13
371049,1,1,0,0,0,0,0,0,0,0,0,0
371049,2,1,0,0,0,0,0,15,0,0,0,0
371050,1,1,0,0,0,0,0,0,0,0,0,0
371051,1,1,0,0,0,0,0,0,0,0,0,0
371052,1,1,0,0,0,0,0,0,0,0,0,0
371053,0,1,14,14,14,14,14,14,14,14,14,14
371053,1,1,0,0,0,0,0,0,0,0,0,0
371054,1,1,0,0,0,0,0,0,0,0,0,0
371054,2,1,12,12,25,20,12,12,5,15,20,0
371055,1,1,0,0,0,0,0,0,0,27,0,0
371056,1,1,19,19,19,19,19,19,19,19,19,19
371057,1,1,0,0,0,0,0,0,0,0,0,0
371057,2,1,0,0,0,0,0,0,0,0,0,0
371058,1,1,0,0,0,0,0,0,0,0,0,0
371059,1,1,0,0,0,0,0,0,0,0,19,0
371059,2,1,0,0,0,0,0,0,0,0,0,0
371060,1,1,13,13,13,13,13,13,13,13,13,13
371061,0,1,0,0,0,0,0,0,23,0,0,0
371061,1,1,0,0,0,0,0,0,0,0,7,0
371062,1,1,0,0,0,0,0,0,0,0,0,0
371063,1,1,0,0,0,0,0,0,0,0,0,0
371063,2,1,0,0,0,0,0,0,0,0,0,0
371064,1,1,9,0,0,0,0,0,0,0,0,0
371064,2,1,0,0,0,0,0,0,0,0,0,0
371065,1,1,0,0,0,0,0,0,0,0,0,0
371065,2,1,0,0,0,0,0,0,0,0,0,0
371066,1,1,0,0,0,0,0,0,0,0,0,0
371067,1,1,26,26,26,26,26,26,26,26,26,26
371068,1,1,11,11,11,11,11,11,11,11,11,11
371068,2,1,0,0,0,0,0,0,0,0,0,0
371069,1,1,0,0,0,0,0,0,0,0,0,0
371069,2,1,0,0,0,0,0,0,0,0,0,0
371070,0,1,49,26,30,0,33,22,23,28,15,22
371070,1,1,0,0,0,0,0,0,0,0,0,0
371071,1,1,22,22,22,22,22,22,22,22,22,22
371072,0,1,0,0,0,0,0,0,0,0,0,0
371072,1,1,0,0,0,0,0,0,0,0,0,0
371073,1,1,0,0,0,0,0,0,0,0,0,0
371074,0,1,0,0,0,0,0,0,0,0,0,0
371074,1,1,0,0,26,0,0,0,0,0,0,27
371075,1,1,0,0,0,0,0,0,0,10,0,0
371075,2,1,0,0,0,0,0,0,0,0,0,0
371075,3,1,0,0,0,0,0,22,0,0,0,0
371076,1,1,15,15,15,15,15,15,15,15,15,15
371077,1,1,0,0,0,0,0,0,0,0,0,0
371077,2,1,0,0,0,0,0,0,0,0,0,0
371078,0,1,0,0,0,0,0,0,0,0,0,0
371078,0,2,0,0,0,0,0,0,0,0,0,0
371078,0,3,0,0,0,15,0,0,0,0,0,0
371078,1,1,0,0,0,0,0,0,0,0,0,0
371078,2,1,0,0,0,0,0,0,0,0,0,0
371079,0,1,0,0,0,13,13,0,16,0,0,0
371079,1,1,0,0,11,0,20,0,12,0,0,38
371080,1,1,20,20,20,20,20,20,20,20,20,20
371081,1,1,34,0,0,0,0,0,0,0,0,0
371082,0,1,15,15,15,15,15,15,15,15,15,15
371082,1,1,0,24,25,27,0,31,6,14,20,30
371083,1,1,0,0,0,0,0,0,0,0,0,0
371083,2,1,0,0,0,0,0,0,0,0,0,0
371084,1,1,0,0,0,0,0,0,0,0,0,0
371084,2,1,0,0,0,0,0,0,0,0,0,0
371085,1,1,0,0,0,0,0,0,0,0,0,0
371086,0,1,33,33,33,33,33,33,33,33,33,33
371086,1,1,0,0,0,0,0,0,0,0,0,0
371087,1,1,0,11,0,0,0,0,0,0,15,0
371088,1,1,0,0,0,0,0,0,0,0,0,0
371089,1,1,1,1,1,1,1,1,1,1,1,1
371090,1,1,0,0,0,0,0,0,0,0,0,0
371090,2,1,0,0,0,0,0,0,0,0,0,0
371091,1,1,0,0,0,0,0,0,0,0,0,0
371091,2,1,0,0,0,0,0,0,0,0,0,0
371092,1,1,0,0,0,0,0,0,0,0,0,0
371092,2,1,0,22,0,0,0,0,0,0,0,0
371092,3,1,0,0,0,0,0,0,0,0,0,0
371092,4,1,0,0,0,0,0,0,0,0,0,0
371093,1,1,0,0,0,0,0,0,0,0,0,0
371094,0,1,0,0,0,0,0,0,0,0,0,0
371094,1,1,0,8,0,0,0,0,0,0,0,0
371095,1,1,0,0,0,0,0,0,0,0,0,0
371096,1,1,0,0,0,0,0,0,0,0,0,0
371096,2,1,0,0,0,0,0,0,0,0,9,0
371096,3,1,0,0,0,0,0,0,0,0,0,0
371096,4,1,0,0,0,0,0,0,0,0,0,0
371096,5,1,0,22,0,0,0,0,38,17,0,0
371097,1,1,15,15,15,15,15,15,15,15,15,15
371098,1,1,0,0,0,0,0,0,0,0,0,0
371098,2,1,0,0,0,0,0,0,0,0,0,0
371098,3,1,0,0,0,8,0,0,0,0,0,0
371099,1,1,0,0,25,2,15,0,0,0,16,0
371100,1,1,14,14,14,14,14,14,14,14,14,14
371101,1,1,0,0,0,0,0,26,0,0,0,0
371101,2,1,0,0,0,9,0,5,0,0,4,0
371102,1,1,0,0,0,0,0,0,0,0,0,0
371103,1,1,0,0,0,0,0,0,0,11,0,0
371105,1,1,20,0,25,19,0,23,28,13,22,0
371106,1,1,0,0,0,0,0,0,0,0,0,0
371106,2,1,0,0,0,0,0,0,0,0,0,0
371107,1,1,0,0,8,0,8,0,0,0,0,0
371107,2,1,0,0,24,0,0,0,0,0,8,0
371108,1,1,16,0,0,0,0,0,0,0,0,0
371109,1,1,0,0,0,0,0,0,0,0,0,0
371109,2,1,0,0,0,13,0,0,0,0,0,0
371109,3,1,0,0,0,0,0,0,0,0,0,0
371110,0,1,0,0,0,0,0,0,0,0,0,0
371110,1,1,0,0,0,0,0,0,0,0,0,0
371112,1,1,19,19,19,19,19,19,19,19,19,19
371113,1,1,17,17,17,17,17,17,17,17,17,17
371114,1,1,17,17,17,17,17,17,17,17,17,17
371115,1,1,0,0,0,0,0,0,0,0,0,0
371115,2,1,0,0,0,0,0,0,0,0,0,0
371116,1,1,0,0,0,0,0,0,0,0,0,0
371117,0,1,0,0,0,0,0,0,0,0,0,0
371117,2,1,0,0,0,0,0,0,0,0,0,0
371118,1,1,0,0,0,0,0,0,0,0,0,0
371119,1,1,11,20,0,0,0,5,16,0,0,0
371120,0,1,0,0,0,0,0,0,0,0,0,0
371120,1,1,0,0,0,5,0,0,0,0,0,0
371121,1,1,0,0,0,0,0,0,0,0,0,0
371122,1,1,23,23,23,23,23,23,23,23,23,23
371122,2,1,0,0,0,18,0,0,0,0,0,0
371123,1,1,0,0,0,0,0,0,0,0,0,0
371123,2,1,0,0,0,0,0,0,0,0,0,0
371123,3,1,0,0,0,0,0,23,0,0,0,0
371123,4,1,0,0,0,0,0,0,0,0,0,0
371124,1,1,0,0,0,0,0,0,0,0,0,0
371125,1,1,0,15,0,0,0,0,31,14,0,0
371125,2,1,0,0,22,0,24,0,26,0,0,0
371126,1,1,0,0,0,0,0,0,0,0,0,0
371126,2,1,0,0,0,0,0,0,0,0,0,0
371127,1,1,0,0,0,0,0,0,0,0,0,0
371127,2,1,0,17,0,0,0,0,0,0,0,0
371128,1,1,0,0,0,0,0,0,0,0,0,0
371129,1,1,0,0,0,0,0,0,0,0,0,0
371129,2,1,0,0,0,0,0,0,0,0,0,0
371129,3,1,0,0,0,0,0,0,0,0,0,9
371130,1,1,0,0,0,0,0,0,0,0,0,0
371131,1,1,0,0,15,0,0,0,0,0,0,0
371131,2,1,0,0,0,0,0,0,0,0,0,0
371132,1,1,16,16,16,16,16,16,16,16,16,16
371133,1,1,15,15,15,15,15,15,15,15,15,15
371133,2,1,0,0,0,0,0,0,0,0,0,15
371133,3,1,0,0,0,0,0,0,0,0,0,0
371134,1,1,0,0,0,0,0,0,0,0,0,0
371134,2,1,0,0,0,0,0,0,0,0,0,0
371135,1,1,13,13,13,13,13,13,13,13,13,13
371136,1,1,0,0,0,0,0,0,0,0,0,0
371136,2,1,0,0,0,0,0,0,0,0,0,0
371137,0,1,28,28,28,28,28,28,28,28,28,28
371137,1,1,0,0,0,0,0,0,0,0,0,0
371138,1,1,0,0,0,0,0,0,0,0,0,0
371138,2,1,0,0,0,0,0,0,0,0,0,0
371139,1,1,0,0,0,0,0,0,0,0,0,0
371139,2,1,0,0,0,0,0,0,0,0,0,0
371140,1,1,18,18,18,18,18,18,18,18,18,18
371141,1,1,0,0,0,0,0,0,0,0,0,0
371142,1,1,20,20,20,20,20,20,20,20,20,20
371142,2,1,0,0,0,0,0,0,0,0,0,0
371143,0,1,0,0,0,0,0,0,0,0,0,0
371143,1,1,0,0,0,0,0,0,0,0,0,0
371144,1,1,25,32,0,27,0,17,15,37,12,33
371145,1,1,0,0,0,0,0,0,0,0,0,0
371145,2,1,0,0,0,0,0,0,0,0,0,0
371146,1,1,0,0,0,0,0,0,0,0,0,0
371146,2,1,0,9,0,0,0,0,0,0,0,0
371147,0,1,0,0,0,0,0,0,0,26,0,0
371147,0,2,0,0,0,0,0,0,0,0,0,0
371147,0,3,0,0,0,0,0,0,46,0,0,0
371147,1,1,12,12,12,12,12,12,12,12,12,12
371148,0,1,0,0,0,0,0,0,32,42,0,0
371148,1,1,0,23,0,0,0,0,0,0,0,0
371149,1,1,0,0,0,0,34,0,0,0,0,0
371150,0,1,0,0,0,0,0,0,15,0,0,0
371150,1,1,0,0,0,0,0,12,0,0,0,0
371151,0,1,0,0,0,0,0,0,0,0,0,0
371151,1,1,0,0,0,9,0,0,0,0,0,12
371152,1,1,0,0,0,0,0,0,0,0,0,0
371153,1,1,0,12,0,0,0,0,0,0,0,0
371154,1,1,0,0,0,0,0,0,0,0,0,0
371154,2,1,0,0,0,0,0,0,0,0,0,0
371155,1,1,0,0,0,0,0,0,0,0,0,0
371156,1,1,0,0,0,0,0,0,0,0,0,0
371157,1,1,0,0,0,0,0,0,0,0,0,0
371158,1,1,0,0,0,0,0,0,0,0,0,24
371158,2,1,0,0,0,0,0,0,0,0,0,0
371159,2,1,0,0,0,0,0,0,0,0,0,0
371160,1,1,0,0,0,0,0,0,0,0,0,0
371160,2,1,0,0,0,0,0,0,0,0,9,0
371161,1,1,0,0,0,0,0,0,0,0,0,0
371161,2,1,0,0,0,26,0,0,0,0,0,0
371162,1,1,0,0,0,0,0,0,0,0,0,0
371162,2,1,0,0,0,0,0,0,0,0,0,16
371163,0,1,20,20,20,20,20,20,20,20,20,20
371163,1,1,0,0,12,2,0,0,0,0,0,5
371164,1,1,18,18,18,18,18,18,18,18,18,18
371165,1,1,0,0,0,0,17,0,0,0,0,0
371166,1,1,0,0,0,0,0,0,0,0,0,0
371167,1,1,25,25,25,25,25,25,25,25,25,25
371168,1,1,0,0,0,0,0,0,0,0,0,0
371168,2,1,0,0,0,0,0,0,0,0,0,0
371169,1,1,0,0,0,0,0,0,0,0,0,0
371169,2,1,0,0,0,0,0,0,0,0,0,0
371170,0,1,9,9,9,9,9,9,9,9,9,9
371170,1,1,16,16,27,9,14,14,12,6,9,15
371171,1,1,20,20,20,20,20,20,20,20,20,20
371172,1,1,0,0,0,0,0,0,0,0,0,0
371172,2,1,0,0,0,0,0,0,0,0,0,0
371173,0,1,0,0,0,0,0,0,0,0,0,0
371173,1,1,0,0,0,0,0,0,0,0,0,0
371174,1,1,44,11,9,8,12,6,14,21,16,9
371175,0,1,0,0,0,0,0,0,0,0,0,0
371175,1,1,11,16,11,16,14,26,15,10,10,8
371176,1,1,18,10,11,0,9,0,0,18,0,27
371177,1,1,0,0,0,0,0,0,0,0,0,0
371178,1,1,0,0,0,0,0,0,0,0,0,0
371179,1,1,0,0,0,0,0,0,0,0,0,0
371179,2,1,0,0,0,0,0,0,0,0,0,0
371179,3,1,0,0,0,0,0,0,0,0,0,0
371180,1,1,0,0,0,0,0,0,0,0,0,0
371181,1,1,29,29,29,29,29,29,29,29,29,29
371181,2,1,0,0,0,0,0,0,0,0,0,0
371181,3,1,0,0,0,0,0,0,0,0,0,0
371182,1,1,0,0,0,0,0,0,0,0,0,0
371182,2,1,5,5,5,5,5,5,5,5,5,5
371183,0,1,27,27,27,27,27,27,27,27,27,27
371183,1,1,9,9,9,9,9,9,9,9,9,9
371184,1,1,0,0,0,0,0,0,0,0,0,0
371184,2,1,0,12,0,0,0,0,0,0,0,0
371185,1,1,0,0,30,0,0,0,0,0,0,36
371186,1,1,0,0,0,14,0,0,16,0,0,0
371186,2,1,0,0,0,0,0,0,0,0,0,0
371187,1,1,0,0,2,0,19,0,0,0,0,0
371187,2,1,0,0,0,16,0,0,0,0,0,0
371187,3,1,8,0,13,0,0,0,0,0,0,0
371187,4,1,0,0,0,0,0,0,0,0,0,0
371188,1,1,0,0,0,0,0,0,0,0,0,0
371188,2,1,0,25,24,0,7,0,21,0,0,0
371189,1,1,0,0,0,0,0,0,0,12,22,0
371189,2,1,0,0,0,13,8,12,0,0,0,0
371190,1,1,0,0,0,0,0,0,0,0,0,0
371191,1,1,0,15,0,0,0,4,0,20,0,0
371191,2,1,0,0,0,0,0,0,0,0,0,22
371192,1,1,0,0,0,0,0,0,0,0,0,0
371192,2,1,0,0,0,0,0,0,0,0,0,0
371193,1,1,0,34,0,0,0,0,0,0,0,0
371193,2,1,0,0,0,0,0,0,0,0,0,0
371194,1,1,0,0,0,0,22,0,0,0,0,0
371194,2,1,0,0,0,20,0,0,16,0,0,0
371195,1,1,33,9,24,3,22,11,0,8,20,6
371196,0,1,15,15,15,15,15,15,15,15,15,15
371196,1,1,0,0,0,0,0,0,0,0,0,0
371197,1,1,0,10,0,0,0,0,0,0,24,0
371198,1,1,0,22,0,0,19,0,0,0,0,30
371198,2,1,0,0,0,0,0,26,0,0,0,0
371199,1,1,0,0,0,0,0,0,0,0,0,0
371199,2,1,0,0,0,0,0,0,0,0,0,0
371199,3,1,0,0,0,0,0,0,0,0,0,0
371200,1,1,21,0,20,18,14,5,0,11,23,12
371201,1,1,0,0,0,0,8,0,0,0,0,12
371201,2,1,0,0,0,0,0,0,0,0,0,0
371202,1,1,0,0,0,0,0,0,0,0,0,0
371203,1,1,0,0,0,0,0,0,0,0,0,0