ST_CASE,VEH_NO,PER_NO,P1,P2,P3,P4,P5,P6,P7,P8,P9,P10
371204,1,1,0,0,0,0,0,0,0,0,0,0
371204,2,1,0,0,0,0,0,0,0,0,0,0
371205,1,1,0,0,0,0,0,15,0,21,0,0
371205,2,1,0,0,8,0,0,0,0,0,0,44
371206,0,1,0,0,0,0,0,0,14,0,0,0
371206,1,1,0,0,0,0,0,0,0,0,0,0
371207,1,1,13,0,0,0,0,0,0,0,0,0
371208,1,1,16,0,0,0,0,0,0,0,0,0
371209,0,1,0,0,0,0,0,0,0,0,0,0
371209,1,1,0,0,0,0,0,0,0,0,17,0
371210,1,1,0,0,0,0,0,0,0,0,0,0
371210,2,1,0,0,0,0,0,0,0,0,0,0
371211,1,1,0,0,0,0,0,0,0,0,0,0
371211,2,1,0,0,0,0,0,0,0,0,0,0
371211,3,1,0,0,0,0,0,0,0,0,0,0
371212,0,1,0,0,0,0,0,0,0,0,0,0
371212,1,1,0,0,0,0,0,0,0,0,0,0
371213,1,1,0,0,0,0,0,0,0,0,0,0
371214,1,1,0,0,0,0,0,0,0,0,16,0
371215,1,1,0,0,14,0,0,40,9,0,18,21
371216,1,1,0,0,0,0,0,0,0,0,0,0
371216,2,1,0,0,0,0,0,0,0,0,0,0
371217,1,1,0,0,0,0,0,0,0,0,0,0
371217,2,1,0,0,0,0,0,0,0,0,0,0
371217,3,1,0,0,0,0,0,0,0,0,0,0
371218,1,1,22,22,22,22,22,22,22,22,22,22
371218,2,1,0,0,0,0,0,0,0,0,0,0
371219,0,1,19,19,19,19,19,19,19,19,19,19
371219,1,1,0,0,0,0,0,0,0,0,0,0
371220,1,1,0,0,0,0,0,0,0,0,0,0
371220,2,1,0,0,0,0,0,0,0,0,0,0
371221,1,1,0,0,0,0,0,0,0,0,0,0
371221,2,1,0,0,0,0,0,0,0,0,0,0
371221,3,1,0,0,0,0,0,0,0,0,0,0
371222,1,1,0,0,0,0,0,0,0,0,0,0
371222,2,1,3,0,0,0,19,0,0,0,0,0
371223,1,1,40,40,40,40,40,40,40,40,40,40
371224,1,1,0,0,0,0,0,0,0,0,0,0
371224,2,1,0,0,0,0,0,0,0,0,0,0
371224,3,1,0,18,0,0,0,0,0,0,0,0
371224,4,1,0,0,0,0,0,0,0,0,0,0
371225,0,1,13,13,13,13,13,13,13,13,13,13
371225,1,1,0,0,0,0,0,0,0,0,0,0
371226,1,1,0,0,0,0,0,0,0,0,0,0
371226,2,1,0,0,0,0,0,0,0,0,0,0
371227,0,1,12,10,0,19,37,0,0,0,7,0
371227,1,1,0,0,0,0,0,0,0,15,0,0
371228,1,1,0,0,0,0,0,0,0,0,0,0
371229,1,1,0,0,0,0,0,0,0,0,0,0
371230,1,1,0,0,0,0,0,0,0,0,0,0
371230,2,1,0,0,0,0,0,0,0,0,0,0
371231,1,1,0,0,25,0,0,0,0,0,0,0
371231,2,1,0,0,0,0,0,0,0,0,0,0
371231,3,1,0,0,0,0,0,0,0,0,0,0
371232,1,1,0,0,0,0,0,0,0,0,0,0
371232,2,1,0,0,0,0,0,0,0,0,0,0
371233,1,1,0,0,0,0,0,0,0,0,0,0
371233,2,1,0,0,0,0,0,0,0,0,0,0
371233,3,1,0,0,0,0,0,29,0,0,0,0
371234,1,1,0,0,0,0,0,0,0,0,0,0
371235,1,1,35,35,35,35,35,35,35,35,35,35
371236,0,1,23,23,23,23,23,23,23,23,23,23
371236,0,2,0,0,10,0,0,0,0,0,0,0
371236,1,1,0,0,0,0,0,0,0,0,0,0
371237,1,1,0,0,0,0,0,0,0,0,0,0
371238,1,1,0,0,0,0,0,0,0,0,0,0
371238,2,1,0,0,0,0,0,0,0,0,0,0
371239,0,1,21,21,21,21,21,21,21,21,21,21
371239,1,1,0,0,0,0,0,0,0,0,0,0
371240,1,1,0,0,0,0,2,0,0,0,0,0
371241,1,1,0,0,0,0,0,0,0,0,0,0
371242,1,1,0,0,0,0,17,13,20,0,0,0
371243,0,1,0,0,0,0,0,0,0,0,0,0
371243,1,1,0,0,0,25,0,0,0,0,0,0
371244,1,1,0,0,0,0,14,0,0,0,0,0
371244,2,1,0,0,0,0,0,0,0,0,0,0
371245,0,1,9,9,9,9,9,9,9,9,9,9
371245,1,1,17,14,0,0,15,0,0,31,5,0
371246,1,1,25,0,24,16,0,38,0,0,0,19
371247,0,1,14,14,14,14,14,14,14,14,14,14
371247,1,1,0,0,0,0,0,0,0,0,0,0
371247,2,1,0,0,0,0,0,0,0,0,0,0
371247,3,1,0,7,0,9,0,0,12,0,7,21
371248,1,1,13,13,13,13,13,13,13,13,13,13
371249,1,1,0,0,0,0,0,0,0,0,0,0
371249,2,1,0,0,0,0,0,0,0,0,0,0
371250,1,1,16,16,16,16,16,16,16,16,16,16
371250,2,1,24,17,21,36,30,25,28,15,0,7
371251,0,1,0,0,0,0,0,0,0,0,0,0
371251,1,1,10,0,0,0,0,0,0,0,0,0
371252,1,1,0,0,0,0,0,0,0,0,0,0
371252,2,1,0,0,0,0,0,0,0,0,0,0
371253,1,1,4,0,0,0,0,0,12,0,0,0
371253,2,1,0,0,0,0,0,0,0,0,0,0
371253,3,1,0,0,0,0,13,0,0,0,0,0
371254,1,1,8,0,0,9,20,12,7,0,8,29
371254,2,1,0,0,0,0,0,0,0,0,0,0
371255,1,1,0,0,0,0,23,0,0,0,0,0
371255,2,1,0,0,0,0,0,0,0,0,0,0
371256,1,1,0,0,0,19,0,16,7,28,0,16
371257,0,1,0,0,19,0,0,0,0,0,0,0
371257,0,2,0,41,0,0,0,0,0,0,0,0
371257,1,1,0,10,15,12,0,0,0,0,0,7
371258,0,1,0,0,0,0,0,0,0,0,0,0
371258,1,1,0,0,0,0,0,0,0,16,0,0
371259,1,1,12,24,23,18,23,27,18,4,41,0
371260,1,1,0,0,0,0,9,0,0,0,0,0
371261,1,1,0,0,0,0,0,0,0,0,0,0
371262,0,1,0,0,0,0,0,0,0,0,0,0
371262,1,1,0,0,0,0,0,0,0,0,0,0
371263,1,1,0,0,0,0,0,0,0,0,0,0
371264,1,1,19,19,19,19,19,19,19,19,19,19
371265,1,1,0,0,0,0,0,27,0,0,0,0
371266,0,1,0,0,0,0,0,0,0,0,0,0
371266,1,1,0,0,0,0,0,0,0,0,0,0
371267,1,1,0,0,0,0,0,0,0,0,0,0
371268,1,1,21,21,21,21,21,21,21,21,21,21
371269,1,1,0,0,0,21,0,0,0,0,0,6
371269,2,1,50,0,0,0,0,0,0,0,0,0
371270,1,1,21,32,17,25,11,18,3,0,28,29
371271,1,1,8,13,18,17,18,0,0,5,21,0
371272,1,1,8,8,8,8,8,8,8,8,8,8
371273,1,1,0,0,0,0,0,0,0,0,0,0
371273,2,1,14,14,14,14,14,14,14,14,14,14
371274,0,1,40,40,40,40,40,40,40,40,40,40
371274,1,1,0,0,0,0,0,0,0,0,0,0
371275,1,1,0,0,0,0,0,0,0,0,0,0
371276,0,1,0,0,0,0,0,0,0,0,0,0
371276,1,1,0,0,0,0,0,0,0,0,0,0
371277,1,1,16,17,8,18,15,7,17,7,24,27
371277,2,1,42,10,2,7,21,13,25,18,19,18
371277,3,1,0,0,0,0,0,0,0,0,0,0
371277,4,1,0,0,0,0,0,0,0,0,0,12
371278,1,1,0,0,9,17,0,15,0,0,0,0
371278,2,1,0,0,0,11,0,0,0,0,0,0
371278,3,1,3,3,3,3,3,3,3,3,3,3
371279,1,1,2,2,2,2,2,2,2,2,2,2
371279,2,1,0,0,0,0,0,0,0,12,0,0
371279,3,1,0,0,0,0,0,15,0,0,0,0
371279,4,1,0,0,0,0,0,0,0,0,0,0
371280,1,1,0,0,0,0,0,0,0,0,0,0
371280,2,1,0,0,0,0,0,0,0,0,0,0
371281,0,1,0,0,0,0,0,0,0,0,0,0
371281,1,1,0,0,0,0,24,0,0,0,0,0
371282,1,1,0,0,0,0,0,0,0,0,0,0
371282,2,1,0,0,0,0,0,0,0,0,0,0
371283,1,1,14,14,14,14,14,14,14,14,14,14
371284,1,1,23,23,23,23,23,23,23,23,23,23
371285,1,1,0,0,0,0,0,0,0,0,0,0
371285,2,1,0,0,0,0,0,0,0,0,0,0
371286,0,1,28,28,28,28,28,28,28,28,28,28
371286,1,1,0,0,0,0,0,0,0,0,0,0
371286,2,1,0,0,0,0,0,0,0,0,0,0
371286,3,1,0,0,0,0,0,0,0,0,0,0
371286,4,1,0,0,0,0,0,0,0,0,0,0
371286,5,1,0,0,0,0,0,0,0,0,0,0
371287,1,1,17,17,17,17,17,17,17,17,17,17
371288,0,1,0,0,0,0,0,0,0,0,0,0
371288,1,1,0,0,0,0,0,0,0,0,0,0
371289,1,1,0,0,0,0,0,0,0,0,0,0
371289,2,1,0,0,0,0,0,0,0,0,0,0
371290,1,1,17,17,17,17,17,17,17,17,17,17
371291,0,1,0,0,0,0,0,0,0,0,0,0
371291,1,1,0,0,0,0,0,0,0,0,0,0
371292,1,1,0,0,0,0,0,0,0,0,0,0
371292,2,1,0,0,0,0,0,0,0,0,0,0
371293,1,1,0,0,0,0,0,0,0,0,0,0
371293,2,1,0,0,0,0,0,0,0,0,0,0
371294,0,1,0,0,0,0,0,0,0,0,0,0
371294,1,1,0,0,0,0,0,0,0,0,0,0
371295,1,1,0,0,0,0,0,0,0,0,0,0
371295,2,1,0,0,0,0,0,13,0,0,0,0
371295,3,1,0,0,14,0,0,0,0,20,0,0
371296,1,1,26,26,26,26,26,26,26,26,26,26
371297,1,1,21,21,21,21,21,21,21,21,21,21
371298,1,1,0,0,0,0,0,0,0,0,0,0
371298,2,1,0,0,0,0,0,0,0,0,0,0
371299,1,1,22,22,22,22,22,22,22,22,22,22
371300,1,1,0,0,0,0,0,0,0,0,0,0
371300,2,1,0,0,0,0,0,0,0,0,0,0
371301,1,1,0,0,0,0,0,0,0,0,0,0
371301,2,1,0,0,0,0,0,0,0,0,0,0
371302,1,1,14,14,14,14,14,14,14,14,14,14
371303,1,1,0,0,0,0,0,26,0,0,0,0
371304,1,1,0,0,0,0,0,0,0,0,0,0
371304,2,1,0,0,0,0,0,0,0,0,0,0
371305,1,1,2,32,6,25,9,17,22,2,34,6
371306,0,1,18,18,18,18,18,18,18,18,18,18
371306,1,1,0,0,0,0,0,19,0,0,0,0
371307,1,1,0,0,0,0,0,0,0,0,0,0
371307,2,1,0,0,0,0,0,0,0,0,0,0
371308,0,1,20,20,20,20,20,20,20,20,20,20
371308,1,1,0,0,0,0,0,0,0,0,0,0
371309,1,1,0,0,0,0,0,0,0,0,0,0
371309,2,1,0,0,0,0,0,0,0,0,0,0
371310,1,1,0,0,0,9,26,20,5,0,0,0
371310,2,1,0,0,0,0,0,0,0,0,0,0
371311,1,1,0,0,0,0,0,0,0,0,0,0
371311,2,1,0,0,0,0,0,0,0,0,0,0
371312,1,1,10,10,10,10,10,10,10,10,10,10
371313,0,1,24,24,24,24,24,24,24,24,24,24
371313,1,1,0,0,0,0,0,0,0,0,0,0
371314,1,1,0,0,0,0,0,0,0,0,0,0
371315,1,1,0,19,0,0,0,0,0,23,0,23
371315,2,1,19,24,21,0,0,0,0,0,0,0
380001,0,1,16,16,16,16,16,16,16,16,16,16
380001,1,1,18,18,18,18,18,18,18,18,18,18
380002,1,1,0,0,0,0,0,0,0,0,0,0
380002,2,1,0,0,0,0,0,15,0,0,0,0
380003,1,1,0,0,0,0,0,0,0,0,0,0
380004,1,1,0,0,0,0,0,0,0,0,0,0
380005,1,1,12,12,12,12,12,12,12,12,12,12
380005,2,1,0,0,0,0,0,0,0,0,0,0
380006,1,1,0,0,0,0,0,0,0,0,0,0
380006,2,1,0,0,0,0,0,0,0,0,0,0
380007,1,1,0,0,0,0,0,0,0,0,0,0
380007,2,1,0,0,0,0,0,0,0,0,0,0
380008,1,1,0,0,0,0,0,0,0,0,0,0
380008,2,1,0,0,0,0,0,0,0,0,0,0
380009,1,1,0,0,0,0,0,0,0,0,0,0
380009,2,1,19,0,0,0,0,0,0,0,0,0
380010,1,1,23,23,23,23,23,23,23,23,23,23
380011,1,1,0,0,0,0,0,0,0,0,0,0
380012,1,1,0,0,0,0,0,0,0,0,0,0
380012,2,1,0,0,0,0,0,0,0,0,0,0
380013,1,1,28,28,28,28,28,28,28,28,28,28
380014,1,1,0,0,0,0,0,0,0,0,0,0
380015,1,1,10,10,10,10,10,10,10,10,10,10
380016,1,1,0,0,0,0,0,0,0,0,0,0
380016,2,1,0,0,0,0,0,0,0,0,0,0
380017,1,1,22,22,22,22,22,22,22,22,22,22
380018,1,1,13,13,13,13,13,13,13,13,13,13
380019,1,1,18,21,24,16,15,20,19,9,21,24
380020,1,1,0,0,0,0,0,0,0,0,0,0
380020,2,1,0,0,0,0,0,0,0,0,0,0
380021,1,1,0,0,0,0,0,0,0,0,0,0
380022,1,1,22,22,22,22,22,22,22,22,22,22
380023,1,1,0,21,28,19,22,27,28,0,21,0
380024,1,1,8,0,0,0,0,0,0,0,0,0
380024,2,1,0,0,0,0,0,0,0,0,0,0
380025,1,1,26,26,26,26,26,26,26,26,26,26
380026,1,1,6,6,6,6,6,6,6,6,6,6
380027,0,1,29,29,29,29,29,29,29,29,29,29
380027,1,1,29,26,9,8,19,29,0,0,0,14
380028,1,1,13,13,13,13,13,13,13,13,13,13
380028,2,1,0,0,0,0,0,0,0,0,13,17
380029,1,1,22,22,22,22,22,22,22,22,22,22
380030,1,1,0,0,0,0,0,0,0,0,0,0
380031,1,1,0,0,0,0,0,0,0,0,0,0
380031,2,1,0,0,0,0,0,0,0,0,0,0
380032,1,1,1,1,1,1,1,1,1,1,1,1
380032,2,1,0,0,0,0,0,0,0,0,0,0
380033,1,1,14,14,14,14,14,14,14,14,14,14
380034,1,1,0,0,0,0,0,0,0,0,0,12
380034,2,1,0,0,0,0,0,0,0,0,0,0
380035,1,1,18,18,18,18,18,18,18,18,18,18
380036,1,1,0,0,0,0,0,0,0,0,0,0
380036,2,1,0,0,0,0,0,0,0,0,0,0
380037,0,1,11,11,11,11,11,11,11,11,11,11
380037,0,2,10,0,23,0,10,3,0,22,22,0
380037,1,1,10,5,26,0,25,0,0,0,0,23
380038,1,1,19,19,19,19,19,19,19,19,19,19
380038,2,1,0,0,0,0,0,0,0,0,0,0
380039,1,1,28,28,28,28,28,28,28,28,28,28
380040,1,1,0,0,0,0,0,0,0,0,0,0
380040,2,1,0,0,0,0,0,0,0,0,0,0
380041,1,1,0,0,0,0,0,0,0,0,0,0
380041,2,1,0,0,0,0,0,0,0,0,0,0
380042,1,1,24,24,24,24,24,24,24,24,24,24
380043,1,1,4,4,4,4,4,4,4,4,4,4
380044,1,1,15,10,9,21,22,16,21,18,24,33
380045,1,1,0,0,0,0,0,0,0,0,0,0
380046,1,1,0,0,0,0,0,0,0,0,0,0
380046,2,1,27,27,27,27,27,27,27,27,27,27
380047,1,1,0,10,0,0,0,0,21,0,0,27
380048,1,1,0,0,0,0,0,0,0,0,0,0
380048,2,1,0,0,0,0,0,0,0,0,0,0
380049,1,1,25,19,21,8,17,16,15,12,23,11
380050,1,1,0,0,0,0,0,0,0,0,0,0
380050,2,1,0,0,0,0,0,0,0,0,0,0
380051,1,1,13,13,13,13,13,13,13,13,13,13
380052,0,1,23,23,23,23,23,23,23,23,23,23
380053,1,1,0,0,0,0,0,0,0,0,0,0
380053,2,1,19,17,22,20,17,0,0,9,0,6
380054,1,1,22,22,22,22,22,22,22,22,22,22
380055,1,1,0,0,0,0,0,0,0,0,0,0
380055,2,1,0,0,0,0,0,0,0,0,0,0
380056,1,1,0,0,0,0,0,0,0,0,0,0
380056,2,1,0,0,0,0,0,0,0,0,0,0
380057,0,1,0,0,0,0,0,0,0,0,0,0
380057,1,1,0,0,0,0,0,0,0,0,0,0
380058,1,1,0,0,0,0,0,0,12,10,0,0
380059,1,1,16,16,16,16,16,16,16,16,16,16
380060,1,1,0,0,0,0,0,0,0,0,0,0
380061,1,1,0,26,23,15,23,15,0,13,7,23
380062,1,1,15,15,15,15,15,15,15,15,15,15
380062,2,1,19,19,19,19,19,19,19,19,19,19
380063,1,1,11,24,0,0,0,0,0,0,0,0
380063,2,1,0,0,0,0,0,0,0,0,0,0
380064,1,1,0,0,0,0,0,0,0,0,0,0
380065,1,1,27,27,27,27,27,27,27,27,27,27
380066,1,1,25,25,25,25,25,25,25,25,25,25
380067,1,1,0,0,0,0,0,0,0,0,0,0
380067,2,1,0,0,0,0,0,0,14,0,0,0
380068,1,1,21,21,21,21,21,21,21,21,21,21
380069,1,1,0,0,0,0,0,0,0,0,0,0
380070,1,1,0,0,0,0,0,0,0,0,0,0
380071,1,1,22,22,22,22,22,22,22,22,22,22
380072,1,1,6,6,6,6,6,6,6,6,6,6
380073,1,1,0,0,0,0,0,24,0,0,0,0
380073,2,1,0,0,0,0,0,0,0,0,0,0
380074,1,1,0,0,0,0,0,0,0,0,8,0
380075,1,1,0,0,0,0,0,0,0,0,0,0
380075,2,1,0,0,0,0,0,0,0,0,0,0
380076,1,1,21,21,21,21,21,21,21,21,21,21
380077,1,1,0,0,0,0,0,0,0,0,0,0
380077,2,1,0,0,0,0,0,0,0,0,0,0
380078,1,1,0,0,0,0,0,0,0,0,0,0
380079,1,1,0,0,0,0,0,0,0,0,0,0
380079,2,1,0,0,0,0,0,4,0,0,0,0
380079,3,1,8,0,0,0,0,2,0,0,0,0
380080,1,1,23,23,23,23,23,23,23,23,23,23
380081,1,1,0,0,0,0,0,0,0,0,0,0
380082,1,1,10,10,10,10,10,10,10,10,10,10
380082,2,1,0,0,0,0,0,0,0,0,0,0
380083,1,1,0,0,0,8,0,0,0,0,0,0
380084,0,1,0,32,0,0,0,0,0,0,13,0
380084,1,1,0,0,0,0,0,0,0,0,0,0
380085,0,1,31,31,31,31,31,31,31,31,31,31
380085,1,1,25,25,25,25,25,25,25,25,25,25
380086,1,1,0,0,0,0,0,0,0,0,0,0
380086,2,1,0,0,0,0,14,0,0,0,14,0
380087,1,1,0,0,0,0,0,0,0,0,0,0
380087,2,1,0,0,0,0,0,0,0,0,0,0
380088,1,1,0,0,0,0,0,0,0,0,0,0
380089,1,1,26,26,26,26,26,26,26,26,26,26
380090,1,1,0,0,0,0,0,0,0,0,27,0
380090,2,1,15,15,15,15,15,15,15,15,15,15
380090,3,1,0,0,0,0,0,0,0,0,0,0
380091,1,1,12,12,12,12,12,12,12,12,12,12
380092,1,1,16,16,16,16,16,16,16,16,16,16
380093,1,1,0,19,0,0,0,0,12,12,0,19
380093,2,1,0,15,0,0,19,0,19,24,0,0
380094,1,1,0,0,0,0,0,0,0,0,0,0
380094,2,1,0,0,0,0,0,0,0,0,0,0
380095,1,1,0,0,0,0,0,0,0,0,0,0
380095,2,1,0,0,0,0,0,0,0,0,0,0
380096,1,1,0,0,0,0,0,0,0,0,0,0
380096,2,1,16,16,16,16,16,16,16,16,16,16
380097,1,2,7,4,22,18,28,33,14,21,2,21
380098,1,1,0,0,0,0,0,0,0,0,0,0
380099,1,1,0,0,0,0,0,0,0,0,0,0
380099,2,1,0,0,0,0,0,0,0,0,0,0
380099,3,1,0,0,0,0,0,0,0,0,0,0
380100,1,1,7,7,7,7,7,7,7,7,7,7
380101,1,1,0,0,0,0,0,0,0,0,0,0
380102,1,1,0,0,0,0,0,0,0,0,0,0
380102,2,1,0,19,0,0,0,0,0,0,0,14
380103,1,2,2,39,0,9,26,0,0,5,22,13
380104,1,1,29,13,18,11,23,9,15,27,14,4
380105,1,1,21,21,21,21,21,21,21,21,21,21
380106,1,1,3,3,3,3,3,3,3,3,3,3
390001,1,1,15,15,15,15,15,15,15,15,15,15
390002,1,1,0,0,0,0,0,0,0,0,0,0
390003,1,1,12,12,12,12,12,12,12,12,12,12
390004,1,1,0,0,0,0,0,0,0,0,0,0
390004,2,1,12,0,0,0,0,0,0,0,0,0
390004,3,1,0,0,0,0,0,0,0,0,0,0
390005,1,1,0,0,0,0,0,0,0,0,0,0
390005,2,1,0,0,0,0,0,0,0,0,0,0
390006,0,1,0,0,0,0,0,0,0,0,0,0
390006,1,1,0,0,4,0,0,0,0,0,7,16
390007,1,1,20,20,20,20,20,20,20,20,20,20
390008,1,1,0,0,0,0,0,0,0,0,0,0
390009,0,1,0,0,0,0,0,0,0,0,0,0
390009,1,1,0,0,0,0,0,0,0,0,0,0
390010,1,1,0,0,0,0,0,0,0,0,0,0
390011,0,1,8,8,8,8,8,8,8,8,8,8
390011,1,1,0,0,0,0,0,0,0,0,0,0
390012,0,1,0,0,0,0,0,0,0,0,0,0
390012,1,1,0,0,0,0,0,0,0,0,0,0
390012,2,1,12,0,0,0,0,0,17,0,0,0
390013,0,1,0,0,0,0,0,0,0,0,0,0
390013,1,1,0,0,0,0,0,0,0,0,0,0
390014,1,1,0,0,0,0,0,0,0,0,0,0
390014,2,1,29,29,29,29,29,29,29,29,29,29
390015,1,1,0,0,0,0,0,0,0,0,0,0
390015,2,1,0,0,0,0,0,0,0,0,0,0
390016,1,1,0,0,0,0,0,0,0,0,0,21
390017,1,1,0,0,0,0,0,0,0,0,0,0
390017,2,1,0,0,0,0,0,6,0,0,0,0
390017,3,1,0,0,0,0,0,0,0,0,0,0
390018,1,1,0,0,0,0,0,0,0,0,0,0
390018,2,1,0,0,0,0,0,0,3,0,0,0
390019,1,1,0,0,0,0,0,0,9,0,0,0
390019,2,1,0,0,0,0,0,0,0,15,0,0
390020,1,1,0,0,0,0,0,0,0,0,0,0
390021,1,1,0,0,0,0,0,0,0,0,0,0
390022,0,1,0,0,0,0,0,0,0,0,0,0
390022,0,2,0,0,10,0,0,0,0,0,23,10
390022,1,1,0,0,0,0,0,0,0,0,0,0
390023,0,1,0,0,23,26,0,0,20,0,7,0
390023,1,1,0,0,0,0,0,0,0,0,0,0
390024,1,1,0,0,0,0,0,0,0,0,0,0
390024,2,1,0,0,0,0,0,0,0,0,0,0
390025,1,1,0,0,0,0,0,0,0,0,0,0
390025,2,1,0,0,0,0,0,0,0,0,0,0
390026,1,1,0,0,0,0,0,0,0,0,0,0
390027,0,1,22,22,22,22,22,22,22,22,22,22
390027,1,1,0,0,0,0,0,0,0,0,0,0
390028,1,1,0,0,0,0,0,0,0,0,0,0
390028,2,1,0,0,0,0,0,0,0,0,0,0
390029,1,1,26,26,26,26,26,26,26,26,26,26
390030,1,1,23,6,8,39,30,15,11,7,9,24
390031,0,1,0,0,0,0,0,0,0,0,0,0
390031,0,2,0,0,0,0,0,0,0,0,0,0
390031,1,1,0,0,0,0,0,0,0,0,0,0
390032,1,1,15,15,15,15,15,15,15,15,15,15
390033,1,1,0,0,0,0,0,0,0,0,0,0
390033,2,1,0,0,0,0,0,0,0,0,0,0
390034,0,1,25,25,25,25,25,25,25,25,25,25
390034,1,1,0,0,0,0,0,0,0,0,0,0
390035,1,1,0,0,0,0,0,0,0,0,0,0
390035,2,1,0,0,0,0,0,0,5,0,0,0
390036,1,1,0,0,0,0,0,0,0,0,0,0
390036,2,1,0,0,0,0,0,0,0,0,0,0
390036,3,1,0,0,0,0,0,0,0,0,0,0
390037,1,1,0,0,0,0,0,0,0,0,0,0
390037,2,1,38,38,38,38,38,38,38,38,38,38
390038,1,1,35,32,8,18,0,25,20,10,22,17
390039,1,1,0,11,0,0,0,0,0,0,0,0
390040,1,1,0,0,0,0,0,0,0,0,0,0
390041,1,1,0,0,0,0,0,0,0,0,0,0
390041,2,1,0,0,0,0,0,0,0,0,0,0
390042,1,1,30,30,30,30,30,30,30,30,30,30
390042,2,1,0,0,0,0,0,0,0,0,0,0
390042,3,1,0,0,0,0,0,0,0,0,0,0
390043,1,1,25,25,25,25,25,25,25,25,25,25
390044,0,1,0,0,0,0,0,0,0,0,0,0
390044,1,1,0,0,0,0,0,0,0,0,0,0
390045,1,1,24,24,24,24,24,24,24,24,24,24
390046,1,1,0,0,0,0,0,0,0,0,0,0
390047,1,1,24,24,24,24,24,24,24,24,24,24
390048,1,1,0,0,0,0,0,0,0,0,0,0
390049,1,1,0,0,0,0,0,0,0,0,0,0
390050,1,1,21,21,21,21,21,21,21,21,21,21
390051,1,1,0,0,0,0,0,0,0,0,0,0
390051,2,1,18,0,0,0,0,0,32,14,0,0
390052,1,1,0,0,0,0,0,0,0,0,0,0
390052,2,1,0,0,0,0,0,0,0,0,0,0
390053,1,1,0,0,0,0,0,0,0,0,0,0
390053,2,1,0,0,0,0,0,0,0,0,0,0
390054,1,1,15,15,15,15,15,15,15,15,15,15
390054,2,1,21,21,21,21,21,21,21,21,21,21
390055,1,1,0,0,0,0,0,0,0,0,0,0
390056,0,1,28,28,28,28,28,28,28,28,28,28
390056,1,1,0,0,0,0,0,0,0,0,0,0
390058,0,1,7,7,7,7,7,7,7,7,7,7
390058,1,1,0,0,0,0,0,0,0,0,0,0
390059,1,1,10,10,10,10,10,10,10,10,10,10
390061,0,1,29,29,29,29,29,29,29,29,29,29
390061,1,1,0,0,0,0,0,0,20,0,0,0
390062,1,1,0,0,0,0,0,0,0,0,0,0
390062,2,1,0,0,0,0,0,26,0,0,0,20
390062,3,1,0,0,0,0,0,0,11,0,0,0
390063,1,1,5,5,5,5,5,5,5,5,5,5
390064,1,1,0,0,0,0,0,0,0,0,0,0
390065,1,1,0,0,0,0,0,0,0,0,0,0
390065,2,1,0,0,0,0,0,0,0,0,0,0
390065,3,1,0,0,0,11,0,0,0,0,0,0
390066,1,1,24,24,24,24,24,24,24,24,24,24
390067,1,2,0,0,19,0,0,16,0,0,0,0
390068,1,1,0,0,0,0,0,0,0,0,0,0
390068,2,1,0,0,0,0,0,0,0,0,0,0
390069,1,1,0,0,0,0,0,0,0,0,0,0
390069,2,1,0,0,0,0,0,0,0,0,0,0
390070,1,1,2,2,2,2,2,2,2,2,2,2
390070,2,1,0,0,0,0,0,8,0,0,10,0
390070,3,1,0,0,7,0,0,0,6,0,0,0
390071,1,1,0,0,0,0,0,0,0,0,0,0
390072,1,1,0,0,0,0,0,0,0,0,0,0
390072,2,1,0,0,0,0,0,0,0,0,0,0
390073,1,1,0,0,0,0,0,0,0,0,0,0
390073,2,1,0,0,0,0,0,0,0,0,0,0
390074,1,1,0,0,0,0,0,0,0,0,0,0
390074,2,1,0,0,29,0,0,0,0,0,0,0
390075,1,1,17,17,17,17,17,17,17,17,17,17
390076,1,1,0,0,0,0,0,0,0,0,0,0
390076,2,1,0,0,0,0,0,0,0,0,0,0
390077,0,1,0,0,0,0,0,0,0,0,0,0
390077,1,1,0,0,0,0,0,0,0,0,0,0
390078,1,2,0,26,0,0,0,0,0,17,0,22
390079,1,1,0,0,0,0,0,0,0,0,0,0
390079,2,1,0,0,0,0,0,0,0,0,0,0
390080,1,1,24,24,24,24,24,24,24,24,24,24
390081,1,1,22,22,22,22,22,22,22,22,22,22
390082,1,1,0,0,0,0,0,0,0,0,0,0
390082,2,1,0,0,0,0,0,0,0,0,0,0
390082,3,1,0,0,0,0,0,0,0,0,0,0
390082,4,1,0,0,0,0,0,0,0,0,0,0
390082,5,1,0,0,0,0,0,0,0,0,0,0
390082,6,1,0,0,0,0,0,0,0,0,0,0
390083,1,1,0,0,0,0,0,0,0,0,0,0
390083,2,1,0,0,0,0,0,0,0,0,0,0
390084,1,1,0,0,0,0,0,0,0,0,0,0
390084,2,1,0,0,0,0,0,0,0,0,0,0
390085,0,1,0,0,0,0,0,0,0,0,0,0
390085,1,1,0,0,27,8,0,0,25,0,24,28