ST_CASE,VEH_NO,PER_NO,P1,P2,P3,P4,P5,P6,P7,P8,P9,P10
390086,1,1,0,0,0,0,0,0,0,0,0,0
390086,2,1,6,6,6,6,6,6,6,6,6,6
390087,1,1,0,0,0,0,0,0,0,0,0,0
390087,2,1,0,0,0,0,0,0,0,0,0,0
390087,3,1,0,0,0,0,0,0,0,0,0,0
390088,1,1,0,0,0,0,0,0,0,0,0,0
390088,2,1,27,27,27,27,27,27,27,27,27,27
390089,1,1,0,0,0,0,0,0,0,0,0,0
390089,2,1,0,0,0,0,0,0,0,0,0,0
390091,1,1,0,0,0,0,0,0,0,0,0,0
390091,2,1,0,0,0,0,0,0,0,0,0,0
390092,0,1,0,0,0,0,0,0,0,0,0,0
390092,1,1,0,0,0,0,0,0,0,0,0,0
390093,1,1,0,0,0,0,0,0,0,0,0,0
390093,2,1,0,0,0,0,0,6,11,0,0,0
390094,1,1,0,0,0,0,0,27,0,0,0,0
390094,2,1,16,16,16,16,16,16,16,16,16,16
390095,1,1,12,12,12,12,12,12,12,12,12,12
390096,1,1,0,0,0,0,0,0,0,0,0,0
390097,1,1,25,25,25,25,25,25,25,25,25,25
390098,1,1,20,20,20,20,20,20,20,20,20,20
390098,2,1,0,0,0,0,0,0,0,0,0,0
390099,1,1,12,12,12,12,12,12,12,12,12,12
390100,1,1,20,20,20,20,20,20,20,20,20,20
390101,1,1,15,0,0,0,0,0,0,0,0,0
390101,2,1,0,0,0,0,0,0,0,0,0,0
390103,1,1,0,25,0,0,0,0,0,0,0,0
390103,2,1,0,0,13,0,0,0,0,0,22,0
390103,3,1,0,0,0,7,0,15,0,0,0,0
390104,1,1,3,3,3,3,3,3,3,3,3,3
390105,0,1,0,0,0,0,0,0,0,0,0,0
390105,1,1,0,0,0,0,0,16,0,0,0,14
390106,1,1,0,0,0,0,0,0,0,0,0,0
390107,1,1,11,11,11,11,11,11,11,11,11,11
390108,1,1,0,0,0,0,0,0,0,0,0,0
390108,2,1,0,0,0,0,0,0,0,0,0,0
390109,1,1,0,0,0,0,0,0,0,0,0,0
390109,2,1,0,0,0,0,0,0,0,0,0,0
390109,3,1,0,0,0,0,0,0,0,0,0,0
390109,4,1,0,0,0,0,0,0,0,0,0,0
390110,0,1,0,0,0,0,0,0,0,0,0,18
390110,1,1,0,0,12,0,30,0,0,0,0,0
390111,1,1,0,0,0,0,28,0,0,0,0,0
390112,1,1,25,25,25,25,25,25,25,25,25,25
390113,1,1,19,0,0,0,0,0,0,0,0,11
390114,1,1,23,23,23,23,23,23,23,23,23,23
390114,2,1,0,0,0,0,0,0,0,0,0,0
390115,1,1,0,0,0,0,0,0,0,0,0,0
390115,2,1,0,0,0,0,0,0,0,0,0,0
390117,1,1,27,23,14,10,8,24,17,6,13,17
390118,1,1,0,0,0,0,0,0,0,0,0,0
390118,2,1,0,0,0,0,0,0,0,23,0,0
390119,1,1,0,0,0,0,0,0,0,0,0,0
390119,2,1,0,0,0,0,0,0,0,0,0,0
390120,0,1,0,0,0,0,0,0,0,0,0,0
390120,1,1,0,0,0,44,0,0,0,0,0,0
390121,1,1,0,0,0,0,0,0,0,0,0,0
390122,1,1,0,0,0,0,0,0,0,0,0,0
390122,2,1,25,25,25,25,25,25,25,25,25,25
390123,1,1,0,0,0,0,0,0,0,0,0,0
390123,2,1,0,0,0,0,0,0,0,0,0,0
390124,1,1,0,0,0,0,0,0,0,0,0,0
390124,2,1,0,0,0,0,0,0,0,0,0,0
390124,3,1,0,0,0,0,0,0,0,0,0,0
390125,1,1,0,0,0,0,0,0,0,0,0,0
390125,2,1,0,0,0,0,0,0,0,0,0,0
390126,1,1,19,19,19,19,19,19,19,19,19,19
390126,2,1,0,0,0,0,0,0,0,0,0,0
390127,1,1,1,1,1,1,1,1,1,1,1,1
390127,2,1,0,0,0,0,0,0,0,0,0,0
390127,3,1,0,0,0,0,0,0,0,0,0,0
390128,1,1,0,0,0,0,0,0,0,0,0,0
390128,2,1,0,0,0,0,0,0,0,0,0,0
390129,1,1,6,6,6,6,6,6,6,6,6,6
390129,2,1,0,0,0,0,0,0,0,0,0,0
390130,1,1,0,0,0,0,0,0,0,0,0,0
390131,0,1,0,0,0,0,0,0,0,0,0,0
390131,1,1,0,0,0,0,0,0,0,0,0,0
390132,1,1,0,0,0,0,0,21,0,0,0,0
390132,2,1,0,0,0,0,0,0,0,0,0,0
390133,1,1,0,0,0,0,0,0,0,0,0,0
390133,2,1,0,0,0,0,0,0,0,0,0,0
390134,1,1,0,0,0,0,0,0,0,0,0,0
390135,1,1,20,20,20,20,20,20,20,20,20,20
390136,1,1,0,0,0,0,0,0,0,0,0,0
390136,2,1,0,0,0,6,0,0,0,0,0,0
390137,1,1,0,0,0,0,0,0,0,0,0,0
390137,2,1,5,5,5,5,5,5,5,5,5,5
390138,1,1,0,0,0,0,0,0,0,0,0,0
390138,2,1,0,0,0,0,0,0,0,0,0,0
390140,1,1,0,0,0,0,0,0,0,0,0,0
390141,1,1,17,17,17,17,17,17,17,17,17,17
390142,0,1,0,0,0,0,0,0,0,0,0,0
390142,1,1,21,0,28,18,0,19,11,0,0,29
390143,1,1,15,15,15,15,15,15,15,15,15,15
390144,1,1,17,17,17,17,17,17,17,17,17,17
390145,1,1,0,0,0,0,0,0,0,0,0,0
390145,2,1,0,0,0,0,0,0,0,0,0,0
390146,0,1,34,34,34,34,34,34,34,34,34,34
390146,1,1,0,0,0,0,0,0,0,0,0,0
390147,1,1,0,0,0,0,0,0,0,0,0,0
390147,2,1,0,0,0,0,0,0,0,0,0,0
390148,0,1,0,0,0,0,0,0,0,0,0,0
390148,1,1,0,0,0,0,0,0,0,0,0,0
390148,2,1,0,0,0,0,0,0,0,0,0,0
390149,0,1,11,11,11,11,11,11,11,11,11,11
390149,1,1,0,0,0,0,0,0,0,0,0,6
390150,1,1,0,0,0,0,0,0,0,23,0,0
390150,2,1,0,0,0,0,0,0,0,0,0,0
390151,1,1,0,0,0,0,0,0,0,0,0,0
390151,2,1,0,0,0,0,0,0,0,0,0,0
390152,1,1,0,0,0,0,0,0,0,0,0,0
390152,2,1,0,0,0,0,0,0,0,0,0,0
390153,1,1,0,0,0,0,0,0,0,0,0,0
390153,2,1,0,0,0,0,0,0,0,0,0,0
390154,0,1,14,14,14,14,14,14,14,14,14,14
390154,1,1,0,0,0,0,0,0,0,0,0,0
390155,1,1,0,0,0,0,0,0,0,0,0,0
390155,2,1,0,0,0,0,0,0,0,0,0,0
390156,1,1,0,0,0,0,0,0,0,0,0,0
390156,2,1,0,0,0,0,0,0,0,0,0,0
390156,3,1,6,6,6,6,6,6,6,6,6,6
390157,1,1,0,0,0,0,0,0,0,0,0,0
390157,2,1,0,0,0,0,0,0,0,0,0,0
390157,3,1,0,0,0,0,0,0,0,0,0,0
390158,2,1,0,0,0,0,0,0,0,0,0,0
390159,1,1,0,0,0,0,5,0,0,0,0,0
390160,1,1,0,0,6,0,0,0,0,0,0,0
390161,0,1,0,0,0,0,0,0,0,0,0,0
390161,1,1,12,0,16,8,0,0,3,0,0,25
390162,1,1,0,0,0,0,0,0,0,0,0,0
390163,1,1,0,0,31,0,0,0,0,0,0,0
390164,1,1,0,0,0,0,0,0,0,0,0,0
390164,2,1,14,0,0,11,0,0,0,0,34,0
390165,1,1,0,0,0,0,0,0,0,0,0,0
390165,2,1,0,0,0,0,0,0,0,0,0,0
390165,3,1,0,0,0,0,0,0,0,0,0,0
390166,0,1,0,0,0,0,0,0,0,0,0,0
390166,1,1,0,0,0,0,0,0,0,0,0,0
390167,1,1,0,0,0,0,0,0,0,0,0,0
390167,2,1,0,0,0,0,0,0,0,0,0,0
390168,1,1,0,0,0,0,0,0,0,0,0,0
390169,1,1,0,0,0,0,0,0,0,0,16,0
390169,2,1,0,0,0,0,0,0,0,0,0,0
390170,1,1,0,0,0,0,0,0,0,0,0,0
390171,0,1,0,0,0,0,0,0,0,0,0,0
390171,1,1,0,0,0,0,0,0,0,0,0,0
390172,0,1,28,28,28,28,28,28,28,28,28,28
390172,1,1,0,0,19,27,17,0,0,0,0,6
390172,2,1,0,30,0,0,0,0,0,0,0,0
390173,1,1,0,0,0,0,0,0,0,0,0,0
390174,1,1,0,0,0,0,0,0,0,0,0,0
390174,2,1,0,0,0,0,0,0,0,0,0,0
390176,1,1,12,12,12,12,12,12,12,12,12,12
390177,1,1,0,0,0,0,0,0,0,0,0,0
390178,1,1,0,0,0,0,0,0,0,0,0,0
390178,2,1,0,0,8,0,0,0,0,0,0,0
390179,1,1,0,0,0,0,0,0,0,0,0,0
390179,2,1,0,0,0,0,0,0,0,3,0,0
390180,1,1,0,0,0,0,0,0,0,0,0,0
390180,2,1,0,0,0,0,0,0,0,0,0,0
390181,1,1,7,7,7,7,7,7,7,7,7,7
390182,1,1,23,23,23,23,23,23,23,23,23,23
390182,2,1,7,7,7,7,7,7,7,7,7,7
390183,1,1,19,16,21,7,6,21,14,4,0,19
390183,2,1,0,0,0,0,0,0,0,0,0,0
390184,1,1,0,0,0,0,0,0,0,0,0,0
390184,2,1,36,36,36,36,36,36,36,36,36,36
390184,3,1,0,0,0,0,0,0,0,0,0,0
390185,1,1,0,0,22,0,0,0,0,0,0,32
390186,1,1,16,16,16,16,16,16,16,16,16,16
390186,2,1,0,0,0,0,0,0,0,0,0,0
390187,1,1,0,0,0,0,0,0,0,0,0,0
390187,2,1,0,0,0,0,0,0,0,0,0,0
390188,1,1,22,6,22,12,9,8,14,18,10,17
390189,1,1,0,0,0,0,0,0,0,0,0,0
390190,1,1,0,0,0,0,0,0,0,0,0,0
390190,2,1,0,0,0,0,0,0,0,0,0,0
390191,0,1,10,10,10,10,10,10,10,10,10,10
390191,1,1,0,24,0,0,8,0,0,20,0,0
390192,1,1,26,26,26,26,26,26,26,26,26,26
390193,1,1,0,0,0,0,0,0,0,0,0,0
390193,2,1,0,0,0,0,0,0,0,0,0,0
390194,1,1,0,0,0,0,0,0,0,0,0,0
390194,2,1,0,0,0,0,0,0,0,26,0,0
390194,3,1,0,9,0,0,0,0,0,0,0,0
390194,4,1,0,0,0,0,0,14,0,0,0,0
390195,1,1,0,0,0,0,0,0,0,0,0,0
390195,2,1,0,40,0,0,0,0,0,0,0,0
390197,1,1,0,0,0,0,0,0,0,0,0,22
390198,1,1,0,0,0,0,0,0,0,0,12,0
390199,1,1,0,0,0,0,0,0,0,0,0,0
390200,1,1,20,20,20,20,20,20,20,20,20,20
390201,1,1,0,0,0,0,0,0,0,0,0,0
390202,1,1,0,24,0,0,0,0,0,0,0,0
390202,2,1,0,0,0,0,0,0,0,0,0,0
390204,1,1,0,0,0,0,0,0,0,0,0,0
390204,2,1,0,0,0,0,0,0,0,0,0,0
390205,1,1,0,0,0,0,0,0,0,0,0,0
390206,1,1,16,16,16,16,16,16,16,16,16,16
390207,1,1,0,0,0,0,0,0,0,0,0,0
390208,1,1,0,0,0,0,0,0,0,0,0,0
390208,2,1,0,0,0,0,0,0,0,0,0,0
390209,1,1,0,0,0,0,0,0,0,0,0,0
390209,2,1,0,0,0,0,0,0,0,0,0,0
390210,0,1,28,33,0,12,19,14,31,14,29,5
390210,1,1,0,0,0,0,0,0,0,0,0,0
390211,1,1,0,0,0,0,0,0,0,0,0,0
390211,2,1,0,0,0,0,0,0,0,0,0,0
390211,3,1,0,0,0,0,0,0,0,0,0,0
390212,1,1,29,29,29,29,29,29,29,29,29,29
390213,1,1,0,0,0,0,0,0,0,0,0,0
390214,1,1,0,0,0,0,0,0,0,0,0,0
390214,2,1,0,0,0,0,0,0,0,0,0,0
390216,1,1,0,0,0,0,0,0,0,0,0,0
390217,1,1,0,0,0,0,0,0,0,0,0,0
390217,2,1,0,0,0,0,0,0,0,0,0,0
390217,3,1,0,0,0,0,0,0,0,0,0,0
390217,4,1,0,0,0,0,0,0,0,0,0,0
390218,1,1,15,15,15,15,15,15,15,15,15,15
390219,1,1,0,0,0,0,0,0,0,0,0,0
390219,2,1,0,0,0,0,0,0,0,0,0,0
390220,1,1,20,20,20,20,20,20,20,20,20,20
390221,1,1,0,0,0,0,0,0,0,0,0,0
390221,2,1,0,0,0,0,0,0,0,0,0,0
390221,3,1,0,0,0,0,0,0,0,0,0,0
390222,1,1,0,0,0,0,0,0,0,0,0,0
390222,2,1,0,0,0,0,0,0,0,0,0,0
390223,1,1,19,19,19,19,19,19,19,19,19,19
390224,0,1,0,0,0,0,0,0,0,0,0,0
390224,1,1,0,0,0,0,0,0,0,0,0,0
390225,1,1,0,0,0,0,0,0,0,0,0,0
390226,1,1,0,0,0,0,0,0,0,0,0,0
390226,2,1,0,0,0,0,0,0,0,0,0,0
390227,1,1,0,0,0,0,0,0,0,0,0,0
390227,2,1,0,0,0,0,12,0,0,0,0,0
390228,1,1,0,0,0,0,0,0,0,0,0,0
390229,0,1,0,0,0,0,0,0,0,0,16,0
390229,1,1,0,0,0,0,0,0,0,0,0,0
390230,1,1,0,0,0,0,0,0,0,0,0,0
390230,2,1,0,0,0,0,0,0,0,0,0,0
390231,1,1,16,16,16,16,16,16,16,16,16,16
390232,1,1,0,0,0,0,0,18,0,0,0,0
390233,1,1,0,0,0,0,0,0,0,0,0,0
390233,2,1,0,0,0,0,0,0,0,0,0,0
390234,1,1,15,15,15,15,15,15,15,15,15,15
390235,1,1,0,0,0,0,0,0,0,0,0,0
390235,2,1,0,0,0,0,0,0,0,0,0,0
390236,1,1,25,25,25,25,25,25,25,25,25,25
390237,1,1,16,16,16,16,16,16,16,16,16,16
390238,0,1,0,0,0,0,0,0,0,0,0,0
390238,1,1,0,0,0,0,0,0,0,0,0,0
390239,1,1,0,0,0,0,0,0,0,0,0,0
390240,1,1,0,0,0,0,0,0,0,0,0,0
390240,2,1,0,0,0,0,0,0,0,0,0,0
390241,1,1,0,0,0,0,0,0,0,0,0,0
390242,1,1,0,0,0,0,0,0,0,0,0,0
390242,2,1,0,0,0,0,0,0,0,0,0,0
390244,1,1,0,19,0,0,0,0,0,0,0,0
390244,2,1,0,0,0,0,0,0,0,0,0,0
390244,3,1,0,0,0,0,0,0,0,0,0,0
390245,1,1,0,0,0,0,0,0,0,0,0,0
390245,2,1,2,2,2,2,2,2,2,2,2,2
390246,1,1,0,0,0,0,0,0,0,0,0,0
390246,2,1,0,0,0,0,0,0,0,0,0,0
390247,1,1,21,21,21,21,21,21,21,21,21,21
390248,1,1,22,22,22,22,22,22,22,22,22,22
390249,2,1,0,0,0,0,31,0,0,0,0,0
390250,1,1,0,0,0,0,0,0,0,0,0,0
390250,2,1,0,0,0,0,0,0,0,0,0,0
390251,1,1,0,0,0,0,0,0,0,0,0,0
390252,1,1,18,18,18,18,18,18,18,18,18,18
390253,1,1,0,0,0,0,0,0,0,0,0,0
390253,2,1,0,0,0,0,0,0,0,0,0,0
390254,1,1,0,0,0,0,0,0,0,0,0,0
390254,2,1,0,0,0,0,0,0,0,0,0,0
390254,3,1,18,0,0,0,0,0,0,0,0,0
390255,1,1,0,0,0,0,0,0,0,0,0,0
390255,2,1,0,0,0,0,0,0,0,0,0,0
390255,3,1,0,0,0,0,0,0,0,0,0,0
390256,1,1,7,7,7,7,7,7,7,7,7,7
390257,1,1,0,0,0,0,0,0,0,0,0,0
390259,1,1,0,0,0,0,0,0,0,0,0,0
390259,2,1,0,0,2,0,0,0,0,0,0,0
390259,3,1,0,0,0,0,0,0,0,0,0,0
390260,0,1,0,0,22,0,0,0,0,0,0,0
390260,1,1,17,0,17,0,0,0,0,0,0,0
390261,1,1,0,11,0,0,0,0,0,0,0,0
390261,2,1,43,43,43,43,43,43,43,43,43,43
390262,1,1,0,0,0,0,0,0,0,0,0,0
390262,2,1,0,5,0,0,0,0,0,0,0,13
390263,1,1,0,0,0,0,0,0,0,0,0,0
390264,1,1,9,9,9,9,9,9,9,9,9,9
390265,1,1,8,0,0,36,0,20,0,15,0,0
390266,1,1,0,0,0,0,0,0,0,0,0,0
390266,2,1,0,0,0,0,0,0,0,0,19,0
390267,1,1,0,0,13,0,20,0,0,0,0,0
390268,1,1,13,13,13,13,13,13,13,13,13,13
390269,0,1,0,0,0,0,0,0,0,0,0,0
390269,1,1,0,0,0,0,0,0,0,0,0,0
390270,1,1,9,9,9,9,9,9,9,9,9,9
390270,2,1,9,9,9,9,9,9,9,9,9,9
390271,0,1,25,25,25,25,25,25,25,25,25,25
390271,1,1,0,0,0,0,0,0,0,0,0,0
390272,1,1,0,0,0,0,0,0,0,0,0,0
390272,2,1,0,0,0,0,0,0,0,0,0,0
390273,1,1,0,0,0,0,0,0,0,0,0,0
390273,2,1,0,0,0,0,0,0,0,0,0,0
390274,0,1,19,19,19,19,19,19,19,19,19,19
390274,1,1,0,14,0,13,4,0,10,0,12,25
390275,1,1,0,0,0,0,0,0,0,0,0,0
390276,1,1,17,17,17,17,17,17,17,17,17,17
390277,1,1,11,11,11,11,11,11,11,11,11,11
390278,1,1,0,0,0,0,0,0,0,0,0,0
390279,1,1,0,0,0,0,0,0,0,0,0,0
390279,2,1,0,0,0,0,0,0,0,0,0,0
390280,1,1,32,32,32,32,32,32,32,32,32,32
390280,2,1,0,0,0,0,0,0,0,0,0,0
390280,3,1,0,0,0,0,0,0,0,0,34,0
390281,1,1,0,0,0,0,0,0,0,0,0,0
390281,2,1,0,0,4,0,0,0,41,0,0,0
390282,1,1,0,0,0,0,0,0,0,0,0,0
390283,0,1,20,20,20,20,20,20,20,20,20,20
390283,1,1,0,0,0,0,0,0,0,0,0,0
390284,1,1,0,0,0,0,0,0,0,0,0,0
390285,1,1,0,0,0,0,0,0,0,0,0,0
390285,2,1,0,0,0,0,0,0,0,0,0,0
390286,1,1,0,0,0,0,0,0,0,0,0,0
390286,2,1,0,0,0,0,0,0,0,0,0,0
390287,1,1,0,0,0,0,0,0,0,0,0,0
390288,0,1,0,0,0,0,0,0,0,0,0,0
390288,1,1,0,0,0,0,0,25,0,0,0,0
390289,1,1,0,0,0,0,0,0,0,0,0,0
390289,2,1,0,0,0,0,0,0,0,0,0,0
390290,1,1,17,17,17,17,17,17,17,17,17,17
390291,1,1,21,21,21,21,21,21,21,21,21,21
390291,2,1,0,0,0,0,0,0,0,0,0,0
390292,0,1,0,0,0,0,0,0,0,0,0,0
390292,1,1,13,9,14,0,22,9,22,0,23,7
390293,1,1,11,11,11,11,11,11,11,11,11,11
390294,1,1,0,0,0,0,0,0,0,0,0,0
390296,1,1,0,0,0,0,0,0,0,0,0,0
390296,3,1,0,0,0,0,0,0,0,0,0,0
390297,1,1,0,0,0,0,0,0,0,0,0,0
390298,1,1,37,37,37,37,37,37,37,37,37,37
390298,2,1,0,0,0,0,0,0,0,0,0,0
390299,1,1,0,0,0,0,0,0,0,0,0,0
390299,2,1,0,0,0,0,0,0,0,0,0,0
390301,1,1,24,24,24,24,24,24,24,24,24,24
390302,1,1,0,0,0,0,0,0,0,0,0,0
390302,2,1,0,0,0,0,0,0,0,0,0,0
390303,1,1,25,25,25,25,25,25,25,25,25,25
390304,1,1,0,0,0,0,0,0,0,0,0,0
390304,2,1,0,0,0,0,0,0,0,0,0,0
390305,0,1,0,0,0,0,0,0,0,0,0,0
390305,1,1,28,0,0,0,0,0,0,0,4,0
390306,0,1,16,16,16,16,16,16,16,16,16,16
390306,1,1,24,0,0,8,22,0,26,0,6,0
390307,1,1,0,19,0,0,0,0,0,12,9,0
390308,1,1,0,0,0,0,0,0,0,0,0,0
390308,2,1,0,0,0,0,0,0,0,0,0,0
390309,1,1,0,0,0,0,0,0,0,0,0,0
390310,1,1,0,0,0,0,0,0,0,0,0,0
390310,2,1,0,0,0,0,0,0,0,0,0,0
390311,1,1,21,21,21,21,21,21,21,21,21,21
390312,1,1,10,0,0,0,0,0,0,13,16,15
390313,1,1,18,18,18,18,18,18,18,18,18,18
390314,1,1,10,10,10,10,10,10,10,10,10,10
390315,1,1,22,0,0,0,0,16,0,0,0,0
390315,2,1,27,27,27,27,27,27,27,27,27,27
390316,0,1,19,19,19,19,19,19,19,19,19,19
390316,1,1,0,0,0,0,22,0,0,0,4,0
390317,0,1,0,0,0,0,0,0,0,0,0,0
390317,1,1,0,0,0,0,0,0,0,0,0,0
390318,1,1,0,0,0,0,0,0,0,0,0,0
390318,2,1,26,0,0,0,0,0,0,11,0,4
390319,1,1,0,0,0,0,0,0,0,0,0,0
390319,2,1,0,0,0,0,0,0,0,0,0,0
390320,1,1,0,0,0,0,0,0,0,0,0,0
390321,0,1,0,0,0,0,0,0,0,0,0,0
390321,1,1,0,0,0,0,4,0,0,0,0,0
390322,1,1,19,19,19,19,19,19,19,19,19,19
390323,1,1,22,22,22,22,22,22,22,22,22,22
390324,1,1,21,21,21,21,21,21,21,21,21,21
390325,1,1,0,0,0,0,0,0,0,0,0,0
390326,1,1,0,7,0,0,17,0,0,0,12,13
390327,1,1,20,20,20,20,20,20,20,20,20,20
390328,1,1,0,0,0,0,0,0,0,0,0,0
390328,2,1,0,0,0,0,0,0,0,0,0,0
390328,3,1,0,0,0,0,0,0,0,0,0,0
390329,1,1,16,18,4,12,12,22,30,34,20,15
390330,1,1,0,0,0,0,0,0,0,0,0,0
390331,1,1,0,0,15,0,0,0,18,0,0,0
390332,1,1,0,0,0,0,0,0,0,0,0,0
390332,2,1,0,0,0,0,0,0,0,0,0,0
390333,1,1,14,14,14,14,14,14,14,14,14,14
390334,1,1,0,0,0,0,0,0,0,0,0,0
390335,1,1,23,23,23,23,23,23,23,23,23,23
390336,1,1,0,0,0,0,0,0,0,0,0,0
390337,1,1,0,0,0,0,0,0,0,0,0,0
390337,2,1,0,0,0,0,0,0,0,0,0,0
390338,1,1,0,0,0,0,0,0,0,0,0,0
390339,1,1,0,0,0,0,36,0,0,0,0,11
390340,1,1,0,0,0,0,22,0,0,0,0,0
390341,0,1,29,29,29,29,29,29,29,29,29,29
390341,1,1,2,2,2,2,2,2,2,2,2,2
390342,1,1,18,18,18,18,18,18,18,18,18,18
390343,1,1,28,28,28,28,28,28,28,28,28,28
390344,1,1,0,0,0,0,0,0,0,0,0,0
390344,2,1,0,0,0,0,0,0,0,0,0,0
390345,0,1,29,29,29,29,29,29,29,29,29,29
390345,1,1,14,4,30,20,0,0,20,29,25,10
390346,1,1,0,0,0,0,0,0,0,0,0,0
390346,2,1,0,0,0,0,0,0,0,0,0,0
390347,1,1,0,0,0,0,0,0,9,0,0,0
390348,1,1,21,21,21,21,21,21,21,21,21,21
390349,1,1,0,0,0,0,0,0,0,0,0,0
390349,2,1,0,0,0,0,0,0,0,0,0,0
390350,1,1,0,0,0,0,0,0,0,0,0,0
390350,2,1,0,0,0,0,0,0,0,0,0,0
390350,3,1,0,0,0,0,0,0,0,0,0,0
390351,1,1,0,0,0,0,0,0,0,0,0,0
390351,2,1,0,0,0,8,0,0,0,0,0,0
390352,1,1,0,0,0,0,0,0,0,0,0,0
390353,1,1,0,0,0,0,0,0,0,0,0,0
390353,2,1,0,0,0,0,0,0,0,0,0,0
390354,1,1,0,0,0,0,0,0,0,0,0,0
390354,2,1,0,0,0,0,0,0,0,0,0,0
390355,0,1,25,25,25,25,25,25,25,25,25,25
390355,1,1,0,0,0,0,0,0,0,0,0,0
390356,1,1,19,19,19,19,19,19,19,19,19,19
390357,1,1,0,0,0,0,0,0,0,0,0,0
390358,1,1,0,0,0,0,0,0,0,0,0,0
390359,1,1,22,22,22,22,22,22,22,22,22,22
390359,2,1,0,0,0,0,0,0,0,0,0,0
390360,1,1,10,10,10,10,10,10,10,10,10,10
390361,1,1,0,0,0,0,0,0,0,0,0,0
390361,2,1,0,0,0,0,0,0,0,0,0,0
390361,3,1,0,0,0,0,0,0,0,0,0,0
390362,1,1,0,0,0,0,0,0,0,0,0,0
390363,1,1,0,0,0,0,0,0,0,0,0,0
390364,1,1,0,0,0,0,0,0,0,0,0,0
390364,2,1,0,0,0,0,0,0,0,0,0,0
390365,1,1,19,19,19,19,19,19,19,19,19,19
390365,2,1,0,0,0,0,0,0,0,15,0,0
390366,1,1,0,0,0,0,0,0,0,0,0,0
390366,2,1,0,0,0,0,0,0,0,0,0,0
390367,0,1,0,0,0,0,0,0,0,0,0,0
390367,1,1,0,0,0,0,0,0,0,0,0,0
390368,1,1,0,0,0,0,0,0,0,0,0,0
390368,2,1,0,0,0,0,0,0,0,0,0,0
390369,1,1,0,0,0,0,0,0,0,0,0,0
390369,2,1,0,0,0,0,0,0,0,0,0,0
390370,1,1,28,28,28,28,28,28,28,28,28,28
390371,1,1,23,23,23,23,23,23,23,23,23,23
390372,1,1,0,0,0,0,0,0,0,0,0,0
390372,2,1,0,0,0,0,0,0,0,0,0,0
390373,1,1,0,0,0,0,0,0,0,0,0,0
390373,2,1,0,0,9,0,0,0,0,0,0,0
390374,1,1,12,21,8,14,21,18,10,11,17,18
390375,1,1,0,0,0,0,0,0,0,0,0,0
390375,2,1,0,0,0,0,0,0,0,0,0,0
390377,1,1,0,0,0,0,0,0,0,0,0,0
390377,2,1,0,0,0,0,0,0,0,0,0,0
390378,1,1,0,0,0,0,0,0,0,0,0,0
390378,2,1,0,0,0,0,0,0,0,0,10,0
390379,1,1,0,0,0,0,0,0,0,0,11,0
390379,2,1,0,0,0,0,0,0,0,0,0,0
390380,1,1,0,0,0,0,0,0,0,0,0,0
390381,1,1,0,0,0,0,0,0,0,0,0,0
390381,2,1,0,0,0,0,0,0,0,0,0,0
390382,1,1,0,0,0,0,0,0,0,0,0,0
390383,1,1,0,0,0,0,0,0,0,0,0,0
390384,1,1,31,14,21,18,9,12,20,14,31,16
390385,1,1,0,0,0,0,0,0,0,0,0,0
390385,2,1,0,16,0,0,0,0,0,0,11,0
390386,1,1,0,0,0,0,0,0,0,0,0,0
390386,2,1,0,0,0,0,0,0,0,0,0,0
390387,1,1,0,0,0,0,0,0,0,0,0,0
390387,2,1,0,0,0,0,0,0,0,0,0,0
390388,1,1,0,0,0,0,0,0,0,0,0,0
390388,2,1,0,0,0,0,0,0,0,0,0,0
390389,1,1,0,0,0,0,0,0,0,0,0,0
390389,2,1,0,0,0,23,0,0,0,0,0,0
390390,1,1,0,0,0,0,0,0,0,0,0,0
390390,2,1,0,0,0,0,4,0,0,0,0,0
390391,1,1,0,0,0,0,0,0,0,8,0,0
390392,1,1,0,0,0,0,0,0,0,0,0,0
390392,2,1,0,0,0,0,0,0,0,0,0,0
390393,1,1,0,0,0,0,0,0,0,0,0,0
390394,1,1,32,0,7,14,23,8,21,7,31,6
390394,2,1,0,0,14,0,0,0,0,0,13,0
390395,0,1,0,0,0,0,0,0,0,0,0,0
390395,1,1,23,23,23,23,23,23,23,23,23,23
390396,1,1,0,0,14,0,0,0,0,0,19,0
390396,2,1,0,0,0,0,0,0,0,0,0,0
390396,3,1,0,0,0,0,0,0,0,0,0,0
390397,1,1,0,0,0,0,0,0,0,0,0,0
390397,2,1,0,0,0,0,0,0,0,0,0,0
390398,1,1,21,21,21,21,21,21,21,21,21,21
390398,2,1,0,0,0,0,0,0,21,0,0,0
390399,1,1,19,19,19,19,19,19,19,19,19,19
390400,1,1,16,16,16,16,16,16,16,16,16,16
390401,1,1,0,0,0,0,0,0,0,0,0,0
390402,1,1,0,0,0,0,0,0,0,0,20,0
390402,2,1,0,0,0,0,0,25,0,0,0,0
390403,1,1,0,0,0,0,0,0,0,0,0,0
390403,2,1,0,0,0,0,0,0,0,0,0,20
390404,1,1,0,0,0,0,0,0,0,17,20,43
390404,2,1,10,10,10,10,10,10,10,10,10,10
390405,1,1,0,0,0,0,0,0,0,0,0,0
390405,2,1,33,33,33,33,33,33,33,33,33,33
390406,1,1,7,7,7,7,7,7,7,7,7,7
390407,1,1,0,0,0,0,0,0,0,0,0,0