ST_CASE,VEH_NO,PER_NO,P1,P2,P3,P4,P5,P6,P7,P8,P9,P10
390724,1,1,0,0,0,0,0,0,0,0,0,0
390725,1,1,0,0,0,0,0,0,0,0,0,0
390726,1,1,0,0,0,0,0,0,0,13,0,0
390726,2,1,0,0,0,0,0,0,0,0,0,0
390727,1,1,21,21,21,21,21,21,21,21,21,21
390728,1,1,19,19,19,19,19,19,19,19,19,19
390729,1,1,20,20,20,20,20,20,20,20,20,20
390730,1,1,0,0,0,0,0,0,0,0,0,0
390730,2,1,0,0,0,0,0,0,0,0,0,14
390731,1,1,0,0,0,0,0,0,0,0,0,0
390731,2,1,17,17,17,17,17,17,17,17,17,17
390732,1,1,0,0,0,0,0,0,0,0,0,0
390733,1,1,0,0,0,0,0,0,0,0,0,0
390733,2,1,0,0,0,0,0,0,0,0,0,0
390734,1,1,16,13,12,10,0,14,13,10,12,35
390735,1,1,0,0,0,0,0,0,0,0,0,0
390736,1,1,0,0,0,0,0,0,0,0,0,0
390736,2,1,0,0,0,0,0,0,0,0,0,0
390736,3,1,0,0,0,0,0,0,0,0,0,0
390737,1,1,0,0,0,0,0,0,0,0,0,0
390737,2,1,0,0,0,0,0,0,0,0,0,0
390738,1,1,0,0,0,0,0,0,0,0,0,0
390739,0,1,0,0,0,0,0,0,0,0,0,0
390739,1,1,0,0,0,0,0,0,0,0,0,0
390740,1,1,0,0,0,0,0,0,0,0,0,0
390741,1,1,0,0,0,0,28,0,0,0,0,0
390742,1,1,0,0,0,0,0,0,0,0,0,0
390742,2,1,0,0,0,0,0,0,0,0,0,0
390743,1,1,0,0,0,0,0,0,0,0,0,0
390744,1,1,0,0,0,0,0,0,0,0,0,0
390744,2,1,0,0,0,0,0,0,0,0,0,0
390745,1,1,3,3,3,3,3,3,3,3,3,3
390746,1,1,4,4,4,4,4,4,4,4,4,4
390746,2,1,0,0,0,0,0,0,0,0,0,0
390747,1,1,0,0,0,0,0,0,0,0,0,0
390747,2,1,0,0,0,0,0,0,0,0,0,0
390748,1,1,11,11,11,11,11,11,11,11,11,11
390749,1,1,0,0,0,0,0,0,0,0,0,0
390749,2,1,0,0,0,0,0,0,0,0,0,0
390749,3,1,0,0,0,0,0,0,0,0,0,0
390750,0,1,11,11,11,11,11,11,11,11,11,11
390750,1,1,0,0,0,0,0,0,0,0,0,0
390751,1,1,0,0,0,0,0,0,0,0,0,0
390751,2,1,0,0,0,0,0,0,0,0,0,0
390752,1,1,0,0,0,0,0,0,0,0,0,0
390752,2,1,0,0,0,0,0,0,0,0,0,0
390753,1,1,0,0,0,0,0,0,0,0,0,0
390754,1,1,16,16,16,16,16,16,16,16,16,16
390755,1,1,0,0,0,0,0,0,0,0,0,0
390755,2,1,25,25,25,25,25,25,25,25,25,25
390756,1,1,0,0,0,0,0,0,0,0,0,0
390756,2,1,0,0,0,0,0,0,0,0,0,0
390757,1,1,0,0,0,0,0,0,0,0,0,0
390758,1,1,0,0,0,0,0,0,0,0,0,0
390759,1,1,24,24,24,24,24,24,24,24,24,24
390760,1,1,0,0,0,0,0,0,0,0,0,0
390760,2,1,0,0,0,0,0,0,0,0,0,0
390761,1,1,11,11,11,11,11,11,11,11,11,11
390762,1,1,24,24,24,24,24,24,24,24,24,24
390763,1,1,13,13,13,13,13,13,13,13,13,13
390764,0,1,16,16,16,16,16,16,16,16,16,16
390764,1,1,0,0,0,0,0,0,0,13,0,0
390765,1,1,3,14,11,10,7,11,15,11,7,20
390765,2,1,11,17,11,4,13,12,0,8,3,11
390766,1,1,0,0,0,0,0,0,0,0,0,0
390766,2,1,0,0,5,0,0,0,39,0,0,0
390767,1,1,3,8,8,11,35,7,36,4,4,6
390767,2,1,2,5,21,26,4,14,16,0,11,8
390767,3,1,15,12,32,12,15,8,13,33,19,20
390768,1,1,9,9,9,9,9,9,9,9,9,9
390769,1,1,0,0,0,0,0,0,0,0,0,0
390769,2,1,0,0,0,0,0,0,0,0,0,0
390770,0,1,0,0,0,29,16,0,0,32,31,0
390770,1,1,19,19,19,19,19,19,19,19,19,19
390771,1,1,12,9,16,6,16,26,10,28,4,5
390772,1,1,0,0,0,0,0,0,0,0,0,0
390772,2,1,0,0,0,0,0,0,0,0,0,0
390773,0,1,0,0,0,0,0,0,0,0,28,0
390773,0,2,0,0,0,0,0,0,0,0,0,0
390773,0,3,0,0,0,0,0,0,0,0,0,0
390773,0,4,0,0,0,0,0,0,0,0,0,0
390773,1,1,0,0,0,0,0,0,0,0,0,0
390775,1,1,12,12,12,12,12,12,12,12,12,12
390776,0,1,0,0,0,0,0,0,0,0,0,0
390776,1,1,0,0,0,0,0,0,0,0,25,0
390777,1,1,0,0,0,0,0,0,0,16,0,0
390778,1,1,0,0,0,0,0,0,0,0,0,0
390779,1,1,0,23,0,0,0,0,0,0,0,13
390779,2,1,0,0,0,0,0,0,0,0,0,0
390780,1,1,0,0,0,0,0,0,0,0,0,0
390780,2,1,0,0,0,0,0,0,0,0,0,0
390781,1,1,0,0,0,0,0,0,0,0,0,0
390781,2,1,0,0,0,0,0,0,0,0,0,0
390782,1,1,10,0,6,3,10,0,16,11,26,13
390782,2,1,0,0,0,0,0,0,0,0,0,0
390783,1,1,0,24,0,0,0,0,0,0,0,0
390784,1,1,0,10,0,0,0,0,0,0,0,0
390785,1,1,0,0,0,0,0,0,0,0,0,0
390786,0,1,24,24,24,24,24,24,24,24,24,24
390786,1,1,19,19,19,19,19,19,19,19,19,19
390787,1,1,0,0,0,0,0,0,0,0,0,0
390788,1,1,24,24,24,24,24,24,24,24,24,24
390789,1,1,0,0,0,0,0,0,0,0,0,0
390789,2,1,0,0,0,0,0,0,0,0,0,0
390790,1,1,0,0,0,0,0,0,0,0,0,0
390790,2,1,0,0,0,0,0,0,0,0,0,0
390791,1,1,0,0,0,0,0,0,0,0,0,0
390791,2,1,0,0,0,0,0,0,0,0,0,0
390792,1,1,21,21,21,21,21,21,21,21,21,21
390793,1,1,5,5,5,5,5,5,5,5,5,5
390794,1,1,0,0,0,0,0,0,0,0,0,0
390794,2,1,0,0,0,0,0,0,0,0,0,0
390795,1,1,0,0,0,0,0,0,0,0,0,0
390795,2,1,0,0,0,0,0,0,0,0,0,0
390796,1,1,0,0,0,0,0,0,0,0,0,0
390796,2,1,0,0,0,0,0,0,0,0,0,0
390797,1,1,26,26,26,26,26,26,26,26,26,26
390798,1,1,0,0,0,0,0,0,0,0,0,0
390799,1,1,0,0,0,0,0,0,0,0,0,0
390800,1,1,28,28,28,28,28,28,28,28,28,28
390801,1,1,0,26,0,0,0,0,0,0,0,0
390801,2,1,0,0,0,0,0,0,0,0,0,0
390802,1,1,0,0,0,0,0,0,0,0,0,0
390803,1,1,0,0,0,0,0,0,0,0,0,0
390803,2,1,33,33,33,33,33,33,33,33,33,33
390804,1,1,0,0,0,0,0,0,0,0,0,0
390805,1,1,0,20,0,0,0,0,0,0,0,0
390805,2,1,0,0,0,0,0,0,0,0,0,0
390806,1,1,0,0,0,0,0,0,0,0,0,0
390807,0,1,0,0,0,0,0,0,0,0,0,0
390807,1,1,0,0,0,0,0,0,0,0,0,0
390808,0,1,0,0,0,0,0,0,0,0,0,0
390808,1,1,13,0,0,0,0,0,0,0,0,0
390808,2,1,0,0,0,0,10,0,0,0,0,0
390809,0,1,0,0,0,0,0,0,0,0,0,0
390809,1,1,0,0,0,0,0,0,0,0,0,0
390810,0,1,0,0,0,0,0,0,0,0,0,0
390810,1,1,0,0,0,0,0,0,0,0,0,0
390811,0,1,0,0,0,0,0,0,0,0,0,0
390811,1,1,0,0,0,0,6,0,0,0,0,13
390812,1,1,0,0,0,0,0,0,0,0,0,0
390812,2,1,0,0,0,0,0,0,0,0,0,0
390813,1,1,0,0,0,0,0,0,0,0,0,0
390814,1,1,0,0,0,0,0,0,0,0,0,0
390815,1,1,34,34,34,34,34,34,34,34,34,34
390815,2,1,0,0,0,0,0,0,0,0,0,0
390816,1,1,0,0,0,0,0,0,0,0,0,0
390816,2,1,15,0,0,0,0,0,0,0,16,0
390817,1,1,0,0,0,0,0,0,0,0,0,0
390818,1,1,0,0,0,0,0,0,0,0,0,0
390819,1,1,0,0,0,0,0,0,0,0,0,0
390819,2,1,0,0,0,0,0,0,0,0,0,0
390819,3,1,0,0,0,0,0,0,0,0,0,0
390820,1,1,0,0,0,0,0,0,0,0,0,0
390820,2,1,0,0,0,0,0,0,0,0,0,0
390820,3,1,0,0,0,0,0,0,0,0,0,0
390821,1,1,0,0,0,0,0,0,0,0,0,0
390821,2,1,0,0,0,0,0,0,0,0,0,0
390822,1,1,0,0,0,0,0,0,0,0,0,0
390822,2,1,0,0,0,0,0,0,0,0,0,0
390822,3,1,0,0,11,0,0,0,0,0,0,0
390823,1,1,0,0,0,0,0,0,0,0,0,0
390823,2,1,0,0,0,0,0,0,0,0,0,0
390823,3,1,0,0,0,0,7,0,0,0,0,0
390823,4,1,0,0,0,0,0,0,0,0,0,0
390824,1,1,0,0,0,0,0,0,0,0,0,0
390825,1,1,0,0,0,0,0,0,0,0,0,0
390826,1,1,0,0,0,0,0,0,0,0,0,0
390827,1,1,19,19,19,19,19,19,19,19,19,19
390828,1,1,9,9,9,9,9,9,9,9,9,9
390830,1,1,13,0,0,0,0,0,0,0,17,0
390830,2,1,13,13,13,13,13,13,13,13,13,13
390831,1,1,0,9,0,0,0,0,0,0,0,0
390832,1,1,15,15,15,15,15,15,15,15,15,15
390833,1,1,32,32,32,32,32,32,32,32,32,32
390834,1,1,0,0,0,0,0,0,0,0,0,0
390835,1,1,0,0,0,0,0,0,18,0,0,9
390835,2,1,0,0,0,17,0,0,0,17,5,0
390836,1,1,2,2,2,2,2,2,2,2,2,2
390836,2,1,0,0,0,0,0,0,0,0,0,0
390837,1,1,0,0,0,0,0,0,0,0,0,0
390837,2,1,0,0,0,0,0,0,0,0,0,0
390837,3,1,29,29,29,29,29,29,29,29,29,29
390838,1,1,23,23,23,23,23,23,23,23,23,23
390838,2,1,0,0,0,0,0,0,0,0,0,0
390839,1,1,0,0,0,0,0,0,0,0,0,0
390840,1,1,15,20,23,3,8,18,9,31,34,0
390840,2,1,0,0,0,0,0,0,0,0,0,0
390841,0,1,0,0,0,0,0,0,0,0,0,0
390841,0,2,0,0,0,0,0,0,0,0,0,0
390841,1,1,0,0,0,0,0,0,0,0,0,0
390842,1,1,13,13,13,13,13,13,13,13,13,13
390843,1,1,0,0,0,0,0,0,0,0,0,0
390844,1,1,0,0,0,0,0,0,0,0,0,0
390844,2,1,0,0,0,0,0,0,0,0,0,0
390845,1,1,0,0,0,0,0,0,0,0,0,0
390846,1,1,0,0,0,0,0,0,0,0,0,0
390846,2,1,0,0,0,0,0,0,0,0,0,0
390847,1,1,11,11,11,11,11,11,11,11,11,11
390848,1,1,0,0,0,0,0,19,0,0,0,0
390849,1,1,10,10,10,10,10,10,10,10,10,10
390849,2,1,1,1,1,1,1,1,1,1,1,1
390849,3,1,0,0,0,0,0,0,0,0,0,14
390849,4,1,0,0,0,0,0,0,0,0,0,0
390850,1,1,8,8,8,8,8,8,8,8,8,8
390850,2,1,0,0,0,0,0,0,0,0,0,0
390851,1,1,0,0,0,0,0,0,0,0,0,0
390852,1,1,24,24,24,24,24,24,24,24,24,24
390853,1,1,0,0,0,0,0,0,27,0,0,0
390853,2,1,0,0,0,0,0,0,0,0,0,0
390854,1,1,2,2,2,2,2,2,2,2,2,2
390854,2,1,0,0,0,0,0,0,0,0,0,0
390854,3,1,7,0,0,0,0,0,0,0,0,0
390855,1,1,0,0,0,0,0,0,0,0,0,0
390855,2,1,2,2,2,2,2,2,2,2,2,2
390856,1,1,0,0,0,0,0,0,0,0,0,0
390856,2,1,0,0,0,0,0,0,0,0,0,0
390857,1,1,20,20,20,20,20,20,20,20,20,20
390858,1,1,18,18,18,18,18,18,18,18,18,18
390858,2,1,0,0,0,0,0,0,0,0,0,0
390858,3,1,0,0,0,0,0,0,0,0,0,0
390858,4,1,0,0,0,0,0,0,0,0,0,0
390859,1,1,0,0,0,0,0,0,0,0,0,0
390859,2,1,0,0,0,0,0,0,0,0,0,0
390860,1,1,0,0,0,0,0,0,0,0,0,0
390861,1,1,0,0,0,0,0,0,0,0,0,0
390862,0,1,0,0,20,19,0,0,0,15,13,0
390862,0,2,0,23,0,28,0,0,0,0,0,0
390862,1,1,0,0,17,0,0,32,0,0,0,0
390863,1,1,22,22,22,22,22,22,22,22,22,22
390864,1,1,0,0,0,0,0,0,0,0,0,0
390864,2,1,0,0,0,0,0,0,0,0,0,0
390865,1,1,0,0,0,0,0,0,0,0,0,0
390865,2,1,0,0,0,0,0,0,0,0,0,0
390867,0,1,0,0,0,0,0,0,0,0,0,0
390867,1,1,0,0,0,0,0,0,0,0,0,0
390868,1,1,14,14,14,14,14,14,14,14,14,14
390869,1,1,21,21,21,21,21,21,21,21,21,21
390870,1,1,0,0,0,0,0,0,0,0,0,0
390871,1,1,31,31,31,31,31,31,31,31,31,31
390872,1,1,0,0,0,0,0,0,0,0,0,0
390872,2,1,14,0,0,0,0,0,0,0,0,0
390872,3,1,0,0,0,0,0,0,0,0,0,0
390872,4,1,0,0,0,0,0,0,8,0,0,0
390873,1,1,0,0,0,0,0,0,0,0,0,20
390873,2,1,0,0,0,0,0,4,0,0,0,6
390874,1,1,0,0,0,0,0,0,0,0,0,0
390874,2,1,0,0,0,0,0,0,0,0,0,0
390875,1,1,16,16,16,16,16,16,16,16,16,16
390875,2,1,0,0,0,0,0,0,0,0,0,0
390876,1,1,0,0,0,0,0,0,0,0,0,0
390877,0,1,0,0,0,0,0,0,0,0,0,0
390877,1,1,0,0,0,0,0,0,0,0,0,0
390878,1,1,0,0,0,0,0,0,0,0,0,0
390878,2,1,0,0,0,0,0,0,0,0,0,0
390879,1,1,13,13,13,13,13,13,13,13,13,13
390879,2,1,0,15,0,0,0,0,0,0,0,0
390880,0,1,11,11,11,11,11,11,11,11,11,11
390880,1,1,0,0,0,0,0,0,0,0,0,0
390881,1,1,0,0,0,0,0,0,0,0,0,0
390882,1,1,0,0,0,0,0,0,0,0,0,0
390883,0,1,0,14,0,0,0,0,0,0,0,0
390883,1,1,22,0,0,0,0,0,0,0,0,0
390884,0,1,8,8,8,8,8,8,8,8,8,8
390884,1,1,18,0,0,7,0,0,0,13,0,0
390884,2,1,0,0,0,0,0,0,0,0,16,0
390885,1,1,0,0,0,0,0,0,0,0,0,0
390886,1,1,0,0,0,0,0,0,0,0,0,0
390887,1,1,0,0,0,0,0,0,0,0,0,0
390888,1,1,0,0,0,0,0,0,0,0,0,0
390889,1,1,20,20,20,20,20,20,20,20,20,20
390890,1,1,0,0,0,0,0,0,0,0,0,0
390890,2,1,0,0,0,0,0,0,0,0,0,0
390891,1,1,0,0,0,25,0,0,0,0,0,0
390892,0,1,1,1,1,1,1,1,1,1,1,1
390892,1,1,0,0,0,0,0,0,0,0,0,0
390893,1,1,20,20,20,20,20,20,20,20,20,20
390894,1,1,21,21,21,21,21,21,21,21,21,21
390895,1,1,0,0,0,0,0,0,0,0,0,0
390896,1,1,0,0,36,0,0,2,0,0,0,0
390896,2,1,0,20,0,26,0,0,0,0,0,0
390897,1,1,0,0,0,0,0,0,0,0,0,0
390898,1,1,0,0,0,0,0,0,0,0,0,0
390898,2,1,0,0,0,0,0,0,0,0,0,0
390898,3,1,0,0,0,0,0,0,0,0,0,0
390899,1,1,0,0,0,0,0,0,0,0,0,0
390900,0,1,22,0,0,0,0,0,0,0,0,0
390900,1,1,0,0,0,0,0,0,0,0,0,0
390901,0,1,0,0,0,0,0,0,0,0,0,0
390901,1,1,0,0,0,0,0,0,0,0,0,0
390902,1,1,0,0,0,0,0,0,0,0,23,0
390903,1,1,0,0,0,0,0,0,0,0,0,0
390903,2,1,0,0,0,0,0,0,0,0,0,0
390904,1,1,0,0,0,0,0,0,0,0,0,7
390904,2,1,0,0,0,0,0,0,0,0,0,0
390905,1,1,0,0,0,0,0,0,0,0,0,0
390905,2,1,0,0,0,0,0,0,0,0,0,0
390906,0,1,0,0,0,0,0,0,0,0,0,0
390906,1,1,0,6,20,0,0,0,0,0,0,0
390906,2,1,0,0,0,0,0,16,0,0,10,0
390907,1,1,12,12,12,12,12,12,12,12,12,12
390908,1,1,0,0,0,0,0,0,0,0,0,0
390908,2,1,0,0,0,0,0,0,0,0,0,0
390908,3,1,0,0,0,0,0,0,0,0,0,0
390909,1,1,0,0,0,0,12,0,0,0,0,0
390909,2,1,0,0,0,0,0,0,0,0,0,0
390910,1,1,17,17,17,17,17,17,17,17,17,17
390911,0,1,0,0,0,0,0,0,0,0,0,0
390911,1,1,0,0,0,0,0,0,0,0,0,0
390912,1,1,0,0,0,0,0,16,0,0,0,0
390912,2,1,11,11,11,11,11,11,11,11,11,11
390912,3,1,14,0,0,16,19,0,0,0,0,11
390913,1,1,4,4,4,4,4,4,4,4,4,4
390914,1,1,0,0,0,0,0,0,0,0,0,0
390914,2,1,0,0,0,0,0,0,0,0,0,0
390915,1,1,0,0,0,0,0,0,0,0,0,0
390915,2,1,0,0,0,0,0,0,0,0,0,0
390916,0,1,0,0,0,0,0,0,0,0,0,0
390916,1,1,0,0,0,0,0,0,0,0,0,0
390917,1,1,0,0,0,8,0,0,0,0,0,0
390917,2,1,0,0,0,0,0,0,0,0,0,0
390918,1,1,15,15,15,15,15,15,15,15,15,15
390918,2,1,0,0,0,0,0,0,0,0,20,0
390919,1,1,0,0,0,0,26,0,0,0,0,0
390920,1,1,0,0,0,0,0,0,0,0,0,0
390920,2,1,0,0,0,0,0,0,0,0,0,0
390921,1,1,0,0,0,0,0,0,0,0,0,0
390921,2,1,0,0,0,0,0,0,0,0,0,0
390922,0,1,0,0,0,0,0,0,0,0,0,0
390922,0,2,0,0,0,0,0,0,0,0,0,0
390922,1,1,0,22,0,0,8,0,0,6,0,0
390923,0,1,0,0,0,0,0,0,0,0,0,0
390923,1,1,0,0,0,0,0,0,0,0,0,0
390923,2,1,0,0,0,0,0,0,0,0,0,0
390924,1,1,16,16,16,16,16,16,16,16,16,16
390924,2,1,2,0,0,0,0,0,0,0,0,0
390925,0,1,0,0,0,0,0,0,0,0,0,0
390925,0,2,0,0,0,0,0,0,0,0,0,0
390925,1,1,0,0,0,0,0,0,0,0,0,0
390926,1,1,0,0,0,0,0,0,0,0,0,0
390927,1,1,26,15,0,12,16,16,13,21,19,15
390928,1,1,0,0,0,0,0,0,0,0,0,0
390929,1,1,11,11,11,11,11,11,11,11,11,11
390930,1,1,0,0,0,0,0,0,0,0,0,0
390931,1,1,0,0,0,0,0,0,0,0,0,0
390931,2,1,0,0,0,0,0,0,0,0,0,0
390932,1,1,10,0,13,14,8,26,25,0,19,24
390932,2,1,0,0,0,0,0,0,0,0,0,0
390932,3,1,0,0,0,0,0,0,0,0,0,0
390933,0,1,0,0,0,0,0,0,0,0,0,0
390933,1,1,0,0,0,0,0,0,0,0,0,0
390934,0,1,0,0,0,0,0,0,0,0,0,0
390934,1,1,0,0,0,0,0,16,0,0,0,0
390935,0,1,0,0,0,0,0,0,0,0,0,0
390935,1,1,0,0,0,0,0,0,0,0,0,0
390935,2,1,0,0,0,0,0,0,0,0,0,0
390936,1,1,0,0,0,0,0,0,0,0,0,0
390936,2,1,0,0,0,0,0,0,0,0,0,0
390937,1,1,12,12,12,12,12,12,12,12,12,12
390938,1,1,13,13,13,13,13,13,13,13,13,13
390939,1,1,0,0,0,0,0,0,0,0,0,0
390939,2,1,0,0,0,0,0,0,0,0,0,0
390939,3,1,0,0,0,0,0,0,0,0,0,0
390940,0,1,21,21,21,21,21,21,21,21,21,21
390940,1,1,0,0,0,0,0,0,0,0,0,0
390941,1,1,0,0,0,0,0,0,0,0,0,0
390941,2,1,0,0,0,0,0,0,0,0,0,0
390942,1,1,13,13,13,13,13,13,13,13,13,13
390942,2,1,0,0,0,0,0,0,0,0,0,0
390943,1,1,0,0,0,0,0,0,0,0,0,0
390943,2,1,0,0,0,0,0,0,0,0,0,0
390944,1,1,0,0,0,0,0,0,0,0,0,0
390945,0,1,22,22,22,22,22,22,22,22,22,22
390945,1,1,13,13,13,13,13,13,13,13,13,13
390946,1,1,24,7,0,0,0,6,0,0,0,0
390946,2,1,0,0,0,0,0,0,0,0,0,0
390947,1,1,7,7,7,7,7,7,7,7,7,7
390948,1,1,0,0,0,18,0,0,0,0,0,0
390948,2,1,0,0,0,0,0,0,0,0,0,0
390949,1,1,0,0,0,0,0,0,0,0,0,0
390949,2,1,0,0,0,0,0,0,0,0,0,0
390950,1,1,5,5,5,5,5,5,5,5,5,5
390951,1,1,0,0,0,0,0,0,0,0,0,0
390951,2,1,0,0,0,0,0,0,0,0,0,0
390952,1,1,9,9,9,9,9,9,9,9,9,9
390953,1,1,0,0,0,0,0,0,0,0,0,0
390953,2,1,0,0,0,0,0,0,0,0,0,0
390954,1,1,0,0,0,0,0,0,0,0,0,0
390955,1,1,21,21,21,21,21,21,21,21,21,21
390956,1,1,0,0,0,0,0,0,0,0,0,0
390956,2,1,0,0,0,0,0,0,0,0,0,0
390957,1,1,18,18,18,18,18,18,18,18,18,18
390958,1,1,26,26,26,26,26,26,26,26,26,26
390959,0,1,0,0,0,0,0,0,0,0,0,0
390959,1,1,0,3,0,0,0,0,0,0,0,0
390961,1,1,0,0,0,0,0,0,0,0,0,0
390961,2,1,0,0,0,0,0,0,0,0,0,0
390962,1,1,0,0,0,0,0,0,0,0,0,0
390962,2,1,0,0,0,0,0,0,0,0,0,0
390963,0,1,0,0,0,0,0,0,0,0,0,0
390963,1,1,0,0,0,0,0,0,0,0,0,0
390964,1,1,0,0,0,0,0,0,0,0,0,0
390964,2,1,0,0,0,0,0,0,0,0,0,0
390964,3,1,0,0,0,0,0,0,0,0,0,0
390965,0,1,0,0,0,0,0,0,0,0,0,0
390965,1,1,0,0,0,0,0,0,0,0,0,0
390966,1,1,11,11,11,11,11,11,11,11,11,11
390966,2,1,0,0,0,0,0,0,0,0,0,0
390967,0,1,0,0,0,0,0,0,0,0,0,0
390967,1,1,0,0,0,0,0,0,0,0,0,0
390968,1,1,0,0,0,0,0,0,0,0,0,0
390968,2,1,12,0,0,0,0,0,0,0,0,0
390969,1,1,12,12,12,12,12,12,12,12,12,12
390970,1,1,0,0,0,0,0,0,0,0,0,0
390970,2,1,0,0,0,0,0,0,0,0,0,0
390971,0,1,0,0,0,0,0,0,0,0,0,0
390971,1,1,0,0,0,0,0,0,0,0,0,0
390972,1,1,0,0,0,0,0,0,0,0,0,0
390972,2,1,0,0,0,0,0,0,0,0,0,0
390972,3,1,0,0,0,0,0,0,0,0,0,0
390972,4,1,0,0,0,0,0,0,0,0,0,0
390974,1,1,0,0,0,0,0,0,0,0,0,0
390975,1,1,0,0,0,0,0,0,0,0,0,0
390975,2,1,0,0,0,0,0,0,0,0,0,0
390976,1,1,23,23,23,23,23,23,23,23,23,23
390977,1,1,0,0,0,0,0,0,0,0,0,0
390978,1,1,0,0,0,0,0,0,0,0,0,0
390979,1,1,0,0,0,0,0,0,0,0,0,0
390980,1,1,0,0,0,0,0,0,0,0,28,0
390980,2,1,0,0,0,0,0,0,0,0,0,0
390981,1,1,17,0,0,0,0,0,0,0,0,0
390982,1,1,0,0,0,0,0,0,0,0,0,0
390982,2,1,0,0,0,0,0,0,0,0,0,0
390983,0,1,0,0,0,0,0,0,0,0,0,0
390983,1,1,6,6,6,6,6,6,6,6,6,6
390984,1,1,35,35,35,35,35,35,35,35,35,35
390985,1,1,0,0,0,0,0,0,0,0,0,0
390985,2,1,0,0,0,0,0,0,0,0,0,0
390986,1,1,0,0,0,0,0,0,0,0,0,3
390987,1,1,0,0,0,0,0,0,0,0,8,0
390988,1,1,0,0,0,0,0,0,0,0,0,0
390988,2,1,0,0,0,0,0,0,0,18,0,0
390988,3,1,0,0,0,0,0,0,0,0,0,0
390989,1,1,22,22,22,22,22,22,22,22,22,22
390991,1,1,0,0,0,0,0,0,0,0,0,0
390992,1,1,0,0,0,0,0,0,0,0,0,0
390992,2,1,0,0,0,0,0,0,0,0,0,0
390993,1,1,0,0,0,0,0,0,0,0,0,0
390994,1,1,0,3,0,0,0,0,0,0,0,0
390994,2,1,0,0,0,0,0,0,0,0,0,0
390994,3,1,0,0,0,0,0,0,0,0,0,0
390995,1,1,0,0,0,0,0,0,0,0,0,0
390996,1,1,0,0,0,0,0,0,0,0,0,0
390997,1,1,0,17,11,0,0,0,0,0,0,0
390997,2,1,0,0,0,0,21,0,0,0,0,0
390998,1,1,36,36,36,36,36,36,36,36,36,36
390999,1,1,38,38,38,38,38,38,38,38,38,38
390999,2,1,0,0,0,0,0,0,0,0,0,0
391000,0,1,0,0,0,0,0,0,0,0,0,0
391000,1,1,0,0,0,0,0,0,0,0,0,0
391001,0,1,0,0,0,0,0,0,0,0,0,0
391001,1,1,0,0,0,0,0,0,0,0,0,0
391002,1,1,32,32,32,32,32,32,32,32,32,32
391003,1,1,0,0,0,0,0,0,0,0,0,0
391004,1,1,0,0,0,0,0,0,0,0,0,0
391004,2,1,0,0,0,0,0,0,0,0,0,0
391005,0,1,0,0,0,0,0,0,0,0,0,0
391005,1,1,0,0,0,0,0,0,0,0,0,11
391006,1,1,0,0,0,0,0,0,0,0,0,0
391006,2,1,0,0,0,0,0,0,0,0,0,0
391007,0,1,0,0,21,0,0,0,0,10,8,0
391007,1,1,0,0,0,0,0,0,0,0,0,0
391007,2,1,0,0,0,0,0,0,0,0,0,0
391007,3,1,0,0,0,0,0,0,0,0,0,0
391008,1,1,0,0,0,0,0,0,0,0,0,0
391009,1,1,0,0,0,0,0,0,0,0,0,0
391009,2,1,0,0,0,0,0,0,0,0,0,0
391010,0,1,0,0,0,0,0,0,0,0,0,0
391010,1,1,0,0,0,0,0,0,0,0,0,0
391011,1,1,21,21,21,21,21,21,21,21,21,21
391012,0,1,0,0,0,0,0,0,0,0,0,0
391012,0,2,0,0,0,0,0,0,0,0,0,0
391012,1,1,0,0,0,0,0,0,34,20,0,0
391013,1,1,0,0,0,0,0,0,0,0,0,0
391014,1,1,0,0,0,0,0,0,0,0,0,0
391015,1,1,0,0,0,0,0,0,0,0,0,0
391015,2,1,0,0,0,0,0,0,0,0,0,0
391015,3,1,0,0,0,0,0,0,0,0,0,0
391016,0,1,12,12,12,12,12,12,12,12,12,12
391016,1,1,0,0,0,0,15,25,31,0,12,0
391017,1,1,29,29,29,29,29,29,29,29,29,29
391018,1,1,0,0,0,0,0,0,0,0,0,0
391018,2,1,0,0,0,0,0,0,0,0,0,0
391018,3,1,0,0,0,0,0,0,0,0,0,0
391018,4,1,0,0,0,0,0,41,0,0,0,0
391019,1,1,0,0,0,0,0,0,0,0,0,0
391019,2,1,0,0,0,0,0,0,0,0,0,0
391020,0,1,10,0,0,0,0,0,0,0,0,0
391020,1,1,0,0,0,0,0,0,0,0,0,0
391021,1,1,0,0,0,0,0,0,0,0,0,0
391022,0,1,0,0,0,0,0,0,0,0,0,0
391022,1,1,30,0,0,0,0,0,11,0,0,0
391023,1,1,30,30,30,30,30,30,30,30,30,30
391024,1,1,13,13,13,13,13,13,13,13,13,13
391025,1,1,0,0,0,0,0,0,0,0,10,0
391025,2,1,0,0,0,0,0,0,0,0,0,0
391025,3,1,0,0,0,0,0,0,0,0,0,0
391026,1,1,0,0,0,0,0,0,0,0,0,0
391026,2,1,0,0,0,0,0,0,0,0,0,0
391027,1,1,0,0,0,0,0,0,0,0,0,0
391028,1,1,0,0,0,20,0,0,0,0,0,0
391028,2,1,0,0,0,0,0,0,0,0,0,0
391028,3,1,0,0,0,0,0,18,0,0,0,0
391029,1,1,22,23,12,15,13,18,12,24,17,10
391030,0,1,0,0,0,0,0,0,0,0,0,0
391030,1,1,0,0,0,0,0,0,0,0,0,0
391031,1,1,11,22,0,0,3,30,0,0,0,0
391031,2,1,0,0,0,0,0,0,0,0,0,0