ST_CASE,VEH_NO,PER_NO,P1,P2,P3,P4,P5,P6,P7,P8,P9,P10
391032,1,1,0,0,0,0,0,0,0,0,0,0
391033,1,1,4,4,4,4,4,4,4,4,4,4
391033,2,1,0,0,0,0,0,0,0,0,0,0
391035,1,1,0,0,0,0,0,0,0,0,0,0
391036,1,1,0,0,0,0,0,0,0,0,0,0
391036,2,1,0,0,0,0,0,0,0,0,0,0
391037,1,1,13,13,13,13,13,13,13,13,13,13
391038,0,1,0,0,0,0,0,21,0,0,0,0
391038,1,1,0,0,0,0,0,0,0,0,14,0
391039,0,1,11,11,11,11,11,11,11,11,11,11
391039,1,1,0,0,0,0,0,5,0,0,0,0
391039,2,1,0,0,0,0,0,0,0,0,0,0
391040,1,1,0,0,0,0,0,0,0,0,0,0
391040,2,1,0,0,0,0,0,0,0,0,0,0
391041,1,1,12,12,12,12,12,12,12,12,12,12
391042,1,1,16,16,16,16,16,16,16,16,16,16
391043,1,1,17,17,17,17,17,17,17,17,17,17
391044,0,1,0,0,0,0,0,0,0,0,0,0
391044,1,1,0,0,0,0,0,0,0,19,0,0
391045,1,1,23,23,23,23,23,23,23,23,23,23
391045,2,1,0,0,0,0,0,0,0,0,34,0
391046,1,1,0,0,0,0,0,0,0,0,0,27
391047,0,1,0,0,0,0,0,0,37,0,0,0
391047,1,1,0,0,0,0,0,24,0,0,0,0
391048,0,1,0,0,0,0,0,0,0,0,0,0
391048,1,1,0,0,0,0,0,0,0,0,0,0
391049,1,1,0,0,0,0,0,0,0,0,0,0
391049,2,1,0,0,0,0,0,0,0,0,0,0
391049,3,1,0,0,0,0,0,0,0,0,0,0
391049,4,1,0,0,0,0,0,0,0,0,0,0
391050,1,1,0,0,0,0,0,0,0,0,0,0
391050,2,1,17,0,0,0,0,0,0,0,0,0
391051,1,1,0,0,0,0,0,0,0,0,0,0
391051,2,1,0,0,0,0,0,0,0,0,0,0
391052,1,1,10,10,0,15,10,17,16,10,36,2
391053,1,1,0,0,0,0,0,0,0,0,0,0
391054,1,1,0,0,0,0,0,0,0,0,0,0
391055,0,1,22,22,22,22,22,22,22,22,22,22
391055,1,1,0,0,0,0,0,0,0,0,0,0
391056,1,1,0,0,0,0,0,0,0,0,0,0
391057,0,1,32,32,32,32,32,32,32,32,32,32
391057,1,1,0,0,0,0,0,0,0,0,0,0
391058,0,1,0,0,0,0,19,0,0,0,0,0
391058,1,1,0,0,0,0,0,0,6,0,0,0
391059,1,1,0,0,0,0,0,0,0,0,0,0
391060,1,1,0,0,0,0,0,0,0,0,0,0
391061,1,1,0,0,0,0,0,0,0,0,0,0
391061,2,1,0,0,0,0,0,0,0,7,0,0
391062,1,1,21,21,21,21,21,21,21,21,21,21
391063,1,1,20,0,10,14,28,10,6,21,15,12
391064,1,1,25,25,25,25,25,25,25,25,25,25
391064,2,1,0,0,0,0,0,0,0,0,0,0
391065,1,1,0,0,0,0,0,0,0,0,0,0
391065,2,1,0,0,0,0,0,0,0,0,0,0
391066,1,1,0,0,0,0,0,0,0,0,0,0
391066,2,1,0,0,0,0,0,0,0,0,0,0
391067,1,1,8,8,8,8,8,8,8,8,8,8
391068,1,1,10,10,10,10,10,10,10,10,10,10
391069,0,1,0,0,0,0,0,0,0,0,0,0
391069,1,1,0,0,22,29,14,0,0,0,6,13
391070,1,1,0,0,0,0,0,0,0,0,0,0
391071,1,1,0,0,0,0,0,0,0,0,0,0
391071,2,1,0,0,0,0,0,0,0,0,0,0
391072,1,1,0,0,0,9,0,0,0,0,0,0
391073,1,1,0,6,0,0,13,0,0,0,0,0
391074,0,1,0,0,0,0,0,0,0,0,0,0
391074,1,1,0,0,0,0,0,0,0,0,0,0
391075,1,1,0,0,0,0,0,0,0,0,0,0
391075,2,1,0,0,0,0,0,0,0,0,0,0
391075,3,1,0,0,0,0,0,0,0,0,0,0
391076,1,1,0,0,0,0,0,0,0,0,0,0
391077,1,1,0,0,0,0,0,0,0,0,0,0
391077,2,1,0,0,0,0,0,0,0,0,0,0
391078,1,1,0,0,0,0,0,0,0,0,0,0
391078,2,1,0,0,0,0,0,0,0,0,0,0
391079,1,1,18,0,24,5,39,0,13,22,13,6
391079,2,1,0,0,0,0,0,0,0,0,0,0
391079,3,1,15,13,0,0,0,0,0,0,0,13
391079,4,1,0,0,0,0,0,0,6,0,0,0
391080,1,1,21,9,9,0,6,36,22,13,25,23
391080,2,1,0,0,0,13,0,0,0,0,0,0
391081,1,1,18,18,18,18,18,18,18,18,18,18
391082,1,1,12,12,12,12,12,12,12,12,12,12
391082,2,1,0,0,0,0,0,0,0,0,0,0
391083,1,1,0,0,0,0,0,0,0,10,0,0
391083,2,1,0,0,0,0,0,0,0,0,0,0
391084,1,1,3,3,3,3,3,3,3,3,3,3
391085,1,1,0,0,0,0,0,0,0,0,0,0
391086,1,1,0,0,0,0,0,0,0,0,0,0
391086,2,1,0,0,0,0,0,14,0,0,0,0
391087,1,1,23,23,23,23,23,23,23,23,23,23
391088,1,1,0,0,0,0,0,0,0,0,0,0
391089,0,1,0,0,0,0,0,0,0,0,0,0
391089,1,1,0,0,0,0,0,33,0,20,0,0
391090,1,1,30,30,30,30,30,30,30,30,30,30
391091,1,1,0,0,0,0,0,0,0,0,0,0
391091,2,1,14,15,0,11,15,7,13,23,15,14
391092,1,1,6,6,6,6,6,6,6,6,6,6
391093,1,1,17,17,17,17,17,17,17,17,17,17
391094,1,1,6,6,6,6,6,6,6,6,6,6
391095,1,1,25,25,25,25,25,25,25,25,25,25
391095,2,1,16,16,16,16,16,16,16,16,16,16
391095,3,1,0,0,0,0,0,22,0,0,0,0
391096,1,1,9,0,0,0,10,0,0,0,18,0
391096,2,1,0,0,0,0,0,0,0,0,0,0
391097,1,1,23,23,23,23,23,23,23,23,23,23
391098,1,1,0,0,0,0,0,0,0,0,0,0
391099,1,1,0,0,0,0,0,0,0,0,0,0
391099,2,1,0,0,0,0,0,0,0,0,0,0
391100,0,1,14,14,14,14,14,14,14,14,14,14
391100,0,2,0,0,18,0,0,25,0,25,0,0
391100,1,1,8,0,21,0,5,0,30,0,8,10
391101,1,1,16,16,16,16,16,16,16,16,16,16
391102,1,1,12,12,12,12,12,12,12,12,12,12
391102,2,1,0,0,0,0,0,0,0,0,0,0
391103,1,1,16,16,16,16,16,16,16,16,16,16
391104,1,1,0,0,0,0,0,0,0,0,0,0
391105,1,1,0,0,0,0,0,0,0,0,0,0
391106,1,1,0,0,0,0,0,0,0,0,0,0
391106,2,1,0,0,0,0,0,0,0,0,0,0
391107,0,1,0,0,0,0,0,0,0,0,0,0
391107,1,1,0,0,0,0,0,0,0,0,0,0
391108,1,1,0,0,0,0,0,0,0,0,0,0
391109,0,1,0,0,0,0,0,0,0,0,0,0
391109,1,1,0,0,0,0,0,0,0,0,0,0
391109,2,1,0,0,0,0,0,0,0,0,0,0
391109,3,1,0,0,27,18,0,0,0,0,0,0
391112,1,1,26,0,0,0,0,0,0,0,0,0
391112,2,1,0,0,0,0,0,0,0,0,0,0
391112,3,1,0,0,0,0,0,0,0,0,0,0
391113,1,1,28,28,28,28,28,28,28,28,28,28
391114,0,1,0,0,0,0,0,0,0,0,0,0
391114,1,1,0,0,34,0,0,0,0,0,0,0
391115,1,1,0,0,0,0,0,0,0,0,0,0
391115,2,1,0,0,0,0,0,0,0,0,0,0
391116,1,1,12,0,0,0,3,0,0,0,19,0
391116,2,1,0,0,0,0,0,0,0,0,0,0
391116,3,1,17,17,17,17,17,17,17,17,17,17
391117,1,1,0,0,0,0,0,0,0,8,0,0
391117,2,1,28,28,28,28,28,28,28,28,28,28
391118,0,1,0,0,0,0,0,0,0,0,0,0
391118,1,1,0,0,0,34,0,0,30,0,0,0
391119,1,1,12,0,5,11,25,18,0,26,23,12
391120,1,1,0,0,0,0,0,0,0,0,0,0
391121,1,1,20,20,20,20,20,20,20,20,20,20
391122,1,1,0,0,0,0,0,0,0,0,0,0
391123,1,1,29,29,29,29,29,29,29,29,29,29
391123,2,1,0,0,0,0,0,0,0,0,0,0
391124,0,1,0,0,0,0,0,0,0,0,0,0
391124,1,1,0,0,0,0,0,0,0,0,0,0
391125,1,1,0,0,0,0,0,0,0,0,0,0
391126,1,1,0,0,0,0,0,0,0,0,0,0
391127,1,1,0,0,0,0,0,0,0,0,0,0
391128,1,1,0,24,0,0,0,0,0,0,0,0
400001,1,1,14,14,14,14,14,14,14,14,14,14
400002,1,1,0,0,0,0,0,0,0,0,0,0
400002,2,1,0,0,0,0,0,0,0,0,0,0
400003,0,1,0,0,0,0,0,0,0,0,0,0
400003,1,1,0,15,8,0,19,0,10,23,17,23
400004,1,1,28,28,28,28,28,28,28,28,28,28
400005,1,1,0,0,0,0,0,0,0,0,0,0
400006,1,1,19,19,19,19,19,19,19,19,19,19
400007,1,1,0,0,0,0,0,0,0,0,0,0
400008,0,1,19,19,19,19,19,19,19,19,19,19
400008,1,1,12,12,12,12,12,12,12,12,12,12
400009,1,1,15,15,15,15,15,15,15,15,15,15
400009,2,1,0,0,0,0,0,0,0,0,0,0
400009,3,1,0,0,0,15,0,0,0,0,0,0
400010,1,1,0,0,0,0,0,0,0,0,0,0
400010,2,1,0,0,0,0,0,0,0,0,11,0
400011,0,1,15,15,15,15,15,15,15,15,15,15
400011,1,1,0,0,0,0,0,0,0,0,0,0
400012,0,1,0,0,0,0,0,0,0,0,0,0
400012,1,1,0,0,0,0,0,0,0,0,0,0
400013,1,1,0,0,0,0,0,0,0,0,0,0
400013,2,1,0,0,0,0,0,0,0,0,0,0
400014,1,1,0,0,0,0,0,0,0,0,0,0
400015,1,1,0,0,0,0,0,0,0,0,0,0
400015,2,1,0,0,0,0,0,0,0,0,0,0
400016,1,1,0,0,0,0,0,0,0,0,0,0
400016,2,1,0,0,0,0,0,0,0,0,0,0
400017,1,1,0,0,0,0,0,0,0,0,0,0
400017,2,1,0,0,0,0,0,0,0,0,0,0
400017,3,1,0,0,0,0,0,0,0,0,0,0
400017,4,1,0,0,0,0,0,0,0,0,0,0
400018,1,1,0,0,0,0,0,0,0,0,0,0
400019,1,1,0,0,0,0,0,0,0,0,0,0
400019,2,1,0,0,0,0,0,0,0,0,0,0
400020,0,1,23,23,23,23,23,23,23,23,23,23
400020,1,1,0,0,0,0,0,0,0,0,0,0
400021,1,1,0,0,0,0,0,0,0,0,0,0
400021,2,1,0,0,0,0,0,0,0,0,0,0
400021,3,1,0,0,0,11,0,0,25,0,0,2
400022,1,1,0,0,0,0,0,0,0,0,11,0
400022,2,1,0,0,0,0,0,0,0,0,0,0
400023,1,1,20,20,20,20,20,20,20,20,20,20
400023,2,1,0,0,0,0,0,0,0,0,0,0
400024,1,1,0,0,0,0,0,0,0,0,0,0
400024,2,1,0,0,0,0,0,0,0,0,0,0
400025,1,1,0,0,0,0,0,0,0,0,0,0
400026,0,1,0,0,0,0,0,0,0,0,0,0
400026,1,1,0,0,0,0,0,0,0,0,0,0
400027,0,1,0,0,0,0,0,0,0,0,0,0
400027,1,1,0,0,0,0,0,0,0,0,0,0
400028,1,1,0,0,0,0,0,0,0,0,0,0
400028,2,1,0,0,0,0,0,0,0,0,0,0
400028,3,1,0,0,0,0,0,0,0,0,0,0
400028,4,1,0,0,0,0,0,0,0,0,0,0
400029,1,1,22,22,22,22,22,22,22,22,22,22
400030,1,1,0,0,0,0,0,0,0,0,0,0
400031,1,1,0,0,0,0,0,0,0,0,0,0
400032,1,1,0,0,0,0,0,0,0,0,0,0
400033,1,1,4,4,4,4,4,4,4,4,4,4
400033,2,1,0,0,0,0,0,0,0,0,0,0
400034,1,1,20,20,20,20,20,20,20,20,20,20
400035,0,1,0,0,0,0,0,0,0,0,0,0
400035,1,1,0,15,0,0,0,0,12,0,8,0
400036,1,1,23,23,23,23,23,23,23,23,23,23
400037,1,1,0,0,0,0,0,0,0,0,0,0
400038,1,1,0,0,0,0,0,0,0,0,0,0
400038,2,1,0,0,0,0,0,0,0,0,0,0
400039,0,1,0,0,0,0,0,0,0,0,5,0
400039,1,1,0,0,0,0,0,0,0,0,0,0
400040,1,1,26,26,26,26,26,26,26,26,26,26
400041,1,1,0,0,0,0,0,0,0,0,0,0
400042,1,1,8,8,8,8,8,8,8,8,8,8
400043,1,1,16,16,16,16,16,16,16,16,16,16
400044,1,1,18,18,18,18,18,18,18,18,18,18
400045,1,1,0,24,0,0,0,0,0,0,0,0
400045,2,1,0,0,0,0,0,0,0,0,0,0
400046,1,1,0,0,0,0,0,0,0,0,0,0
400046,2,1,0,0,0,0,0,0,0,0,0,0
400047,1,1,21,21,21,21,21,21,21,21,21,21
400048,1,1,0,0,0,0,0,0,0,0,0,0
400048,2,1,0,0,0,0,0,0,0,0,0,0
400049,1,1,0,0,0,0,0,0,0,0,0,0
400051,1,1,0,0,0,0,0,0,0,0,0,0
400051,2,1,0,0,18,0,0,0,0,0,0,0
400052,1,1,2,2,2,2,2,2,2,2,2,2
400052,2,1,0,0,0,0,0,0,0,0,0,0
400053,0,1,27,27,27,27,27,27,27,27,27,27
400053,1,1,0,0,0,0,0,0,0,0,0,0
400054,1,1,9,9,9,9,9,9,9,9,9,9
400055,1,1,0,0,0,0,0,0,0,0,0,0
400056,1,1,0,0,0,0,0,0,0,12,0,0
400057,1,1,27,27,27,27,27,27,27,27,27,27
400058,1,1,18,18,18,18,18,18,18,18,18,18
400059,1,1,0,0,0,0,0,0,0,0,0,0
400059,2,1,0,0,0,0,0,0,0,0,0,0
400059,3,1,0,0,0,0,0,0,0,0,35,0
400060,1,1,0,0,0,0,0,0,0,0,0,0
400060,2,1,0,26,0,0,0,0,0,0,0,0
400060,3,1,0,0,0,0,0,0,0,0,0,0
400061,1,1,0,0,0,0,0,0,0,0,0,0
400061,2,1,0,0,0,0,0,0,0,0,0,0
400062,1,1,0,0,0,0,0,0,0,0,0,16
400063,1,1,0,0,0,0,0,0,0,0,0,0
400063,2,1,0,0,0,0,0,0,0,0,0,0
400064,1,1,0,0,0,0,0,0,0,0,0,0
400064,2,1,0,0,0,0,0,0,0,0,0,0
400065,1,1,0,0,0,0,0,0,0,0,0,0
400065,2,1,0,0,0,0,0,0,0,0,0,0
400065,3,1,3,0,0,0,0,0,0,0,0,0
400065,4,1,0,0,0,0,0,0,0,0,0,0
400066,1,1,0,0,0,0,0,11,0,0,0,0
400066,2,1,0,0,0,0,0,0,0,0,0,0
400067,1,1,0,0,0,0,0,0,0,0,0,0
400067,2,1,0,0,0,0,0,0,0,0,0,0
400068,1,1,0,0,0,0,0,0,0,0,0,0
400068,2,1,0,0,0,17,0,0,0,0,0,19
400069,1,1,27,27,27,27,27,27,27,27,27,27
400070,1,1,0,0,0,0,0,0,0,0,0,0
400071,1,1,0,0,0,0,0,0,0,0,0,0
400072,0,1,0,0,0,0,0,0,0,0,0,0
400072,1,1,0,0,0,0,0,0,0,0,0,0
400073,1,1,13,0,15,0,0,23,0,0,0,9
400074,1,1,17,17,17,17,17,17,17,17,17,17
400074,2,1,0,0,0,0,0,0,0,0,0,0
400075,1,1,0,0,0,0,0,0,0,0,0,0
400075,2,1,0,0,0,0,0,0,0,0,0,0
400076,1,1,0,0,0,0,0,0,0,0,0,0
400077,1,1,0,0,0,0,0,0,0,0,0,0
400077,2,1,4,4,4,4,4,4,4,4,4,4
400078,0,1,0,0,0,0,0,0,0,0,0,0
400078,1,1,0,0,0,0,0,0,0,0,0,0
400079,1,1,0,0,0,0,0,0,0,0,0,7
400079,2,1,0,0,0,0,0,0,0,0,0,0
400079,3,1,0,0,0,0,0,0,0,0,0,0
400079,4,1,0,0,0,0,0,0,0,0,0,0
400080,1,1,18,18,18,18,18,18,18,18,18,18
400080,2,1,0,0,0,0,0,0,0,0,0,0
400081,1,1,0,0,0,0,0,0,0,0,0,0
400081,2,1,0,0,0,0,0,0,0,0,0,0
400082,1,1,0,19,0,0,0,16,25,0,8,0
400083,1,1,0,0,0,0,0,0,0,0,0,0
400083,2,1,0,0,0,0,0,0,0,0,0,0
400084,1,1,0,0,0,0,0,0,0,0,0,0
400084,2,1,0,0,0,0,0,0,0,0,0,0
400085,1,1,15,15,15,15,15,15,15,15,15,15
400085,2,1,0,0,0,0,0,0,0,0,0,0
400086,1,1,0,0,0,0,0,0,0,0,0,0
400086,2,1,0,0,0,0,0,0,0,0,0,0
400087,1,1,0,0,0,0,0,0,0,0,0,0
400087,2,1,0,0,0,0,0,0,0,0,5,0
400088,1,1,0,0,0,0,0,0,0,0,0,0
400088,2,1,0,0,0,0,0,0,0,0,0,0
400089,1,1,0,0,0,0,0,0,0,0,0,0
400089,2,1,0,0,0,0,0,0,0,0,0,0
400090,1,1,29,29,29,29,29,29,29,29,29,29
400091,1,1,0,0,0,0,0,0,0,0,0,0
400091,2,1,0,0,0,0,0,0,0,0,0,0
400092,1,1,0,0,0,0,0,0,0,0,0,0
400092,2,1,0,0,0,0,0,0,0,0,0,0
400093,1,1,7,0,0,0,0,0,0,0,0,0
400094,0,1,8,8,8,8,8,8,8,8,8,8
400094,1,1,19,0,0,0,25,0,0,0,0,0
400095,1,1,0,0,0,0,0,0,0,0,0,14
400096,1,1,0,0,0,0,0,0,0,0,0,0
400097,0,1,17,17,17,17,17,17,17,17,17,17
400097,0,2,17,0,30,0,19,6,8,19,0,27
400097,1,1,0,0,13,12,0,0,0,0,0,10
400098,1,1,5,0,0,6,0,0,0,29,13,0
400099,1,1,0,0,0,0,0,0,0,0,0,0
400099,2,1,0,0,0,0,0,0,0,0,0,0
400100,1,1,0,0,0,0,0,0,0,0,0,0
400101,1,1,21,21,21,21,21,21,21,21,21,21
400102,0,1,0,0,0,0,0,0,0,0,0,0
400102,1,1,0,0,0,0,0,0,0,0,0,0
400103,1,1,0,0,0,0,0,0,0,0,0,0
400103,2,1,0,0,0,0,0,0,0,0,0,0
400104,1,1,0,0,0,0,0,0,0,0,0,0
400104,2,1,0,0,0,0,0,0,0,0,0,0
400105,1,1,0,0,0,0,0,0,0,0,0,0
400106,1,1,16,16,16,16,16,16,16,16,16,16
400106,2,1,0,0,0,0,0,0,0,0,0,0
400107,1,1,26,26,26,26,26,26,26,26,26,26
400107,2,1,19,0,0,0,0,0,12,0,0,0
400108,1,1,33,33,33,33,33,33,33,33,33,33
400109,1,1,0,0,0,0,0,0,0,0,0,0
400110,1,1,0,0,0,0,0,0,0,0,0,0
400110,2,1,0,0,0,0,0,0,0,0,0,0
400111,1,1,0,0,0,0,0,0,0,0,0,0
400111,2,1,0,0,0,0,0,0,0,0,0,0
400112,0,1,0,0,0,0,0,0,0,0,0,0
400112,1,1,0,0,0,0,0,0,0,0,0,0
400113,1,1,0,0,0,0,0,0,0,0,0,0
400113,2,1,16,0,0,0,10,24,0,23,0,0
400114,0,1,0,0,0,0,0,0,0,0,0,0
400114,1,1,0,0,0,0,0,0,0,0,0,0
400115,1,1,0,0,0,0,0,0,0,0,0,0
400116,1,1,0,0,0,0,0,0,0,0,0,0
400116,2,1,0,0,0,0,0,0,0,0,0,0
400117,1,1,0,0,0,0,0,0,0,0,0,0
400118,1,1,0,0,0,0,0,8,0,0,0,0
400118,2,1,20,20,20,20,20,20,20,20,20,20
400119,1,1,0,0,0,0,0,0,0,0,0,0
400119,2,1,0,0,0,0,0,0,0,0,0,0
400120,1,1,5,5,5,5,5,5,5,5,5,5
400121,0,1,0,0,0,0,0,0,0,0,0,0
400121,1,1,0,0,0,0,0,0,0,0,0,0
400122,1,1,0,0,0,0,0,0,0,0,0,0
400122,2,1,0,0,0,0,0,0,0,0,0,0
400123,1,1,0,0,0,0,0,0,0,0,0,0
400123,2,1,0,0,0,0,0,0,0,0,0,0
400124,1,1,29,29,29,29,29,29,29,29,29,29
400124,2,1,0,0,0,0,0,0,0,0,15,0
400125,1,1,0,0,0,0,0,0,0,0,0,0
400125,2,1,0,0,0,0,0,0,0,0,0,0
400126,1,1,0,0,0,10,0,0,0,0,0,0
400126,2,1,0,0,0,0,0,0,0,0,0,0
400127,1,1,0,0,0,0,0,0,0,0,0,0
400128,0,1,0,0,0,0,0,0,0,0,0,0
400128,0,2,0,0,0,13,0,0,0,0,0,0
400128,1,1,0,0,0,0,0,0,0,0,0,0
400129,1,1,0,0,0,0,0,0,0,0,0,0
400129,2,1,0,0,0,0,0,0,0,0,0,0
400130,1,1,0,0,0,0,0,0,0,0,0,0
400131,1,1,0,0,0,0,0,0,0,0,0,0
400131,2,1,0,0,0,0,0,0,0,0,0,0
400132,1,1,13,13,13,13,13,13,13,13,13,13
400133,1,1,19,19,19,19,19,19,19,19,19,19
400134,1,1,0,0,0,0,0,0,0,0,0,0
400134,2,1,0,0,0,0,0,0,0,0,0,0
400135,0,1,0,0,0,0,0,0,0,0,0,0
400135,1,1,0,0,0,0,0,0,0,0,0,0
400136,1,1,0,0,0,0,0,0,0,0,0,0
400137,1,1,4,4,4,4,4,4,4,4,4,4
400137,2,1,0,0,0,0,0,0,0,0,0,0
400138,1,1,0,0,0,0,0,0,0,0,0,0
400139,1,1,0,0,0,0,0,0,0,0,0,0
400140,1,1,20,20,20,20,20,20,20,20,20,20
400140,2,1,0,0,0,0,0,0,0,0,0,9
400141,1,1,0,0,0,0,0,0,0,0,0,0
400141,2,1,2,2,2,2,2,2,2,2,2,2
400142,1,1,18,17,0,26,14,0,8,12,23,32
400143,1,1,0,10,0,0,0,0,0,0,0,0
400143,2,1,29,0,0,0,0,0,0,19,34,0
400144,1,1,0,0,0,0,0,0,0,0,0,0
400144,2,1,13,13,13,13,13,13,13,13,13,13
400145,1,1,0,0,0,0,0,0,0,0,0,0
400145,2,1,0,0,0,0,0,0,0,0,0,0
400146,1,1,0,0,0,0,0,0,0,0,0,0
400147,1,1,0,0,0,0,0,0,0,0,0,0
400147,2,1,0,0,0,0,0,0,0,0,0,0
400148,1,1,0,0,0,0,0,0,0,0,0,0
400148,2,1,0,0,0,0,0,0,0,0,0,0
400149,1,1,22,22,22,22,22,22,22,22,22,22
400149,2,1,8,8,8,8,8,8,8,8,8,8
400150,1,1,0,0,0,0,0,0,0,0,0,0
400151,0,1,0,0,0,0,0,0,0,0,0,0
400151,1,1,23,26,22,27,24,14,35,21,14,18
400152,1,1,0,0,0,0,10,0,0,0,0,0
400152,2,1,0,0,0,0,0,0,0,0,0,0
400152,3,1,0,0,0,0,0,0,0,0,0,0
400153,0,1,0,0,0,0,0,0,0,0,0,0
400153,1,1,0,0,0,0,0,0,0,0,0,21
400154,1,1,0,0,0,0,0,0,0,0,0,0
400154,2,1,0,0,0,0,0,0,0,0,0,0
400154,3,1,0,0,0,0,0,0,0,0,0,0
400155,1,1,0,18,5,0,0,0,0,0,0,29
400156,1,1,0,0,0,0,0,0,0,0,0,0
400156,2,1,0,0,0,0,0,0,0,0,0,0
400156,3,1,0,0,0,0,0,0,0,0,0,0
400157,1,1,14,14,14,14,14,14,14,14,14,14
400158,1,1,0,0,0,0,0,0,0,0,0,0
400158,2,1,0,0,0,0,0,0,0,0,0,0
400159,0,1,0,0,0,0,0,0,0,0,0,0
400159,1,1,0,0,0,0,0,0,0,0,0,0
400160,1,1,0,0,0,0,0,0,0,0,0,0
400161,1,1,0,0,0,0,0,0,0,0,0,0
400162,1,1,0,0,0,0,0,0,0,0,0,0
400163,1,1,0,0,0,0,0,0,0,0,0,0
400164,1,1,12,12,12,12,12,12,12,12,12,12
400165,1,1,0,0,0,0,0,0,0,0,0,0
400166,1,1,0,0,0,0,0,0,0,0,0,0
400166,2,1,0,0,0,0,0,0,0,17,0,0
400167,1,1,0,0,0,0,0,0,0,0,0,0
400168,1,1,0,0,0,0,0,0,0,0,0,0
400169,0,1,0,0,0,0,0,0,0,0,0,0
400169,1,1,4,4,4,4,4,4,4,4,4,4
400170,1,1,20,20,20,20,20,20,20,20,20,20
400171,0,1,0,0,21,0,0,0,9,6,9,0
400171,1,1,0,0,0,0,0,0,0,0,0,0
400172,1,1,0,0,0,0,0,0,0,0,0,0
400172,2,1,0,0,0,0,5,0,0,0,0,0
400173,1,1,0,0,0,0,0,0,0,0,0,0
400174,1,1,0,0,0,0,0,0,0,0,0,0
400175,0,1,0,0,0,0,0,0,0,0,0,0
400175,1,1,0,0,0,0,0,0,0,0,0,0
400176,1,1,0,0,0,0,0,0,0,0,0,0
400177,1,1,0,0,0,0,0,0,0,0,0,0
400177,2,1,0,0,0,0,0,0,0,0,0,0
400178,1,1,0,0,0,0,0,0,0,0,0,0
400178,2,1,0,0,0,0,0,0,0,0,0,0
400179,1,1,18,18,18,18,18,18,18,18,18,18
400180,1,1,0,0,0,0,0,0,0,0,0,0
400181,1,1,0,0,0,0,0,0,0,0,0,0
400181,2,1,0,0,0,0,0,0,0,0,0,0
400182,1,1,0,0,0,0,0,0,0,0,0,0
400183,1,1,0,0,0,0,0,0,0,0,0,0
400183,2,1,0,0,0,0,0,0,0,0,0,0
400184,1,1,0,0,0,0,0,0,0,0,0,0
400185,1,1,0,0,0,0,0,0,0,0,0,0
400186,1,1,0,0,0,0,0,0,0,0,0,0
400187,1,1,0,16,0,0,0,0,0,18,17,0
400188,1,1,0,0,0,0,0,0,0,0,0,0
400188,2,1,0,0,0,0,0,0,0,0,0,0
400189,1,1,0,0,0,0,0,0,0,0,0,0
400189,2,1,0,0,16,0,0,0,0,0,0,0
400190,1,1,21,21,21,21,21,21,21,21,21,21
400190,2,1,0,0,0,0,0,0,0,0,0,0
400191,1,1,0,0,0,0,0,0,0,0,0,0
400191,2,1,0,0,0,0,0,0,0,0,0,0
400192,1,1,25,25,25,25,25,25,25,25,25,25
400193,1,1,12,12,12,12,12,12,12,12,12,12
400194,1,1,0,0,0,0,0,0,0,0,0,0
400194,2,1,0,0,0,0,0,0,0,0,0,0
400194,3,1,0,0,0,0,0,0,0,0,0,0
400195,0,1,15,15,15,15,15,15,15,15,15,15
400195,1,1,0,0,0,0,0,0,0,0,0,0
400196,1,1,0,0,0,0,0,0,0,0,0,6
400196,2,1,0,0,0,0,0,0,0,0,0,0
400196,3,1,0,0,0,0,0,0,0,0,0,0
400197,1,1,0,0,0,0,0,0,0,0,0,0
400198,1,1,3,3,3,3,3,3,3,3,3,3
400199,1,1,0,0,0,0,0,0,0,0,0,0
400199,2,1,0,0,0,0,0,0,0,0,0,0
400200,1,1,0,0,0,0,0,0,0,0,0,0
400200,2,1,4,4,4,4,4,4,4,4,4,4
400201,1,1,0,0,0,0,0,0,0,0,0,0
400201,2,1,0,0,0,0,0,0,0,0,0,0
400202,0,1,0,0,0,0,0,0,0,0,0,0
400202,1,1,0,0,0,0,0,0,0,0,0,0
400203,1,1,0,0,0,0,0,0,0,0,0,0
400203,2,1,0,0,0,0,0,0,0,0,0,0
400204,1,1,0,0,0,14,0,0,0,0,0,0
400204,2,1,0,0,0,0,0,0,0,0,0,0
400205,1,1,0,0,0,0,0,0,0,0,0,0
400205,2,1,0,0,0,0,0,0,0,0,0,0
400206,1,1,0,0,0,0,0,0,0,0,0,0
400206,2,1,0,0,0,0,0,0,0,0,0,0
400207,1,1,8,8,8,8,8,8,8,8,8,8
400208,1,1,0,0,0,0,0,0,0,0,0,0
400209,1,1,6,6,6,6,6,6,6,6,6,6
400210,1,1,0,0,0,0,0,0,0,0,0,0
400210,2,1,0,0,0,0,0,0,0,0,0,0
400211,1,1,0,0,0,0,0,0,0,0,0,0
400211,2,1,0,0,0,0,0,0,0,0,0,0
400211,3,1,0,0,0,0,0,0,0,0,0,0
400211,4,1,0,0,0,0,0,0,0,0,0,0
400212,1,1,29,29,29,29,29,29,29,29,29,29
400213,1,1,0,0,0,0,0,0,0,0,0,16
400213,2,1,0,0,0,0,0,0,0,0,0,0
400214,1,1,14,0,0,0,5,0,0,0,12,18
400214,2,1,0,0,0,0,0,28,0,0,0,0
400215,1,1,0,0,0,0,0,0,0,0,0,0
400216,1,1,0,0,0,0,0,0,0,0,0,0
400216,2,1,0,0,0,0,0,0,0,0,0,0