ST_CASE,VEH_NO,PER_NO,P1,P2,P3,P4,P5,P6,P7,P8,P9,P10
410222,1,1,0,0,0,0,0,0,0,0,0,0
410223,0,1,0,0,0,0,0,0,0,0,0,0
410223,1,1,0,0,0,0,0,0,0,0,0,0
410224,1,1,24,24,24,24,24,24,24,24,24,24
410225,1,1,0,0,0,0,0,0,0,0,0,0
410225,2,1,0,0,0,0,0,0,0,0,0,0
410226,0,1,0,24,16,0,0,0,0,0,0,0
410226,1,1,0,0,0,0,0,16,0,0,0,0
410227,1,1,0,0,0,0,0,0,0,0,0,0
410227,2,1,0,14,0,0,0,30,0,0,0,0
410227,3,1,0,0,0,0,0,0,0,0,0,0
410228,1,1,0,0,0,0,0,0,0,0,9,0
410229,1,1,0,0,0,0,0,0,0,0,0,0
410229,2,1,0,0,0,0,0,0,0,0,0,0
410230,1,1,0,0,0,0,0,0,0,0,0,0
410230,2,1,0,0,0,0,0,0,0,0,0,0
410231,1,1,21,21,21,21,21,21,21,21,21,21
410231,2,1,0,0,0,0,0,10,0,0,20,21
410232,0,1,12,12,12,12,12,12,12,12,12,12
410232,1,1,0,0,0,0,0,0,0,0,0,0
410233,1,1,32,32,32,32,32,32,32,32,32,32
410234,1,1,20,0,4,27,0,18,20,0,8,12
410234,2,1,0,0,0,0,0,0,0,0,0,0
410235,1,1,0,0,0,0,0,0,0,0,0,0
410235,2,1,0,0,0,0,0,0,0,0,0,0
410235,3,1,0,0,0,0,0,0,0,0,0,0
410236,1,1,0,0,0,0,11,0,0,0,0,0
410237,1,1,0,0,0,0,0,0,0,0,0,0
410238,1,1,0,0,0,0,0,0,0,0,0,0
410239,1,1,2,2,2,2,2,2,2,2,2,2
410240,1,1,0,0,0,0,0,0,0,0,0,0
410240,2,1,0,0,0,0,0,0,0,0,0,0
410241,1,1,20,20,20,20,20,20,20,20,20,20
410241,2,1,0,0,0,0,0,0,0,0,0,0
410242,1,1,24,24,24,24,24,24,24,24,24,24
410243,1,1,17,17,17,17,17,17,17,17,17,17
410244,1,1,15,15,15,15,15,15,15,15,15,15
410245,1,1,1,1,1,1,1,1,1,1,1,1
410245,2,1,0,0,0,0,0,0,0,0,0,0
410246,0,1,0,0,0,0,0,0,0,0,0,0
410246,1,1,0,0,0,0,0,0,0,14,0,0
410247,1,1,4,4,4,4,4,4,4,4,4,4
410247,2,1,0,0,0,0,0,0,0,0,0,0
410248,1,1,12,12,12,12,12,12,12,12,12,12
410249,1,1,25,25,25,25,25,25,25,25,25,25
410249,2,1,7,0,0,0,0,0,7,0,16,0
410250,1,1,0,0,0,0,0,0,0,0,0,0
410250,2,1,5,0,0,0,0,0,0,0,0,0
410251,1,1,24,24,24,24,24,24,24,24,24,24
410251,2,1,0,0,0,0,0,0,0,0,0,0
410252,0,1,0,0,12,11,23,0,0,22,0,0
410252,1,1,0,0,0,0,0,15,0,0,0,10
410253,1,1,22,22,22,22,22,22,22,22,22,22
410254,1,1,16,16,16,16,16,16,16,16,16,16
410255,0,1,6,6,6,6,6,6,6,6,6,6
410255,1,1,0,0,0,0,0,0,0,0,0,0
410256,1,1,22,22,22,22,22,22,22,22,22,22
410257,1,1,18,18,18,18,18,18,18,18,18,18
410258,1,1,0,0,0,0,0,0,0,0,0,0
410258,2,1,0,0,0,0,0,0,0,0,0,0
410259,1,1,0,0,0,0,0,0,0,0,0,0
410260,1,1,0,0,0,0,0,0,0,0,0,0
410261,1,1,8,8,8,8,8,8,8,8,8,8
410261,2,1,0,0,0,0,0,0,0,0,0,0
410262,1,1,16,16,16,16,16,16,16,16,16,16
410263,1,1,14,14,14,14,14,14,14,14,14,14
410264,1,1,0,0,0,0,0,0,0,0,0,0
410265,0,1,0,0,0,0,0,0,0,0,0,0
410265,1,1,0,0,0,0,0,0,0,0,0,0
410266,1,1,23,23,23,23,23,23,23,23,23,23
410267,1,1,2,2,2,2,2,2,2,2,2,2
410268,1,1,8,8,8,8,8,8,8,8,8,8
410269,0,1,0,0,0,0,0,0,0,0,0,0
410269,1,1,0,0,0,0,0,0,0,0,0,0
410270,1,1,18,18,18,18,18,18,18,18,18,18
410271,0,1,27,27,27,27,27,27,27,27,27,27
410271,1,1,0,0,0,0,0,0,0,0,0,0
410272,1,1,0,0,0,0,0,0,0,0,0,0
410272,2,1,0,0,0,0,0,0,0,0,0,0
410273,1,1,0,0,0,0,0,0,0,0,0,0
410273,2,1,0,0,0,0,0,0,0,0,0,0
410274,1,1,0,0,0,0,10,0,0,0,0,0
410274,2,1,0,0,0,0,0,0,0,0,0,0
410275,1,1,0,0,0,0,0,0,0,0,0,0
410275,2,1,0,0,0,0,0,0,0,0,0,0
410276,0,1,0,0,0,0,0,0,0,0,0,0
410276,1,1,0,0,0,14,0,0,0,0,0,13
410277,1,1,0,0,0,0,0,0,0,0,0,0
410277,2,1,0,0,0,0,0,0,0,0,0,0
410278,0,1,0,0,0,0,0,0,0,0,0,0
410278,1,1,0,0,9,0,0,17,0,0,0,0
410279,1,1,0,0,0,0,0,0,0,0,0,0
410279,2,1,0,0,0,0,0,0,0,0,0,0
410280,1,1,0,0,0,30,0,0,23,0,0,0
410280,2,1,0,0,0,0,0,0,0,0,0,0
410281,1,1,0,0,0,0,0,0,0,0,0,0
410281,2,1,0,0,0,0,0,0,0,0,0,0
410282,1,1,18,18,18,18,18,18,18,18,18,18
410283,1,1,30,30,30,30,30,30,30,30,30,30
410284,0,1,0,0,0,0,0,0,0,0,0,0
410284,1,1,0,0,0,0,0,0,0,0,0,0
410285,1,1,0,0,0,0,0,0,0,0,0,0
410285,2,1,0,0,0,0,0,0,0,0,0,0
410286,0,1,0,0,0,0,0,0,0,0,0,0
410286,1,1,0,0,0,0,0,0,0,14,0,0
410287,0,1,1,1,1,1,1,1,1,1,1,1
410287,1,1,0,26,23,0,0,0,23,27,1,0
410288,0,1,0,0,0,0,0,0,0,0,0,0
410288,1,1,0,0,0,0,0,0,0,0,0,0
410289,1,1,14,14,14,14,14,14,14,14,14,14
410290,1,1,0,0,0,0,0,0,0,0,0,0
410290,2,1,0,0,0,0,0,0,0,0,0,0
410291,1,1,23,23,23,23,23,23,23,23,23,23
410291,2,1,0,0,0,0,0,0,0,0,0,0
410292,1,1,0,0,0,0,0,0,0,0,0,0
410293,0,1,0,0,0,0,0,0,0,0,0,0
410293,1,1,0,0,0,0,0,0,0,0,0,0
410294,0,1,4,4,4,4,4,4,4,4,4,4
410294,1,1,0,0,0,0,0,0,0,0,0,0
410295,1,1,0,0,0,0,0,0,0,0,0,0
410295,2,1,0,0,0,0,0,0,0,0,0,0
410296,0,1,0,0,0,0,0,0,0,0,0,0
410296,1,1,0,0,17,14,21,0,0,0,0,0
410297,1,1,14,14,14,14,14,14,14,14,14,14
410298,1,1,0,0,0,0,0,0,0,0,0,0
410299,0,1,0,0,0,0,0,0,0,0,0,0
410299,1,1,0,0,0,0,0,0,0,0,0,0
410300,1,1,16,0,0,0,0,0,0,0,0,0
410300,2,1,0,0,0,5,0,0,0,0,0,0
410301,1,1,0,0,0,0,0,0,0,0,0,0
410302,1,1,3,3,3,3,3,3,3,3,3,3
410303,1,1,0,0,0,0,0,0,0,0,0,0
410303,2,1,0,0,0,0,0,0,0,0,0,0
410304,0,1,7,7,7,7,7,7,7,7,7,7
410304,1,1,0,0,0,0,0,0,0,0,0,0
410305,0,1,0,0,0,0,0,0,0,0,0,0
410305,1,1,0,0,0,0,0,0,0,0,0,0
410306,1,1,0,10,13,0,0,0,0,0,0,0
410307,1,1,0,0,0,0,0,0,0,0,0,0
410307,2,1,0,0,0,0,0,0,0,0,0,0
410308,1,1,0,0,0,0,0,0,0,0,0,0
410308,2,1,0,0,0,0,0,0,0,0,4,0
410309,1,1,13,13,13,13,13,13,13,13,13,13
410310,1,1,4,4,4,4,4,4,4,4,4,4
410311,0,1,0,0,0,0,0,0,0,0,0,0
410311,1,1,0,0,0,0,33,0,0,0,0,0
410312,1,1,20,20,20,20,20,20,20,20,20,20
410312,2,1,0,0,0,0,0,0,0,0,0,0
410313,1,1,0,0,0,0,0,0,0,0,0,0
410314,1,1,0,0,0,0,0,0,0,0,0,0
410314,2,1,0,0,0,0,0,0,0,0,0,0
410315,1,1,4,4,4,4,4,4,4,4,4,4
410315,2,1,0,14,0,14,0,0,39,0,0,0
410316,1,1,0,0,0,0,0,0,0,0,0,0
410316,2,1,0,0,0,0,0,0,0,0,0,0
410317,1,1,0,0,0,0,0,0,0,0,0,0
410318,1,1,0,0,0,0,0,11,0,0,0,0
410319,1,1,15,15,15,15,15,15,15,15,15,15
410320,1,1,0,0,0,0,0,0,0,0,0,0
410320,2,1,0,0,0,13,0,0,0,0,34,0
410321,1,1,1,1,1,1,1,1,1,1,1,1
410321,2,1,21,21,21,21,21,21,21,21,21,21
410322,1,1,0,0,0,0,0,0,0,0,0,0
410322,2,1,0,0,0,0,0,0,0,0,0,0
410323,1,1,23,23,23,23,23,23,23,23,23,23
410324,1,1,0,0,0,0,0,0,0,0,0,0
410324,2,1,0,0,0,0,0,0,0,0,0,0
410325,1,1,0,0,0,0,0,0,0,0,0,0
410325,2,1,0,0,0,0,0,0,0,0,0,0
410326,0,1,0,0,0,0,0,0,0,0,0,0
410326,1,1,2,0,0,0,0,0,0,0,0,0
410327,1,1,0,0,0,0,0,0,0,0,0,0
410328,1,1,10,4,0,16,14,11,5,16,18,28
410329,1,1,0,15,0,0,0,0,0,0,0,0
410329,2,1,0,0,0,0,0,0,0,0,0,0
410330,1,1,0,0,0,0,0,0,0,0,4,0
410330,2,1,0,0,0,0,0,0,0,0,0,0
410330,3,1,0,0,0,0,0,0,0,0,0,0
410330,4,1,0,0,0,0,0,0,0,0,0,0
410331,0,1,0,0,0,0,0,0,0,0,0,0
410331,1,1,0,0,0,0,0,0,0,0,0,0
410332,1,1,0,0,0,0,0,0,0,0,0,0
410333,1,1,0,0,0,0,0,0,0,0,0,0
410334,1,1,15,15,15,15,15,15,15,15,15,15
410335,1,1,0,0,0,0,0,0,0,0,0,0
410336,1,1,18,18,18,18,18,18,18,18,18,18
410337,1,1,19,19,19,19,19,19,19,19,19,19
410338,1,1,18,18,18,18,18,18,18,18,18,18
410338,2,1,0,0,0,0,0,0,0,0,0,0
410339,1,1,7,7,7,7,7,7,7,7,7,7
410339,2,1,0,0,0,0,0,0,11,0,0,0
410340,1,1,0,0,0,0,0,0,0,0,0,0
410340,2,1,0,0,0,0,0,0,0,0,0,0
410341,1,1,19,19,19,19,19,19,19,19,19,19
410342,1,1,6,6,6,6,6,6,6,6,6,6
410343,0,1,0,24,0,0,0,0,0,0,0,0
410343,1,1,0,0,0,0,0,0,0,17,0,0
410344,1,1,11,0,0,0,0,0,0,0,28,0
410344,2,1,0,0,0,0,14,18,0,0,0,0
410345,1,1,23,23,23,23,23,23,23,23,23,23
410346,1,1,16,24,12,21,22,0,0,0,0,21
410347,1,1,1,1,1,1,1,1,1,1,1,1
410347,2,1,0,0,0,0,0,0,0,0,0,0
410348,1,1,0,0,0,0,0,0,0,0,0,0
410348,2,1,0,0,0,8,8,0,0,0,0,0
410349,1,1,17,17,17,17,17,17,17,17,17,17
410350,1,1,57,57,57,57,57,57,57,57,57,57
410350,2,1,0,0,0,0,0,0,0,0,0,0
410351,0,1,34,34,34,34,34,34,34,34,34,34
410351,1,1,0,0,0,0,0,0,0,0,0,0
410352,1,1,0,0,0,0,0,0,0,0,0,0
410352,2,1,0,0,0,0,0,0,0,0,0,0
410353,0,1,0,0,0,0,0,0,0,0,0,0
410353,1,1,0,17,0,21,0,0,0,0,0,0
410355,1,1,0,0,0,0,0,0,0,0,0,0
410356,0,1,9,9,9,9,9,9,9,9,9,9
410356,0,2,9,0,0,21,43,0,0,0,0,21
410356,1,1,26,26,26,26,26,26,26,26,26,26
410357,0,1,0,0,0,0,27,0,23,0,19,0
410357,1,1,0,0,0,0,0,0,0,0,0,0
410358,1,1,0,0,0,0,0,0,0,0,0,0
410358,2,1,0,0,0,0,0,0,0,0,0,0
410359,1,1,2,2,2,2,2,2,2,2,2,2
410359,2,1,0,0,0,0,0,0,0,0,11,0
410360,1,1,0,0,0,0,0,0,0,0,0,0
410360,2,1,0,0,0,0,0,0,0,0,0,0
410361,1,1,22,0,0,0,0,0,0,0,0,0
410361,2,1,0,0,0,0,0,0,0,0,0,0
410362,1,1,0,0,0,0,0,0,0,0,0,0
410362,2,1,0,0,0,0,0,0,0,0,0,0
410363,1,1,0,0,0,0,0,0,0,0,0,0
410363,2,1,0,0,0,0,0,0,0,0,0,0
410363,3,1,8,0,0,0,0,0,0,0,0,3
410363,4,1,0,0,0,0,0,0,0,0,0,0
410364,1,1,0,0,0,0,0,0,0,0,0,0
410365,1,1,0,0,0,0,0,0,0,0,0,0
410365,2,1,0,0,0,0,0,0,0,0,0,0
410365,3,1,0,0,0,0,0,0,0,0,0,0
410366,1,1,26,26,26,26,26,26,26,26,26,26
410367,0,1,0,0,0,0,0,0,0,0,0,0
410367,1,1,12,12,12,12,12,12,12,12,12,12
410367,2,1,0,0,0,0,0,0,0,0,0,0
410368,1,1,24,13,21,12,23,6,12,10,0,15
410368,2,1,0,20,0,0,0,0,0,0,14,0
410369,1,1,0,0,0,0,0,0,0,0,0,0
410370,0,1,0,0,0,0,0,0,0,0,0,0
410370,1,1,0,0,0,0,0,0,0,0,0,0
410371,0,1,0,0,0,0,0,0,0,0,0,0
410371,1,1,0,0,0,0,0,0,0,0,0,0
410372,1,1,14,14,14,14,14,14,14,14,14,14
410373,1,1,0,0,0,0,0,0,0,0,0,0
410374,1,1,11,11,11,11,11,11,11,11,11,11
410375,0,1,18,0,0,0,0,0,0,0,0,0
410375,1,1,0,0,0,0,0,0,0,0,0,0
410376,1,1,0,0,0,0,0,0,0,0,0,0
410376,2,1,0,0,0,0,0,0,0,0,0,0
410377,0,1,0,0,0,0,0,0,0,0,0,0
410377,1,1,0,0,0,0,0,0,0,0,0,0
410378,1,1,18,18,18,18,18,18,18,18,18,18
410379,1,1,0,0,0,0,0,0,0,0,0,0
410379,2,1,0,0,0,0,0,0,0,0,0,0
410379,3,1,0,0,0,0,0,0,0,0,0,11
410380,1,1,16,16,16,16,16,16,16,16,16,16
410381,1,1,0,0,0,0,0,0,0,24,0,0
410382,1,1,0,0,0,0,0,0,0,0,0,0
410382,2,1,0,0,0,0,0,14,0,0,0,0
410383,0,1,0,0,0,0,0,0,0,0,0,0
410383,1,1,0,0,0,0,0,0,0,0,0,0
410383,2,1,0,0,0,0,0,0,0,0,0,0
410384,1,1,0,0,0,0,8,0,14,21,0,10
410385,1,1,9,9,9,9,9,9,9,9,9,9
410385,2,1,0,0,0,0,16,0,15,0,0,0
410386,0,1,7,7,7,7,7,7,7,7,7,7
410386,1,1,0,0,12,0,0,23,0,0,0,0
410387,1,1,5,5,5,5,5,5,5,5,5,5
410387,2,1,0,0,0,0,0,0,0,0,0,0
410388,1,1,0,0,0,0,0,0,0,0,0,0
410389,1,1,19,19,19,19,19,19,19,19,19,19
410390,1,1,9,9,9,9,9,9,9,9,9,9
410390,2,1,0,0,0,0,0,0,0,0,0,0
410391,1,1,0,0,0,0,0,5,0,0,0,0
410391,2,1,0,0,0,0,0,0,0,0,0,0
410392,0,1,0,0,0,0,0,20,6,0,0,0
410392,1,1,0,0,0,0,0,0,0,0,0,0
410393,1,1,0,0,0,0,0,0,0,0,0,0
410393,2,1,0,0,0,0,0,0,0,0,0,0
410394,1,1,19,24,16,40,0,0,20,0,0,0
410395,0,1,0,0,0,0,0,0,0,0,0,0
410395,1,1,0,0,0,0,0,0,0,0,0,0
410396,1,1,18,18,18,18,18,18,18,18,18,18
410397,1,1,0,0,0,0,0,0,0,0,0,10
410397,2,1,0,0,0,0,0,0,0,0,0,0
410398,0,1,24,24,24,24,24,24,24,24,24,24
410398,1,1,0,4,0,33,0,0,0,21,16,0
410399,1,1,0,0,30,0,0,0,0,12,17,18
410400,1,1,0,0,0,0,0,0,0,0,0,0
410401,0,1,0,0,0,0,0,0,0,0,0,0
410401,1,1,0,0,0,0,0,0,0,0,0,0
410402,1,1,13,13,13,13,13,13,13,13,13,13
410403,1,1,14,14,14,14,14,14,14,14,14,14
410404,0,1,0,0,23,42,46,0,0,0,9,0
410404,1,1,0,27,0,0,11,21,15,12,0,7
410405,0,1,0,0,0,0,0,0,0,0,0,0
410405,1,1,0,0,5,0,0,26,4,0,17,3
410406,1,1,0,0,0,0,0,0,0,0,0,0
410406,2,1,0,0,0,0,0,0,0,0,0,0
410407,1,1,0,0,0,0,0,0,0,0,0,0
410407,2,1,0,0,0,0,0,0,0,0,0,0
410407,3,1,0,0,0,0,0,0,0,0,0,0
410408,0,1,0,0,0,0,0,0,0,0,0,0
410408,1,1,0,0,0,0,0,0,2,0,0,0
410409,1,1,0,0,19,0,10,0,0,26,0,0
420001,1,1,0,0,0,0,0,0,0,0,0,0
420002,1,1,0,0,0,0,0,0,0,0,0,0
420003,1,1,0,0,0,0,0,38,0,15,0,0
420003,2,1,0,0,0,0,0,0,0,0,0,0
420004,0,1,0,11,0,0,0,0,0,0,0,0
420004,1,1,0,0,0,0,0,0,0,0,36,0
420005,1,1,0,24,20,46,0,0,16,22,0,0
420005,2,1,0,0,0,0,0,0,0,0,0,0
420006,1,1,0,0,0,0,0,0,0,0,0,0
420007,1,1,24,20,22,19,26,30,0,22,19,18
420008,1,1,0,0,6,0,13,0,0,0,0,0
420009,1,1,0,0,0,0,0,0,0,0,0,0
420009,2,1,0,0,0,0,0,0,0,0,0,0
420010,1,1,0,0,0,0,11,16,26,0,0,0
420011,1,1,16,16,16,16,16,16,16,16,16,16
420012,1,1,19,19,19,19,19,19,19,19,19,19
420013,1,1,43,43,43,43,43,43,43,43,43,43
420014,1,1,28,32,0,18,18,13,0,6,16,13
420015,1,1,0,0,0,0,0,0,0,0,0,0
420016,1,1,8,8,8,8,8,8,8,8,8,8
420017,1,1,0,0,0,0,0,0,0,0,0,0
420017,2,1,0,0,0,0,0,0,0,0,0,0
420018,1,1,0,0,0,0,0,20,0,0,0,0
420019,1,1,40,40,40,40,40,40,40,40,40,40
420020,1,1,0,0,0,0,0,0,0,0,0,0
420021,0,1,0,0,0,0,0,0,0,0,23,0
420021,1,1,0,0,0,0,0,0,0,0,0,0
420022,1,1,0,0,0,0,0,0,0,0,0,0
420022,2,1,0,0,0,0,0,0,0,0,0,0
420023,1,1,0,0,0,0,0,0,0,0,0,0
420023,2,1,0,0,0,0,0,0,0,0,0,0
420024,1,1,20,20,20,20,20,20,20,20,20,20
420024,2,1,0,8,0,0,0,0,0,0,0,0
420025,0,1,17,17,17,17,17,17,17,17,17,17
420025,1,1,0,0,0,0,0,12,0,0,0,0
420026,1,1,28,28,28,28,28,28,28,28,28,28
420027,1,1,0,0,0,0,0,0,0,0,0,0
420027,2,1,0,0,0,0,0,0,0,0,0,0
420027,3,1,0,0,0,0,0,0,0,0,0,0
420027,4,1,0,0,0,0,0,0,0,0,0,0
420027,5,1,0,0,0,0,0,0,0,0,0,0
420027,6,1,0,0,0,0,0,0,0,0,0,0
420028,1,1,5,5,5,5,5,5,5,5,5,5
420029,0,1,0,0,46,0,0,0,0,0,0,0
420029,1,1,0,0,0,0,0,0,0,0,0,22
420030,1,1,0,0,0,0,0,0,0,0,0,0
420031,1,1,21,21,21,21,21,21,21,21,21,21
420032,1,1,12,12,12,12,12,12,12,12,12,12
420033,1,1,0,0,0,0,0,0,0,0,0,0
420034,1,1,0,0,0,0,0,0,0,0,0,0
420035,1,1,26,26,26,26,26,26,26,26,26,26
420036,1,1,0,0,0,0,0,0,0,0,0,0
420036,2,1,0,0,0,15,0,0,25,0,0,0
420037,1,1,29,29,29,29,29,29,29,29,29,29
420038,1,1,14,14,14,14,14,14,14,14,14,14
420039,0,1,27,27,27,27,27,27,27,27,27,27
420039,1,1,0,0,0,0,0,0,0,0,0,0
420040,1,1,0,0,0,0,0,0,0,0,0,0
420041,1,1,0,0,0,0,0,0,0,0,0,0
420042,0,1,0,0,0,0,0,0,0,0,0,0
420042,1,1,0,0,0,0,0,0,0,0,0,0
420043,0,1,15,15,15,15,15,15,15,15,15,15
420043,1,1,17,0,0,0,0,0,0,0,0,0
420044,0,1,0,0,0,0,0,0,0,0,0,0
420044,1,1,0,0,0,0,0,0,0,0,0,0
420045,1,1,0,0,0,12,0,0,0,0,0,31
420046,1,1,17,17,17,17,17,17,17,17,17,17
420046,2,1,11,9,21,22,10,2,15,17,8,4
420047,1,1,0,0,0,0,0,0,0,0,0,0
420047,2,1,0,0,0,0,0,0,0,0,0,0
420048,1,1,0,0,0,0,0,0,0,0,0,0
420048,2,1,0,0,0,0,0,0,0,0,0,0
420049,1,1,0,0,0,0,0,0,0,0,0,0
420049,2,1,0,0,0,0,0,0,0,0,13,0
420050,1,1,0,0,0,0,0,0,0,0,0,0
420050,2,1,0,0,0,0,0,0,0,0,0,0
420051,1,1,16,16,16,16,16,16,16,16,16,16
420051,2,1,0,0,0,0,0,0,0,0,0,0
420052,1,1,0,0,5,13,0,0,0,0,0,0
420052,2,1,0,0,0,0,0,0,0,0,0,0
420053,1,1,25,25,25,25,25,25,25,25,25,25
420053,2,1,0,0,0,0,0,0,0,0,0,0
420054,0,1,0,0,0,0,0,0,0,0,0,0
420054,1,1,0,0,0,0,0,0,0,0,0,0
420055,0,1,0,0,41,0,0,0,0,11,0,0
420055,1,1,0,0,0,0,0,0,0,0,0,17
420056,0,1,0,0,0,0,0,0,0,0,0,0
420056,0,2,0,0,0,0,0,0,0,0,0,0
420056,1,1,14,51,44,34,12,20,7,8,17,17
420057,0,1,13,13,13,13,13,13,13,13,13,13
420057,0,2,0,0,0,0,0,0,0,0,0,0
420057,1,1,0,0,8,0,0,16,0,29,21,26
420058,0,1,0,0,0,0,0,0,0,0,0,0
420058,1,1,0,0,0,0,29,0,0,0,24,0
420059,0,1,16,23,27,44,0,15,19,0,24,12
420059,1,1,0,0,0,0,0,0,0,0,0,0
420060,1,1,11,11,11,11,11,11,11,11,11,11
420061,1,1,0,0,0,0,0,0,0,0,0,0
420061,2,1,0,0,0,0,0,0,0,0,0,0
420061,3,1,0,0,0,0,0,14,0,0,0,0
420062,1,1,0,0,0,0,0,0,0,0,0,0
420062,2,1,0,0,0,0,0,0,0,0,0,0
420062,3,1,0,0,0,0,0,0,0,0,0,0
420063,1,1,4,0,0,0,0,0,0,0,0,13
420063,2,1,0,0,0,0,0,0,0,0,0,0
420064,1,1,0,0,0,0,0,0,0,0,0,0
420064,2,1,0,0,0,16,0,0,0,0,0,0
420065,1,1,22,0,25,13,14,22,0,27,11,38
420066,1,1,17,31,7,9,16,0,11,10,5,19
420067,1,1,0,0,0,0,0,0,0,0,0,0
420068,0,1,0,0,0,0,0,0,0,32,0,0
420068,1,1,0,0,0,0,0,0,0,0,0,0
420069,0,1,0,0,0,0,0,0,0,0,0,0
420069,1,1,0,0,0,0,0,0,0,0,22,0
420070,1,1,0,0,0,0,0,0,0,0,0,0
420070,2,1,0,0,0,0,0,0,0,0,0,0
420070,3,1,0,0,0,0,0,0,0,0,0,0
420071,1,1,6,0,0,0,0,0,0,0,17,0
420072,1,1,0,0,0,0,0,0,0,0,0,0
420073,1,1,18,20,0,24,26,13,31,17,13,15
420074,1,1,0,0,0,0,0,0,0,0,0,0
420074,2,1,0,0,0,0,0,0,0,0,0,0
420075,1,1,10,20,14,0,14,25,13,16,10,21
420075,2,1,0,0,0,23,0,0,0,0,0,0
420076,1,1,0,0,0,0,0,0,0,0,0,13
420076,2,1,0,0,0,0,0,0,0,0,0,0
420077,1,1,0,0,0,0,0,0,0,0,0,0
420078,1,1,0,0,0,0,0,0,0,16,0,0
420078,2,1,0,0,0,0,0,0,0,0,0,0
420079,1,1,0,0,0,0,0,0,0,0,0,0
420079,2,1,0,0,0,0,0,0,0,0,0,0
420080,1,1,0,0,0,0,0,0,0,0,0,0
420080,2,1,0,0,0,0,0,0,0,0,0,0
420080,3,1,0,0,0,0,0,0,0,0,0,0
420081,1,1,34,5,18,0,19,17,17,13,15,28
420082,1,1,0,21,13,9,18,18,0,21,10,28
420083,1,1,0,0,0,0,0,0,0,16,0,0
420084,0,1,14,27,6,14,19,27,12,25,20,21
420084,1,1,0,0,0,0,0,0,0,0,0,0
420084,2,1,0,0,0,0,0,0,0,0,0,0
420085,1,1,0,0,0,0,0,0,0,0,0,0
420086,0,1,0,0,0,0,0,0,0,0,32,0
420086,1,1,1,1,1,1,1,1,1,1,1,1
420087,1,1,21,21,21,21,21,21,21,21,21,21
420088,0,1,0,0,0,0,0,0,0,0,0,0
420088,1,1,0,0,0,0,0,0,0,0,0,0
420089,0,1,0,0,0,0,0,0,0,0,0,0
420089,1,1,0,12,0,0,0,0,0,0,0,0
420090,1,1,0,0,0,0,0,0,0,0,0,0
420090,2,1,0,0,0,0,0,0,0,0,0,0
420090,3,1,0,0,0,0,0,0,0,0,0,0
420090,4,1,0,0,0,0,0,0,0,0,20,0
420090,5,1,0,0,0,0,20,0,0,0,0,0
420090,6,1,0,0,0,0,0,0,0,0,0,0
420091,1,1,0,0,0,0,0,0,0,0,0,0
420092,0,1,0,29,0,0,28,0,0,14,0,0
420092,1,1,0,0,0,0,0,0,0,0,0,0
420093,1,1,0,0,0,0,0,0,0,17,0,0
420093,2,1,0,0,0,0,0,0,0,0,0,0
420093,3,1,0,0,0,0,0,0,0,0,0,0
420094,0,1,0,0,0,0,0,0,0,0,0,0
420094,1,1,0,0,0,6,0,0,0,0,0,0
420095,1,1,0,0,0,0,0,0,0,0,0,0
420095,2,1,0,0,0,0,0,0,0,0,0,0
420096,1,1,26,13,21,18,14,33,15,26,31,13
420097,1,1,21,8,0,16,9,13,40,21,0,22
420098,0,1,0,0,0,0,0,0,0,0,0,0
420098,1,1,0,0,0,0,0,0,0,0,0,0
420099,1,1,0,0,0,0,0,0,0,0,0,19
420099,2,1,0,0,0,0,0,0,0,0,0,0
420100,1,1,0,0,0,0,0,0,0,0,0,0
420101,1,1,9,30,0,0,0,5,0,31,11,7
420102,1,1,22,17,13,0,0,0,18,34,11,0
420103,1,1,7,0,16,16,0,18,15,6,0,28
420104,1,1,0,0,0,0,0,0,0,0,0,0
420104,2,1,0,0,0,0,0,0,0,0,0,26
420105,1,1,0,0,0,26,0,0,0,27,0,0
420105,2,1,0,0,0,0,0,0,0,0,0,0
420106,1,1,0,0,0,0,0,0,0,0,0,0
420107,1,1,0,0,0,0,0,0,0,0,0,0
420108,1,1,0,0,0,0,0,0,0,0,0,0
420108,2,1,0,0,0,0,0,0,0,0,0,0
420109,1,1,0,0,0,0,0,0,0,0,0,0
420110,1,1,0,0,0,0,0,0,0,0,0,0
420111,1,1,17,17,17,17,17,17,17,17,17,17
420112,1,1,12,12,12,12,12,12,12,12,12,12
420113,1,1,0,0,0,0,0,0,0,0,0,0
420113,2,1,0,0,0,0,0,0,0,0,0,0
420114,1,1,0,0,0,0,0,0,0,0,0,0
420114,2,1,0,0,0,0,0,0,0,0,0,0
420114,3,1,0,0,0,0,0,0,0,0,0,0
420114,4,1,0,0,0,0,0,0,0,0,0,0
420114,5,1,0,0,0,0,0,0,0,0,0,0
420114,6,1,0,0,0,0,0,0,0,0,0,0
420115,1,1,32,32,32,32,32,32,32,32,32,32
420115,2,1,0,0,0,0,0,0,0,0,0,0
420116,1,1,0,0,0,0,0,0,0,0,0,0
420116,2,1,0,0,0,0,0,0,0,0,0,0
420117,0,1,22,22,22,22,22,22,22,22,22,22
420117,1,1,0,0,0,0,0,0,0,0,0,0
420117,2,1,0,0,0,0,0,0,0,0,0,0