ST_CASE,VEH_NO,PER_NO,P1,P2,P3,P4,P5,P6,P7,P8,P9,P10
420430,1,1,0,0,0,0,0,0,0,0,0,0
420430,2,1,0,0,0,0,0,0,0,0,0,0
420431,0,1,0,0,0,0,0,0,0,0,0,0
420431,1,1,0,0,0,0,0,0,0,0,0,0
420432,0,1,0,47,0,0,0,0,0,0,15,0
420432,1,1,0,0,0,0,0,0,0,0,0,0
420432,2,1,0,0,0,0,0,0,0,0,0,0
420433,1,1,27,27,27,27,27,27,27,27,27,27
420434,1,1,0,0,0,0,0,0,0,0,0,0
420434,2,1,17,0,0,0,0,0,0,0,0,0
420435,1,1,0,0,0,0,0,0,0,0,0,12
420436,1,1,11,11,11,11,11,11,11,11,11,11
420437,1,1,0,0,0,0,0,0,0,0,0,0
420438,0,1,0,0,0,0,0,0,0,0,0,0
420438,1,1,32,14,18,12,0,18,25,9,13,32
420439,1,1,0,0,0,0,0,0,0,0,0,0
420439,2,1,0,0,0,0,0,0,0,0,0,0
420439,3,1,0,0,0,0,0,0,0,0,0,0
420440,1,1,0,0,0,0,0,0,0,0,0,0
420440,2,2,0,0,0,0,0,0,0,0,0,0
420440,3,1,0,0,0,0,0,0,0,0,0,0
420441,1,1,13,13,13,13,13,13,13,13,13,13
420442,1,1,22,22,22,22,22,22,22,22,22,22
420443,1,1,0,0,0,0,0,0,0,0,0,0
420443,2,1,0,0,0,0,0,0,0,0,0,0
420444,1,1,0,0,0,0,0,0,0,0,0,0
420444,2,1,0,0,0,0,0,0,0,0,0,0
420445,1,1,17,17,17,17,17,17,17,17,17,17
420445,2,1,0,0,0,0,0,0,0,0,0,0
420446,1,1,20,0,0,4,13,3,14,0,0,10
420446,2,1,0,0,0,0,0,0,0,0,0,0
420447,1,1,0,0,0,0,0,0,0,0,0,0
420447,2,1,0,10,0,6,0,0,0,0,0,0
420448,1,1,5,0,23,16,0,20,9,24,14,16
420449,1,1,22,14,21,18,5,19,0,11,21,17
420450,1,1,0,0,0,0,0,0,0,0,0,0
420451,1,1,0,0,0,0,0,0,0,0,0,0
420451,2,1,0,0,0,0,0,0,0,0,0,0
420452,1,1,0,0,0,0,0,0,0,0,0,0
420452,2,1,0,0,0,0,0,0,0,0,0,0
420453,1,1,0,0,0,0,0,0,0,0,0,0
420454,1,1,3,3,3,3,3,3,3,3,3,3
420455,1,1,0,18,22,8,0,12,23,21,17,0
420456,0,1,0,0,0,0,0,0,0,0,0,0
420456,1,1,0,0,0,0,0,0,0,0,0,0
420457,1,1,0,0,0,0,0,0,0,0,0,0
420458,1,1,0,0,0,0,0,0,0,0,0,0
420459,1,1,10,0,0,0,0,0,0,0,0,0
420460,1,1,0,0,0,0,0,0,0,0,0,0
420461,0,1,0,0,0,0,0,0,0,0,0,0
420461,0,2,0,0,0,0,0,0,0,0,0,0
420461,1,1,14,14,14,14,14,14,14,14,14,14
420462,1,1,0,0,0,0,0,0,0,0,0,0
420462,2,1,0,0,0,0,0,0,0,0,0,0
420462,3,1,0,0,0,0,0,0,0,0,0,0
420463,1,1,0,0,0,0,0,0,0,0,0,0
420464,1,1,15,0,6,7,0,12,19,0,0,23
420465,1,1,0,0,0,0,0,0,0,0,0,0
420466,1,1,21,21,21,21,21,21,21,21,21,21
420467,1,1,20,20,20,20,20,20,20,20,20,20
420468,1,1,0,0,0,0,0,0,0,0,0,0
420468,2,1,0,0,0,0,0,0,0,0,0,0
420469,1,1,0,0,0,0,0,0,0,0,0,0
420470,1,1,0,0,0,0,0,0,0,0,0,0
420470,2,1,0,0,0,0,0,0,0,0,0,0
420471,1,1,0,0,0,0,0,0,0,0,0,0
420471,2,1,0,0,0,0,0,0,19,0,10,0
420472,1,1,0,0,0,0,0,0,0,0,0,0
420472,2,1,0,0,0,0,0,0,0,0,0,0
420473,1,1,0,0,0,0,0,0,0,0,0,0
420473,2,1,0,0,0,0,0,0,0,0,0,0
420474,0,1,0,0,0,0,0,0,0,0,0,0
420474,1,1,0,0,0,0,0,0,0,0,0,0
420475,1,1,0,0,7,0,0,0,0,0,0,0
420475,2,1,0,0,0,0,11,0,0,0,0,0
420476,0,1,0,0,0,0,0,0,0,0,0,0
420476,1,1,0,0,0,0,0,0,0,0,0,0
420477,1,1,0,0,0,0,0,0,0,0,0,0
420477,2,1,10,10,10,10,10,10,10,10,10,10
420478,1,1,17,17,17,17,17,17,17,17,17,17
420479,1,1,25,25,25,25,25,25,25,25,25,25
420480,1,1,0,0,9,0,0,15,0,0,0,0
420481,1,1,17,8,13,0,24,19,9,15,0,19
420481,2,1,0,0,0,0,0,0,0,0,0,0
420482,1,1,0,0,0,0,0,0,0,0,0,0
420483,1,1,0,0,0,0,0,0,0,0,0,0
420483,2,1,0,0,0,0,0,0,0,0,0,0
420483,3,1,0,18,14,0,0,0,0,0,0,10
420484,0,1,0,0,15,0,0,0,0,0,0,0
420484,1,1,0,0,0,0,0,0,0,0,0,0
420485,1,1,0,0,0,0,0,0,0,0,0,0
420485,2,1,0,0,0,0,0,0,0,0,0,0
420486,1,1,0,0,0,0,0,0,0,0,0,0
420486,2,1,0,0,0,0,0,0,0,0,0,0
420487,1,1,0,4,0,11,22,0,0,0,0,0
420487,2,1,10,0,0,0,0,0,0,0,0,0
420488,1,1,0,0,0,0,0,0,0,0,0,0
420489,1,1,0,0,0,0,0,0,0,0,0,0
420489,2,1,0,0,0,0,0,0,0,0,0,0
420490,1,1,0,28,18,13,0,9,0,25,37,22
420490,2,1,0,0,0,0,0,0,10,0,0,0
420491,1,1,0,0,0,0,0,0,0,0,0,0
420492,1,1,0,0,0,0,0,0,0,0,0,0
420493,1,1,16,23,25,13,21,13,21,17,4,17
420494,1,1,0,0,0,0,0,0,0,0,0,0
420495,1,1,0,0,0,0,0,0,0,0,0,0
420495,2,1,0,0,0,0,0,0,0,0,0,0
420496,0,1,16,23,15,17,0,12,16,13,19,31
420496,1,1,0,0,0,0,25,0,0,0,0,0
420497,1,1,16,16,16,16,16,16,16,16,16,16
420498,1,1,22,22,22,22,22,22,22,22,22,22
420499,1,1,0,21,0,0,0,0,23,0,0,0
420500,0,1,17,17,17,17,17,17,17,17,17,17
420500,1,1,6,6,6,6,6,6,6,6,6,6
420501,1,1,0,0,0,0,0,0,0,0,0,0
420501,2,1,0,0,0,0,0,0,0,0,0,0
420501,3,1,0,0,0,0,0,0,0,0,0,0
420502,0,1,0,0,0,0,0,14,0,0,0,0
420502,1,1,0,0,0,0,0,0,0,0,0,0
420503,1,1,0,0,0,0,0,0,0,0,0,0
420503,2,1,0,0,0,0,0,0,0,0,0,0
420504,1,1,0,0,0,0,0,0,0,0,0,0
420504,2,1,0,0,0,0,0,0,0,0,0,0
420505,1,1,0,24,0,0,0,0,0,0,0,0
420505,2,1,0,0,0,0,0,0,0,0,0,0
420506,1,1,1,1,1,1,1,1,1,1,1,1
420506,2,1,0,0,0,0,0,0,0,0,0,0
420507,1,1,0,0,0,0,0,0,0,0,0,0
420508,1,1,0,0,0,0,0,0,0,0,0,0
420508,2,1,0,0,0,0,0,0,0,0,0,0
420509,0,1,0,0,0,0,0,0,0,0,0,0
420509,1,1,0,0,0,0,0,21,0,0,0,27
420510,1,1,0,0,0,0,0,0,0,0,0,0
420510,2,1,0,0,0,0,0,0,0,0,0,0
420511,1,1,0,0,0,0,0,0,0,0,0,0
420512,0,1,0,0,0,0,0,0,0,0,0,0
420512,1,1,29,11,20,10,32,7,8,19,19,12
420513,0,1,0,0,21,0,0,0,0,0,0,0
420513,1,1,0,0,0,0,0,0,18,5,0,0
420514,1,1,22,22,22,22,22,22,22,22,22,22
420515,1,1,0,0,0,0,0,0,0,0,0,0
420516,1,1,14,0,17,0,0,16,0,0,0,5
420517,1,1,0,0,0,0,0,0,0,0,0,0
420517,2,1,0,0,0,0,0,0,0,0,0,0
420518,0,1,0,0,0,0,0,0,0,9,0,27
420518,0,2,0,0,0,0,0,0,0,0,0,33
420518,0,3,0,0,40,8,0,17,0,33,0,0
420518,1,1,0,0,0,0,0,0,0,0,0,0
420519,1,1,0,0,19,24,9,10,20,19,41,0
420520,1,1,0,0,0,0,0,21,0,4,0,0
420521,1,1,0,0,0,0,0,0,0,0,0,0
420521,2,1,0,0,0,0,0,0,0,0,0,0
420522,1,1,0,18,34,25,0,10,0,14,0,10
420524,1,1,0,0,0,0,0,0,0,0,0,4
420524,2,1,0,0,0,0,0,0,0,19,0,0
420524,3,1,0,0,0,0,0,0,0,0,0,0
420525,1,1,17,17,17,17,17,17,17,17,17,17
420526,1,1,0,0,0,0,0,0,0,0,19,0
420527,1,1,17,17,17,17,17,17,17,17,17,17
420528,0,1,0,0,0,0,0,0,0,0,0,0
420528,1,1,0,0,0,17,0,0,0,0,0,0
420529,1,1,0,12,0,0,10,15,0,13,2,0
420530,1,1,0,0,0,7,3,20,23,0,0,0
420530,2,1,0,0,0,0,0,0,0,0,0,4
420531,1,1,0,0,0,0,0,0,0,0,0,0
420531,2,1,0,0,0,0,0,0,0,0,0,0
420532,1,1,0,0,0,0,0,0,0,0,0,0
420532,2,1,0,0,0,0,0,0,0,0,0,0
420533,1,1,13,0,8,0,0,0,15,16,9,25
420534,1,1,18,18,18,18,18,18,18,18,18,18
420534,2,1,0,0,0,14,0,18,0,0,0,10
420535,1,1,0,0,0,0,0,0,0,0,0,0
420535,2,1,0,0,0,0,0,0,0,0,0,0
420536,0,1,0,3,0,0,27,0,19,0,23,0
420536,1,1,0,0,0,0,0,13,0,26,0,0
420537,1,1,0,0,0,0,0,0,0,0,0,28
420538,0,1,0,0,0,0,0,0,0,0,0,0
420538,1,1,0,0,0,0,0,0,0,0,0,0
420539,1,1,0,13,10,0,0,0,0,0,0,0
420539,2,1,0,0,0,0,0,0,0,0,0,0
420540,1,1,13,0,0,0,0,0,0,0,0,0
420541,1,1,0,0,0,0,0,0,0,0,0,0
420541,2,1,0,0,14,0,0,0,0,0,0,0
420542,1,1,0,0,0,0,0,0,0,0,0,22
420542,2,1,0,0,0,0,0,0,0,0,0,0
420543,1,1,0,0,0,0,0,0,0,0,0,0
420543,2,1,0,0,0,0,0,0,0,0,0,0
420544,1,1,0,0,0,0,0,0,0,0,0,0
420544,2,1,0,0,0,0,0,0,0,0,0,0
420545,1,1,0,0,0,0,0,0,0,0,0,0
420545,2,1,0,0,0,0,0,0,0,0,0,0
420546,1,1,0,0,0,0,0,0,0,0,0,0
420546,3,1,0,0,0,0,0,0,0,0,0,0
420546,4,1,0,0,0,0,0,0,0,0,0,0
420546,5,1,0,0,0,0,0,0,0,0,0,0
420546,6,1,0,0,0,0,0,0,0,0,0,0
420546,7,1,0,0,5,0,0,23,0,13,0,0
420546,8,1,0,0,0,0,0,0,0,27,0,0
420547,1,1,0,0,0,25,0,0,0,0,0,0
420547,2,1,0,0,0,0,0,0,0,0,0,0
420548,1,1,0,0,0,0,0,0,0,0,0,0
420549,1,1,11,0,0,0,0,0,0,0,0,0
420549,2,1,0,0,0,0,0,0,0,0,0,0
420550,0,1,0,0,0,0,0,0,0,0,0,0
420550,0,2,0,0,0,0,0,0,0,0,0,6
420550,1,1,0,0,7,0,26,0,0,0,0,0
420550,2,1,0,0,0,0,0,0,0,0,0,0
420551,1,1,0,0,0,0,0,22,26,0,0,0
420552,1,1,35,35,35,35,35,35,35,35,35,35
420553,1,1,0,0,0,0,0,0,0,0,0,0
420553,2,1,0,0,0,0,0,0,0,0,0,0
420554,0,1,0,0,0,0,0,0,0,0,0,0
420554,1,1,10,0,0,0,0,0,0,0,0,0
420554,2,1,0,0,0,0,0,0,0,0,0,0
420554,3,1,0,0,0,0,0,0,0,0,0,0
420555,1,1,0,0,0,0,0,0,0,0,0,0
420555,2,1,0,0,0,0,0,0,0,0,0,0
420555,3,1,0,0,0,0,0,0,0,0,0,0
420555,4,1,0,0,0,0,0,0,0,0,0,0
420555,5,1,0,0,0,0,0,0,0,0,5,0
420555,6,1,0,0,13,0,0,0,16,0,0,0
420555,7,1,0,0,0,0,0,0,0,0,0,0
420555,8,1,0,0,0,0,0,0,0,0,0,0
420555,9,1,0,0,0,0,0,0,0,0,0,0
420555,10,1,0,0,0,0,17,0,0,0,0,8
420555,11,1,0,0,0,0,0,0,0,0,0,0
420555,12,1,0,0,0,0,0,0,0,0,0,0
420555,13,1,0,0,0,3,0,0,0,0,11,0
420555,14,1,0,0,0,0,0,0,0,0,0,0
420555,15,1,0,0,0,0,0,0,0,0,0,0
420555,16,1,0,0,0,0,0,0,0,0,0,0
420555,17,1,0,0,0,0,0,0,0,0,0,0
420555,18,1,0,0,0,0,0,0,0,0,0,0
420555,19,1,0,0,0,0,0,0,0,24,0,0
420555,20,1,0,0,0,0,0,0,0,0,0,0
420555,21,1,0,0,0,0,0,0,0,0,0,0
420555,22,1,0,0,0,0,0,0,0,0,0,0
420555,23,1,0,0,0,0,0,0,0,0,0,0
420555,24,1,0,0,0,0,0,0,0,0,0,0
420555,25,1,0,0,0,0,0,0,0,0,0,0
420555,26,1,0,0,0,0,0,0,0,0,0,0
420555,27,1,0,0,0,0,0,0,0,0,0,0
420555,28,1,0,0,0,0,0,0,0,0,0,0
420555,29,1,0,0,0,0,0,0,0,0,0,0
420555,30,1,0,0,0,0,0,0,0,0,0,0
420555,31,1,0,0,0,0,0,0,0,0,0,0
420555,32,1,0,0,0,0,0,0,0,0,0,0
420556,0,1,0,0,0,0,0,27,0,0,0,0
420556,1,1,0,0,0,0,0,0,0,0,0,0
420557,1,1,0,0,0,0,0,0,0,0,0,0
420557,2,1,0,0,0,0,0,0,0,0,0,0
420558,1,1,12,12,12,12,12,12,12,12,12,12
420559,0,1,0,0,4,0,34,0,0,0,0,0
420559,1,1,27,0,32,0,27,0,12,8,20,16
420560,1,1,0,0,0,0,0,0,0,12,0,42
420560,2,1,0,0,0,22,0,0,0,0,0,0
420561,1,1,13,0,0,0,0,0,0,0,0,0
420561,2,1,0,0,0,0,13,0,0,0,0,0
420562,1,1,0,0,0,0,0,0,0,0,0,0
420562,2,1,0,0,0,0,0,0,0,0,0,0
420563,1,1,0,0,0,0,0,0,0,0,0,0
420564,1,1,0,0,0,0,0,0,0,0,0,0
420565,1,1,33,33,33,33,33,33,33,33,33,33
420566,1,1,34,34,34,34,34,34,34,34,34,34
420567,1,1,23,23,23,23,23,23,23,23,23,23
420568,1,1,0,0,0,0,0,0,0,0,0,0
420569,1,1,0,0,0,0,0,0,0,0,0,0
420570,1,2,0,0,17,0,6,0,13,0,0,0
420571,1,1,12,20,20,24,9,14,15,8,5,14
420572,1,1,0,0,0,0,0,0,0,0,0,0
420573,1,1,0,0,0,0,0,0,0,0,0,0
420574,1,1,17,17,17,17,17,17,17,17,17,17
420575,1,1,0,0,20,0,15,0,0,0,0,0
420576,1,1,0,0,0,0,0,0,0,0,0,0
420576,2,1,0,0,0,0,0,0,0,24,0,0
420577,1,1,0,0,0,0,0,0,0,0,0,0
420577,2,1,18,0,7,0,9,0,27,23,0,0
420578,1,1,0,19,0,15,0,18,0,0,8,0
420578,2,1,10,5,9,9,0,22,20,10,19,14
420579,1,1,0,0,0,0,0,0,0,0,0,0
420579,2,1,0,0,0,0,0,0,0,0,0,27
420580,0,1,0,0,0,0,0,0,0,0,0,0
420580,1,1,0,0,0,0,0,0,0,0,0,0
420581,0,1,0,0,0,0,0,0,0,0,0,0
420581,1,1,0,0,0,0,0,13,34,0,0,0
420582,1,1,0,0,0,0,0,0,0,0,0,0
420582,2,1,0,0,0,0,0,0,0,0,0,0
420583,1,1,0,0,0,0,0,0,0,0,0,0
420583,2,1,0,0,0,0,0,0,0,0,0,10
420584,0,1,0,0,0,0,0,0,0,0,0,0
420584,1,1,0,0,0,25,0,0,0,0,0,0
420585,1,1,0,0,0,0,0,0,0,0,0,0
420586,1,1,0,0,20,0,14,15,0,0,13,0
420587,1,1,10,10,10,10,10,10,10,10,10,10
420588,1,1,23,0,0,0,0,0,0,0,0,0
420589,1,1,0,0,0,0,0,9,0,0,0,0
420589,2,1,0,0,0,0,0,0,0,0,0,0
420590,1,1,0,0,0,0,0,0,5,0,0,0
420590,2,1,0,0,0,0,0,0,0,0,11,0
420591,1,1,14,22,24,15,19,25,12,20,0,10
420592,1,1,0,0,0,0,0,0,0,0,0,0
420593,1,1,38,38,38,38,38,38,38,38,38,38
420594,1,1,15,15,15,15,15,15,15,15,15,15
420595,1,1,0,0,0,0,0,0,0,0,0,0
420596,1,1,21,20,6,37,19,24,17,28,30,18
420596,2,1,0,0,0,0,0,0,0,0,0,0
420597,1,1,23,23,23,23,23,23,23,23,23,23
420598,1,1,12,27,20,12,0,14,9,20,11,12
420599,1,1,3,3,3,3,3,3,3,3,3,3
420600,1,1,21,21,21,21,21,21,21,21,21,21
420601,1,1,28,0,0,0,0,0,0,0,0,0
420601,2,1,0,0,0,0,0,12,0,0,0,0
420602,1,1,27,0,0,0,11,0,17,0,1,0
420603,1,1,0,0,0,0,0,0,0,0,0,0
420604,1,1,0,0,0,0,0,0,0,0,0,0
420605,1,1,0,0,0,0,0,0,0,0,0,0
420605,2,1,0,0,0,0,0,0,0,0,0,0
420606,1,1,0,0,0,0,0,0,0,0,0,0
420607,0,1,0,0,0,0,0,0,0,0,0,0
420607,1,1,0,0,0,0,0,0,0,0,0,0
420608,1,1,0,0,0,0,0,0,0,0,0,0
420608,2,1,0,0,0,0,0,0,0,0,4,0
420609,1,1,19,19,19,19,19,19,19,19,19,19
420610,1,1,0,0,0,0,0,22,0,0,0,0
420611,0,1,0,0,0,0,0,0,0,0,0,0
420611,1,1,34,21,15,13,29,37,28,6,8,4
420612,0,1,0,0,0,0,0,0,0,0,0,0
420612,1,1,0,0,0,0,0,29,0,0,0,0
420613,0,1,0,0,0,0,0,0,0,0,0,0
420613,1,1,0,0,0,0,0,0,0,0,0,0
420614,1,1,0,0,0,0,0,0,17,0,0,0
420614,2,1,0,0,0,0,0,0,0,0,0,0
420614,3,1,0,0,0,0,0,0,0,0,0,0
420615,1,1,0,0,0,0,0,0,0,0,0,0
420615,2,1,0,0,0,0,0,0,0,0,7,0
420615,3,1,0,0,0,0,0,0,0,0,0,0
420616,1,1,0,0,0,0,0,0,0,0,0,0
420616,2,1,0,0,0,0,0,0,0,0,0,0
420617,1,1,0,0,0,0,0,0,0,0,0,0
420617,2,1,0,0,0,0,0,0,0,0,0,0
420618,1,1,27,27,27,27,27,27,27,27,27,27
420619,1,1,0,0,0,0,0,0,0,0,0,0
420619,2,1,0,0,0,0,0,0,0,0,0,0
420620,1,1,0,0,0,0,0,0,0,31,0,20
420620,2,1,0,0,0,0,0,0,0,0,0,0
420621,1,1,0,0,0,0,0,0,0,0,0,0
420621,2,1,0,0,0,0,0,0,0,0,0,0
420622,1,1,0,0,0,0,0,0,0,0,0,0
420623,0,1,22,22,22,22,22,22,22,22,22,22
420623,1,1,0,0,0,0,0,0,17,0,0,0
420623,2,1,0,28,0,0,0,0,0,0,12,17
420624,1,1,0,0,0,0,0,0,0,0,0,0
420624,2,1,0,0,0,0,0,0,0,0,0,0
420625,1,1,0,0,0,0,0,0,18,0,0,0
420625,2,1,0,0,0,0,0,0,0,0,0,0
420626,1,1,0,0,0,0,0,0,0,0,0,0
420627,1,1,14,14,14,14,14,14,14,14,14,14
420628,1,1,0,0,0,0,0,0,0,12,0,0
420629,1,1,0,0,0,0,0,0,0,0,0,0
420629,2,1,0,0,7,0,0,0,0,0,0,0
420630,1,1,0,0,0,0,0,0,0,0,0,0
420630,2,1,0,0,0,0,0,0,0,0,0,0
420631,1,1,20,20,20,20,20,20,20,20,20,20
420632,1,1,0,0,0,0,0,0,0,0,0,0
420633,0,1,0,0,0,0,0,0,0,0,0,0
420633,1,1,0,0,0,0,0,0,0,0,0,0
420634,1,1,0,4,10,13,14,14,18,16,18,13
420634,2,1,0,0,22,0,0,0,0,0,20,0
420635,0,1,0,0,0,0,0,0,0,0,0,0
420635,1,1,0,0,0,0,0,0,0,0,0,0
420636,1,1,21,7,30,12,21,14,21,9,17,22
420637,1,1,24,24,24,24,24,24,24,24,24,24
420637,2,1,0,0,0,0,0,0,0,0,0,0
420638,1,1,0,0,18,14,0,20,0,26,15,16
420639,1,1,0,0,0,3,0,0,0,0,0,0
420640,0,1,9,9,9,9,9,9,9,9,9,9
420640,1,1,0,22,15,17,18,0,0,0,0,8
420641,1,1,7,0,6,0,8,12,39,0,0,0
420641,2,1,0,0,0,0,0,0,11,0,0,0
420642,1,1,36,28,20,3,14,0,25,0,7,28
420643,1,1,0,0,0,0,0,0,0,0,0,0
420643,2,1,0,0,0,6,0,0,0,0,0,0
420644,1,1,0,0,0,0,0,0,0,0,0,0
420645,0,1,17,19,13,42,15,10,17,34,24,19
420645,1,1,0,12,0,0,0,0,0,0,0,0
420646,0,1,12,12,12,12,12,12,12,12,12,12
420646,1,1,0,0,0,0,0,0,0,0,0,0
420647,1,1,0,0,0,0,0,0,0,0,0,0
420647,2,1,0,0,0,0,0,0,0,0,0,0
420648,1,1,0,0,0,0,0,0,0,0,19,0
420648,2,1,0,28,0,0,0,0,0,0,0,0
420649,1,1,0,0,0,0,0,0,0,0,0,0
420650,1,1,0,0,0,0,0,0,0,0,0,0
420651,0,1,0,0,0,0,0,27,0,0,0,0
420651,1,1,25,0,0,0,0,0,0,0,0,12
420652,0,1,7,8,15,22,23,24,25,22,13,0
420652,1,1,13,0,29,14,0,0,13,0,0,22
420653,1,1,21,21,21,21,21,21,21,21,21,21
420654,1,1,0,0,0,0,0,0,0,0,0,0
420655,1,1,0,0,0,0,0,0,0,0,0,0
420655,2,1,0,0,0,0,0,0,0,0,0,0
420656,1,1,0,0,0,0,0,0,0,0,0,0
420657,1,3,0,26,0,0,0,0,0,16,0,28
420657,2,1,19,0,0,0,0,7,0,27,0,11
420658,1,1,0,0,0,0,0,0,0,0,0,0
420658,2,1,0,0,4,8,0,1,15,0,0,0
420659,1,1,0,0,0,0,0,0,0,0,15,0
420659,2,1,0,0,0,0,0,0,0,0,0,0
420660,1,1,0,0,0,11,0,12,2,16,17,11
420660,2,1,7,0,0,0,0,0,0,16,0,0
420661,1,1,0,0,0,0,0,0,0,0,0,0
420661,2,1,0,0,0,0,0,22,0,0,0,0
420662,1,1,0,0,0,0,0,0,0,0,16,0
420663,1,1,12,12,12,12,12,12,12,12,12,12
420663,2,1,0,0,0,12,0,0,0,0,0,0
420664,1,1,0,0,0,0,0,0,0,0,0,0
420664,2,1,0,0,0,0,0,12,0,0,0,0
420665,1,1,0,0,0,0,0,0,0,0,0,0
420666,1,1,0,0,0,0,0,0,0,0,0,0
420667,1,1,0,0,0,0,0,0,0,0,0,0
420668,1,1,0,0,0,0,0,0,0,0,0,0
420668,2,1,0,0,0,0,0,0,0,0,0,0
420669,1,1,0,0,14,0,0,0,0,0,0,20
420669,2,1,20,0,0,0,0,0,0,0,0,0
420669,3,1,0,16,0,0,0,0,0,0,0,0
420670,1,1,0,0,0,0,0,0,0,0,0,0
420670,2,1,0,0,0,0,0,0,0,0,0,0
420670,3,1,0,0,0,0,0,0,0,0,0,0
420671,1,1,19,7,11,6,31,3,21,14,26,0
420671,2,1,0,0,0,15,0,0,0,0,0,0
420672,1,1,0,0,0,0,0,0,0,0,0,0
420673,1,1,24,24,24,24,24,24,24,24,24,24
420674,1,1,0,0,0,0,0,0,0,0,0,0
420675,1,1,0,0,0,0,0,0,0,0,0,0
420675,2,1,0,0,0,0,0,0,0,0,0,0
420676,1,1,0,0,0,0,0,0,0,0,0,0
420677,1,1,0,0,18,25,0,0,0,0,0,0
420678,1,1,0,0,0,0,0,0,0,0,0,0
420679,1,1,0,0,0,0,0,0,0,0,0,0
420679,2,1,0,0,0,0,0,0,0,0,0,0
420680,1,1,0,0,0,0,6,0,0,0,0,0
420680,2,1,0,0,0,0,0,0,0,0,13,0
420681,1,1,16,16,16,16,16,16,16,16,16,16
420682,1,1,0,0,0,0,0,0,0,0,0,0
420682,2,1,0,0,0,0,0,0,0,0,0,0
420683,1,1,31,31,31,31,31,31,31,31,31,31
420684,1,1,0,0,0,0,0,0,0,0,0,0
420684,2,1,0,0,0,0,0,0,0,0,0,0
420685,1,1,0,0,0,0,0,0,0,0,0,0
420685,2,1,0,0,0,4,0,0,0,0,0,0
420686,0,1,0,0,0,0,0,0,0,0,0,0
420686,1,1,0,0,0,0,0,0,0,0,27,0
420687,1,1,26,17,0,10,27,0,0,0,9,0
420688,1,1,0,0,0,0,0,0,0,0,0,0
420689,1,1,0,0,0,0,0,0,0,0,0,0
420689,2,1,0,0,0,0,0,0,0,0,0,0
420690,0,1,0,0,0,0,0,0,0,0,0,11
420690,1,1,0,0,0,0,0,0,0,22,7,0
420691,1,1,0,0,0,0,0,0,0,0,0,0
420692,1,1,0,0,0,0,0,0,0,0,0,0
420692,2,1,0,0,0,0,0,0,0,0,0,0
420692,3,1,0,0,0,0,0,0,0,0,0,0
420692,4,1,0,0,0,0,0,0,0,0,0,0
420693,1,1,30,23,23,10,9,10,10,24,23,10
420694,0,1,0,0,0,0,0,0,0,0,0,0
420694,1,1,0,22,0,0,0,0,0,0,0,0
420695,1,1,0,0,0,0,0,0,0,0,0,0
420696,1,1,0,0,0,0,0,0,0,0,0,0
420696,2,1,0,0,0,0,0,0,0,0,0,0
420697,1,1,0,0,0,0,0,0,0,0,0,0
420697,2,1,0,0,0,0,7,0,0,0,0,0
420698,1,1,0,15,0,24,0,0,0,0,30,0
420699,1,1,19,9,20,25,19,18,11,22,8,28
420699,2,1,0,0,0,0,0,0,0,0,0,0
420700,1,1,30,30,30,30,30,30,30,30,30,30
420700,2,1,0,0,0,0,0,0,0,0,0,0
420701,1,1,20,0,14,7,12,0,0,17,0,13
420702,1,1,0,0,0,0,0,0,0,0,0,0
420702,2,1,0,0,0,0,0,0,0,0,0,0
420703,1,1,0,0,0,0,0,0,0,0,0,0
420704,1,1,5,5,5,5,5,5,5,5,5,5
420705,1,1,0,0,0,0,0,0,0,0,0,0
420705,2,1,8,0,0,0,0,0,0,0,0,0
420706,1,1,0,0,0,0,0,0,0,0,0,0
420706,2,1,0,0,0,0,0,0,0,0,0,0
420707,1,1,6,0,0,26,0,0,0,0,0,4
420708,1,1,0,0,0,0,0,0,0,0,0,0
420709,1,1,53,53,53,53,53,53,53,53,53,53
420710,1,1,0,0,0,0,0,0,0,0,0,0
420710,2,1,0,0,0,0,3,0,0,0,0,20
420711,1,1,19,19,19,19,19,19,19,19,19,19
420712,1,1,16,0,0,0,12,0,23,18,13,22
420713,1,1,12,12,12,12,12,12,12,12,12,12
420714,1,1,16,0,25,7,0,0,0,0,0,0
420715,0,1,26,0,0,0,0,0,0,0,0,15
420715,1,1,0,8,19,7,0,24,12,11,14,15
420716,0,1,0,0,0,0,0,0,0,0,0,0
420716,1,1,0,0,0,19,0,13,0,0,0,0
420717,0,1,0,0,0,0,0,0,0,0,0,0
420717,1,1,0,0,0,0,0,0,0,0,0,0
420718,1,1,0,0,0,0,0,0,0,0,0,0
420718,2,1,0,0,0,0,0,0,0,0,0,0
420719,1,1,30,23,28,28,36,0,16,10,5,11
420720,1,1,16,16,16,16,16,16,16,16,16,16
420721,0,1,0,0,0,0,0,0,0,0,0,0
420721,1,1,25,8,15,43,23,14,7,25,27,29
420721,5,1,0,49,0,0,0,0,0,0,0,0
420722,0,1,0,0,0,0,0,0,0,0,0,0
420722,1,1,0,0,0,0,0,0,0,0,0,0
420723,1,1,0,0,0,0,0,0,0,0,0,0
420723,2,1,0,0,0,0,0,0,0,0,0,0
420724,1,1,0,0,0,0,0,0,0,0,0,0
420724,2,1,0,0,0,0,0,0,0,0,0,0
420725,1,1,0,0,0,0,0,0,0,0,0,0
420725,2,1,0,0,0,0,0,0,0,0,0,0
420725,3,1,0,0,0,0,0,10,0,0,0,0
420725,4,1,0,0,0,0,0,0,0,0,0,0