ST_CASE,VEH_NO,PER_NO,P1,P2,P3,P4,P5,P6,P7,P8,P9,P10
420726,0,1,22,16,17,21,15,8,29,28,32,0
420726,1,1,0,0,0,0,0,0,0,0,0,0
420727,1,1,0,0,0,0,0,0,0,0,0,0
420728,1,1,0,21,0,0,0,19,0,0,0,0
420729,1,1,0,0,0,0,0,0,0,23,0,0
420729,2,1,0,0,0,0,0,0,0,0,0,0
420730,1,1,0,0,0,0,0,0,0,0,0,0
420730,2,1,0,0,0,0,0,0,0,0,0,12
420731,1,1,0,21,0,13,0,0,0,0,0,0
420731,2,1,0,0,0,0,0,0,0,0,0,0
420731,3,1,0,0,0,0,0,0,0,0,0,0
420732,1,1,0,0,0,0,0,0,0,0,0,0
420732,2,1,0,0,0,0,0,13,0,0,0,0
420733,1,1,0,0,0,0,0,0,0,0,13,0
420733,2,1,0,0,0,0,0,0,0,0,0,0
420733,3,1,0,0,0,0,0,0,0,0,0,0
420734,1,1,0,0,0,0,0,0,0,0,0,0
420734,2,1,0,0,0,0,0,0,0,0,0,0
420735,0,1,0,0,21,0,0,0,0,0,0,0
420735,1,1,0,0,0,0,0,0,0,0,0,0
420736,0,1,3,3,3,3,3,3,3,3,3,3
420736,1,1,0,0,0,0,0,0,0,0,0,0
420737,1,1,0,0,0,0,0,0,0,0,0,0
420737,2,1,0,0,0,0,0,0,0,0,0,0
420738,1,1,0,0,10,0,10,0,7,0,0,17
420739,1,1,0,0,0,0,0,0,0,0,0,0
420739,2,1,0,0,0,0,0,0,0,0,0,0
420740,0,1,0,0,0,0,0,0,0,25,5,0
420740,0,2,0,0,0,0,0,0,0,0,0,23
420740,1,1,0,0,0,0,0,0,0,0,19,0
420740,2,1,0,0,0,0,0,0,0,0,0,0
420741,1,1,10,0,0,0,0,0,0,0,0,0
420741,2,1,0,0,0,0,0,0,0,0,0,0
420741,3,1,12,0,0,0,0,15,0,0,0,0
420742,1,1,0,0,0,0,0,0,0,0,0,0
420742,2,1,0,0,0,0,0,0,0,0,0,0
420742,3,1,0,0,0,0,0,19,0,0,0,0
420743,0,1,0,0,0,0,0,0,0,0,0,0
420743,0,2,0,0,0,0,0,0,0,0,0,0
420743,1,1,9,29,10,40,24,12,25,16,25,10
420744,0,1,0,0,0,4,0,0,0,0,0,22
420744,1,1,0,0,0,0,0,0,0,0,21,0
420744,2,1,0,0,0,0,0,0,0,0,0,0
420745,1,1,0,0,0,0,0,0,0,0,0,0
420745,2,1,0,0,0,0,0,0,0,0,0,0
420746,1,1,0,0,0,0,0,0,0,0,0,0
420746,2,1,0,0,0,0,0,0,0,0,0,0
420747,1,1,16,0,0,0,0,0,0,0,0,0
420748,0,1,0,0,0,0,0,0,0,0,0,0
420748,1,1,0,0,0,0,0,0,0,0,0,0
420749,1,1,0,0,0,0,0,0,0,17,0,0
420749,2,1,0,0,0,6,0,0,0,0,0,0
420750,1,1,47,47,47,47,47,47,47,47,47,47
420750,2,1,0,0,0,0,0,0,0,0,0,0
420751,0,1,0,0,0,0,0,0,0,0,0,0
420751,1,1,0,22,0,0,0,0,0,0,0,0
420752,1,1,34,34,34,34,34,34,34,34,34,34
420752,2,1,0,0,0,0,0,0,0,0,0,0
420753,0,1,0,0,0,0,0,0,0,0,0,0
420753,1,1,0,0,0,0,0,0,0,0,0,0
420754,1,1,0,0,0,0,0,0,0,0,0,0
420754,2,1,0,0,0,0,0,0,0,0,0,0
420755,0,1,11,11,11,11,11,11,11,11,11,11
420755,1,1,0,0,0,0,0,0,0,0,0,0
420756,0,1,20,0,3,0,16,0,0,27,0,0
420756,1,1,0,0,0,0,0,0,0,0,13,0
420757,1,1,11,17,0,0,16,0,29,21,22,0
420758,0,1,0,0,0,0,0,0,0,0,0,0
420758,1,1,17,19,0,0,0,0,0,0,0,0
420759,1,1,0,0,0,0,0,0,0,0,0,0
420760,1,1,0,0,0,0,0,0,0,0,0,0
420761,1,1,0,0,0,0,0,0,0,0,0,0
420761,2,1,0,0,0,0,0,0,0,0,0,0
420762,1,1,0,0,0,0,0,0,0,0,0,0
420762,2,1,0,0,0,0,0,0,0,0,0,0
420763,1,1,8,8,8,8,8,8,8,8,8,8
420764,1,1,0,0,0,0,0,0,0,0,0,0
420765,1,1,0,0,0,0,0,0,0,0,0,0
420766,1,1,0,0,0,0,0,0,0,0,0,0
420766,2,1,0,0,0,0,0,0,0,0,0,0
420767,1,1,0,0,15,0,0,0,0,0,0,0
420768,1,1,24,24,24,24,24,24,24,24,24,24
420768,2,1,0,0,0,0,0,0,0,0,0,0
420768,3,1,16,0,0,0,0,0,0,0,0,0
420768,4,1,0,0,0,5,0,0,0,0,0,0
420769,1,1,0,0,0,0,0,0,0,0,0,0
420770,1,1,25,25,25,25,25,25,25,25,25,25
420771,1,1,0,0,0,0,0,0,0,0,0,0
420772,0,1,0,0,0,0,0,0,0,0,0,0
420772,1,1,0,0,0,0,0,0,0,0,0,0
420773,0,1,0,0,0,0,0,0,0,0,0,0
420773,1,1,12,12,12,12,12,12,12,12,12,12
420774,0,1,32,32,32,32,32,32,32,32,32,32
420774,1,1,5,0,0,0,5,9,0,9,0,25
420775,1,1,0,0,0,0,0,0,16,0,0,0
420775,2,1,0,0,0,0,0,0,0,0,0,0
420775,3,1,0,0,0,0,0,0,26,0,0,0
420776,1,1,0,0,0,0,0,7,0,8,0,0
420776,2,1,0,0,0,0,0,0,0,0,0,0
420777,1,1,0,0,0,0,18,0,0,0,0,0
420777,2,1,0,0,0,0,0,0,0,0,0,0
420777,3,1,0,0,0,0,0,0,0,0,0,0
420777,4,1,0,0,0,0,8,0,0,0,0,0
420778,1,1,0,0,0,0,0,0,0,0,0,0
420778,2,1,0,0,7,0,0,0,0,0,0,0
420779,1,1,0,0,0,0,0,0,0,0,0,0
420779,2,1,0,0,0,0,0,0,0,0,0,0
420780,1,1,0,0,0,0,0,0,0,0,0,0
420780,2,1,0,0,0,0,0,0,0,0,0,0
420781,1,1,0,0,0,0,0,0,0,0,0,0
420781,2,1,22,0,0,0,0,0,0,21,0,27
420782,1,1,18,18,18,18,18,18,18,18,18,18
420783,1,1,0,0,0,0,0,0,0,0,0,0
420783,2,1,0,0,0,0,0,0,0,0,0,0
420784,1,1,0,0,0,0,0,0,0,0,0,0
420784,2,1,0,25,17,0,0,0,0,6,8,0
420784,3,1,0,0,0,0,0,0,0,0,0,0
420784,4,1,0,0,0,0,0,0,0,0,0,0
420785,1,1,0,0,0,0,0,0,0,0,0,0
420785,2,1,0,0,0,0,0,0,0,0,0,0
420786,1,1,0,0,0,0,0,0,0,0,0,0
420786,2,1,0,0,0,0,0,0,0,0,27,0
420787,1,1,0,0,0,0,0,0,0,0,0,0
420787,2,1,0,0,0,0,0,0,0,0,0,0
420788,1,1,0,0,0,0,0,0,0,0,0,0
420788,2,1,0,0,0,0,0,0,0,7,0,0
420789,1,1,0,0,0,0,0,0,18,0,0,0
420790,0,1,0,0,0,0,0,0,0,0,0,0
420790,1,1,0,0,0,0,0,0,0,0,0,0
420790,2,1,0,0,0,0,0,0,0,0,0,0
420791,1,1,0,0,0,0,0,0,0,0,0,0
420791,2,1,0,0,0,0,0,0,0,0,0,0
420792,1,1,0,0,0,0,0,0,0,0,0,0
420792,2,1,0,0,0,0,0,0,0,0,0,0
420793,1,1,0,0,0,0,0,0,0,0,0,0
420793,2,1,2,2,2,2,2,2,2,2,2,2
420793,3,1,0,0,0,0,26,0,0,0,0,0
420794,1,1,6,6,6,6,6,6,6,6,6,6
420795,1,1,0,0,0,0,0,0,0,0,0,0
420796,1,1,12,5,0,0,32,11,24,15,19,17
420797,0,1,0,0,0,0,0,0,0,11,0,0
420797,1,1,0,0,0,0,16,15,7,0,0,0
420798,1,1,0,0,0,0,0,0,0,0,0,0
420798,2,1,0,0,0,0,0,0,0,0,0,0
420799,1,1,0,0,0,0,0,0,0,0,0,0
420799,2,1,0,0,0,0,0,0,0,0,0,0
420800,1,1,0,0,0,0,0,0,0,0,0,0
420800,2,1,0,31,0,0,0,0,0,0,0,0
420801,1,1,0,0,0,0,0,0,0,0,0,0
420801,2,1,0,0,0,0,0,0,0,5,0,0
420802,0,1,0,0,0,0,0,0,0,0,0,0
420802,1,1,0,0,0,0,0,0,0,0,0,0
420803,1,1,0,0,0,0,0,0,0,0,0,0
420803,2,1,0,0,0,0,0,0,0,0,0,0
420804,1,1,24,24,24,24,24,24,24,24,24,24
420805,1,1,0,0,0,0,0,0,0,0,0,0
420806,1,1,11,20,19,25,18,19,3,15,0,23
420806,2,1,0,0,0,0,0,0,0,0,0,0
420807,1,1,0,0,0,0,28,0,0,0,0,0
420807,2,1,0,0,0,0,0,0,0,0,6,0
420808,1,1,0,0,13,0,0,13,0,0,0,0
420808,2,1,0,0,0,0,0,0,0,0,0,0
420809,1,1,17,0,21,5,11,24,0,24,10,21
420810,1,1,0,0,0,0,0,0,0,0,0,0
420811,1,1,0,0,0,0,0,0,0,0,0,0
420811,2,1,0,0,0,0,0,0,0,0,0,0
420812,1,1,0,0,0,0,0,0,0,0,0,0
420812,2,1,0,0,0,0,0,0,0,0,0,0
420813,1,1,0,0,0,0,0,0,0,0,0,0
420813,2,1,0,0,0,0,0,0,0,0,0,0
420814,1,1,14,14,14,14,14,14,14,14,14,14
420815,1,1,0,0,0,0,0,0,0,0,0,0
420816,1,1,0,0,0,0,0,0,0,0,0,0
420816,2,1,0,4,0,0,0,0,0,17,0,0
420817,1,1,0,0,0,0,0,0,0,0,0,0
420817,2,1,0,0,0,0,0,0,0,0,0,0
420818,1,1,0,0,0,0,0,0,0,0,0,0
420818,2,1,0,0,0,0,0,0,0,0,0,0
420819,1,1,0,0,0,0,0,0,0,0,0,0
420820,1,1,0,0,0,0,0,0,0,0,0,0
420821,1,1,0,0,6,0,0,0,0,0,0,0
420821,2,1,0,0,0,0,0,0,0,0,0,0
420821,3,1,0,0,0,0,0,0,0,0,0,0
420822,1,1,6,20,0,0,7,0,34,0,0,27
420822,2,1,0,0,0,0,0,0,0,0,0,0
420823,1,1,0,0,0,0,0,0,0,0,0,0
420823,2,1,0,16,0,0,0,0,0,0,14,0
420824,1,1,0,0,0,0,0,0,0,0,0,0
420824,2,1,0,0,0,0,0,0,0,0,0,0
420825,1,1,0,0,0,0,30,0,0,0,0,0
420825,2,1,0,0,0,0,0,0,0,0,0,0
420826,1,1,17,17,17,17,17,17,17,17,17,17
420827,0,1,0,0,8,0,0,35,0,0,0,0
420827,1,1,0,0,0,0,0,0,0,0,0,0
420828,1,1,0,5,0,0,0,0,0,0,0,0
420828,2,1,0,0,0,0,0,0,0,0,0,0
420828,3,1,0,0,0,0,0,0,0,0,0,0
420829,1,1,4,5,0,10,0,10,14,6,4,13
420829,2,1,0,0,0,0,0,19,0,0,0,0
420829,3,1,0,6,0,0,0,0,0,0,0,0
420830,0,1,0,0,0,0,0,0,0,0,0,0
420830,1,1,0,0,0,0,0,0,0,0,0,0
420831,1,1,0,0,0,0,0,0,0,0,0,0
420831,2,1,0,0,0,0,0,0,0,0,0,0
420831,3,1,0,0,0,0,0,0,0,0,0,0
420832,0,1,0,0,0,0,0,0,0,0,0,0
420832,1,1,0,0,0,0,0,0,0,0,0,0
420833,1,1,0,0,0,0,0,0,0,25,0,0
420834,1,1,23,23,23,23,23,23,23,23,23,23
420835,1,1,0,0,0,0,0,0,0,0,0,0
420836,1,1,0,19,0,0,0,0,0,0,0,0
420837,1,2,0,0,0,0,0,0,0,0,0,0
420837,2,1,0,0,0,0,0,0,0,0,0,0
420838,1,1,11,11,11,11,11,11,11,11,11,11
420839,1,1,0,15,0,0,0,0,0,0,17,0
420840,1,1,24,24,24,24,24,24,24,24,24,24
420841,0,1,0,0,0,0,0,0,0,0,0,0
420841,1,1,15,15,11,7,28,16,20,13,17,29
420842,1,1,0,0,0,0,0,0,0,14,3,0
420843,1,1,0,0,0,24,4,0,0,0,15,0
420843,2,1,0,0,0,0,0,0,0,0,28,0
420844,1,1,0,0,0,0,0,0,0,0,0,6
420844,2,1,0,0,0,0,0,0,0,0,12,0
420845,1,1,0,0,0,0,0,0,0,0,0,0
420846,1,1,0,0,0,0,0,0,16,0,0,0
420847,1,1,0,0,0,0,0,0,0,0,0,0
420848,0,1,0,0,0,0,0,0,0,0,0,0
420848,1,1,0,0,0,0,0,0,0,0,0,0
420849,0,1,1,1,1,1,1,1,1,1,1,1
420849,1,1,0,0,0,0,0,0,0,0,0,0
420850,1,1,13,13,13,13,13,13,13,13,13,13
420850,2,1,0,0,0,0,0,0,0,0,0,0
420851,1,1,0,0,0,0,0,0,0,0,0,0
420852,1,1,0,0,0,0,0,0,0,0,0,0
420852,2,1,0,0,0,0,0,0,0,0,0,0
420853,1,1,0,0,0,0,0,0,0,0,0,0
420853,2,1,0,0,0,0,0,0,0,0,0,0
420854,1,1,12,9,5,16,0,12,0,8,11,8
420855,1,1,0,0,0,0,0,0,0,0,0,0
420856,1,1,11,11,11,11,11,11,11,11,11,11
420857,1,1,0,0,0,0,0,0,0,0,0,0
420858,1,1,0,0,0,0,0,0,0,0,0,0
420858,2,1,0,0,0,0,0,0,0,0,0,0
420858,3,1,0,0,0,0,0,0,0,0,0,0
420859,1,1,0,0,0,0,0,0,0,0,0,0
420860,1,1,0,0,0,0,0,0,19,17,0,0
420861,1,1,0,0,0,0,0,0,0,0,0,0
420862,1,1,0,0,0,0,0,0,15,0,0,0
420863,1,1,10,10,10,10,10,10,10,10,10,10
420864,1,1,0,0,0,0,0,0,0,0,0,0
420864,2,1,0,0,0,0,0,0,0,0,0,20
420865,1,1,0,22,0,0,0,0,0,0,0,0
420865,2,3,0,8,0,0,8,0,0,0,0,0
420866,1,1,0,0,0,0,0,0,0,0,0,0
420866,2,1,0,0,0,0,0,0,0,0,0,0
420867,1,1,0,0,0,0,0,0,0,0,0,0
420867,2,1,0,0,0,0,0,0,0,0,0,0
420868,1,1,0,0,0,0,0,0,0,0,0,0
420868,2,1,0,0,0,0,0,0,0,0,0,0
420869,1,1,12,12,12,12,12,12,12,12,12,12
420870,1,1,0,0,0,0,0,0,0,0,0,0
420870,2,1,0,0,0,0,0,0,0,0,0,0
420871,1,1,16,6,21,15,28,13,14,21,24,10
420872,1,1,0,0,0,0,0,0,0,0,0,0
420872,2,1,0,0,0,24,0,0,0,0,0,0
420872,3,1,0,0,0,0,0,0,0,0,0,0
420872,4,1,0,0,0,0,0,0,0,0,0,0
420873,1,1,13,0,20,23,14,5,11,23,0,17
420873,2,1,0,0,0,0,0,0,0,0,0,0
420873,3,1,0,0,16,0,0,0,0,0,0,0
420874,1,1,0,0,9,18,0,0,0,0,0,21
420874,2,1,0,0,0,0,0,0,0,0,0,0
420875,1,1,0,0,0,0,0,0,0,0,0,25
420875,2,1,0,0,0,0,0,0,0,0,0,0
420876,1,1,0,0,0,0,0,0,0,0,0,0
420876,2,1,0,0,0,8,0,0,0,0,0,0
420877,1,1,17,17,17,17,17,17,17,17,17,17
420878,1,1,0,0,0,0,0,0,0,0,0,0
420879,1,1,0,0,0,0,0,0,0,0,0,0
420880,1,1,14,17,4,17,37,0,12,7,0,14
420881,1,1,0,15,0,42,0,0,0,5,16,0
420882,1,1,0,0,0,0,0,0,0,0,0,0
420882,2,1,6,12,11,15,11,19,21,13,13,8
420883,1,1,14,14,14,14,14,14,14,14,14,14
420883,2,1,0,0,0,0,21,0,0,0,0,0
420884,1,1,0,0,0,0,0,0,0,0,0,0
420884,2,1,0,0,0,0,0,0,0,0,0,0
420885,1,1,0,0,0,0,0,0,0,0,0,0
420885,2,1,0,0,0,0,0,0,0,0,0,0
420886,1,1,0,0,0,0,0,0,0,0,0,0
420886,2,1,0,0,0,0,0,0,0,0,0,2
420886,3,1,0,0,0,0,0,0,0,0,0,0
420887,1,1,2,2,2,2,2,2,2,2,2,2
420887,2,1,14,0,0,0,0,0,0,0,25,0
420887,3,1,0,0,0,0,0,0,0,0,0,0
420887,4,1,0,0,0,0,0,0,21,0,0,0
420888,1,1,0,0,0,0,0,0,0,0,0,0
420888,2,1,0,0,0,0,0,0,0,0,0,0
420889,0,1,0,0,0,0,0,0,0,0,0,0
420889,1,1,0,0,0,0,18,5,12,0,24,0
420890,0,1,0,0,0,0,0,0,0,0,0,0
420890,1,1,0,0,0,0,0,0,0,0,0,0
420891,1,1,0,0,0,0,0,0,0,0,0,0
420891,2,1,0,0,0,0,0,0,0,0,0,0
420892,1,1,0,0,0,0,0,0,0,0,0,0
420892,2,1,0,0,0,0,0,0,0,0,0,0
420893,1,1,0,0,0,0,0,0,0,0,0,0
420894,1,1,8,15,28,22,13,26,16,31,8,13
420894,2,1,0,0,0,0,0,16,48,0,9,0
420895,1,1,0,0,0,0,0,0,0,0,0,0
420895,2,1,0,0,0,0,0,0,0,0,0,0
420896,0,1,14,14,14,14,14,14,14,14,14,14
420896,1,1,0,0,0,15,0,0,0,0,0,0
420897,0,1,31,31,31,31,31,31,31,31,31,31
420897,1,1,0,0,0,0,0,0,0,0,0,0
420898,0,1,0,0,0,0,0,0,0,44,0,0
420898,0,2,20,10,3,25,47,0,30,20,14,19
420898,1,1,0,0,0,0,0,0,0,0,0,0
420899,1,1,0,0,0,0,0,0,0,0,0,19
420900,1,1,0,34,11,0,24,0,20,23,0,0
420901,1,1,5,5,5,5,5,5,5,5,5,5
420901,2,1,0,0,0,0,0,0,0,0,0,0
420902,1,1,0,0,0,0,0,0,0,0,0,0
420902,2,1,0,0,0,9,0,0,0,0,0,0
420902,3,1,0,0,0,0,0,0,0,0,0,0
420902,4,1,11,8,0,0,0,0,0,0,0,0
420903,1,1,0,0,0,0,0,0,0,0,14,0
420904,1,1,38,38,38,38,38,38,38,38,38,38
420905,1,1,0,0,0,0,0,0,0,0,0,0
420905,2,1,0,0,0,0,0,0,0,0,0,0
420906,1,1,0,0,0,0,0,0,0,0,0,0
420906,2,1,0,0,12,0,0,0,0,0,0,0
420907,1,1,13,13,13,13,13,13,13,13,13,13
420908,1,1,11,0,22,30,22,15,24,5,19,17
420909,0,1,0,0,0,0,0,0,0,0,0,0
420909,1,1,0,0,0,0,0,0,0,0,0,0
420910,0,1,17,17,17,17,17,17,17,17,17,17
420910,1,1,0,0,0,0,0,0,0,0,0,0
420911,0,1,0,0,0,0,0,0,0,0,0,0
420911,0,2,0,0,0,0,0,0,0,0,16,0
420911,1,1,14,15,11,0,7,17,0,0,0,0
420912,0,1,0,0,0,0,0,0,0,0,0,0
420912,1,1,0,0,0,11,0,32,0,0,11,0
420913,0,1,0,0,0,0,0,0,0,0,0,0
420913,1,1,0,0,0,0,5,0,0,0,13,0
420914,0,1,0,0,0,7,0,7,0,16,32,23
420914,1,1,0,19,0,0,0,0,0,0,0,0
420915,1,1,0,0,0,46,0,0,0,0,0,0
420915,2,1,0,0,0,0,0,0,0,0,0,0
420916,1,1,33,22,8,7,12,17,16,10,25,5
420917,1,1,0,0,0,0,0,0,0,0,0,0
420917,2,1,0,0,0,0,0,0,0,0,0,0
420918,1,1,20,0,0,0,0,0,0,0,13,0
420919,1,1,0,0,0,0,0,0,0,0,0,0
420919,2,1,0,0,26,0,0,0,0,0,23,0
420920,1,1,0,11,33,17,0,0,9,30,23,16
420921,1,1,14,17,13,25,0,8,9,0,26,16
420921,2,1,0,0,0,0,6,0,0,0,0,0
420922,1,1,0,0,0,0,17,0,0,0,0,0
420923,1,1,0,0,0,0,0,0,0,0,0,0
420923,2,1,0,0,0,0,0,0,0,0,0,0
420923,3,1,0,0,21,0,0,0,0,0,0,0
420923,4,1,0,0,0,0,0,0,0,0,0,0
420923,5,1,0,0,0,0,0,0,0,0,0,0
420924,1,1,7,7,7,7,7,7,7,7,7,7
420925,1,1,19,0,20,0,0,0,0,0,18,0
420925,2,1,0,0,0,0,32,0,5,0,0,0
420926,1,1,9,9,9,9,9,9,9,9,9,9
420926,2,1,3,3,3,3,3,3,3,3,3,3
420927,0,1,36,36,36,36,36,36,36,36,36,36
420927,1,1,0,0,0,0,0,0,0,0,0,0
420928,1,1,12,5,0,14,2,0,0,1,0,9
420928,2,1,0,0,0,0,0,0,21,0,0,0
420929,0,1,24,0,26,22,0,0,41,16,0,0
420929,1,1,0,14,0,0,0,16,24,0,9,28
420930,0,1,18,18,18,18,18,18,18,18,18,18
420930,1,1,0,0,0,0,0,21,0,3,0,0
420931,0,1,0,0,0,0,0,0,0,0,0,0
420931,1,1,0,0,0,0,0,0,0,0,85,0
420932,0,1,0,0,0,0,0,0,0,0,0,0
420932,1,1,0,0,0,0,0,0,0,0,0,0
420933,0,1,0,0,0,0,0,0,0,0,0,0
420933,1,1,0,3,0,0,0,10,0,0,16,0
420934,1,1,14,14,14,14,14,14,14,14,14,14
420935,1,1,7,19,18,14,18,16,12,6,15,41
420936,1,1,0,0,0,0,0,0,0,0,0,0
420936,2,1,0,0,0,0,0,0,25,0,0,0
420937,1,2,0,0,0,0,0,0,0,0,0,0
420938,0,1,0,0,0,0,4,18,16,0,16,8
420938,1,1,0,0,0,0,0,0,0,0,0,0
420939,2,1,0,0,0,0,0,0,0,0,0,0
420940,0,1,0,0,0,0,0,0,0,0,0,0
420940,1,1,0,0,0,0,0,0,0,0,0,0
420941,1,1,0,0,0,0,0,0,0,0,0,0
420941,2,1,0,0,0,0,0,0,0,0,0,0
420942,0,1,15,7,31,27,0,27,0,0,18,0
420942,1,1,7,0,0,10,0,22,11,0,0,0
420943,0,1,0,0,0,0,0,0,0,0,0,0
420943,1,1,0,0,0,37,18,12,10,12,0,8
420944,0,1,0,0,0,0,0,0,0,0,0,0
420944,1,1,0,0,0,0,0,0,0,0,0,0
420945,1,1,0,0,0,0,0,0,15,0,0,0
420945,2,1,0,0,0,0,0,0,0,0,0,0
420946,1,1,28,28,11,0,0,0,5,0,0,0
420947,1,1,0,0,0,0,0,0,0,0,0,0
420948,1,1,0,0,0,0,0,0,0,0,0,0
420949,1,1,0,0,0,0,9,0,0,0,1,12
420949,2,1,10,0,0,0,0,0,23,0,0,0
420950,1,1,0,0,0,29,0,0,0,0,0,0
420950,2,1,0,0,0,0,0,34,0,0,0,0
420951,1,1,0,0,0,11,0,0,0,0,0,0
420951,2,1,22,0,0,0,0,0,0,0,0,0
420952,1,1,0,0,0,0,0,0,0,0,0,0
420953,1,1,16,16,16,16,16,16,16,16,16,16
420954,1,1,0,0,0,0,0,0,0,0,0,0
420954,2,1,0,0,0,0,0,9,0,0,0,0
420955,1,1,29,29,29,29,29,29,29,29,29,29
420955,2,1,2,2,2,2,2,2,2,2,2,2
420955,3,1,0,0,0,0,0,0,0,0,0,18
420956,1,1,0,0,0,0,0,0,0,0,0,26
420956,2,1,0,0,0,0,0,0,0,0,0,0
420957,1,1,6,11,12,19,41,10,19,28,15,0
420958,1,1,17,17,17,17,17,17,17,17,17,17
420959,1,1,0,0,0,0,0,0,0,0,0,0
420959,2,1,0,0,0,0,0,0,0,0,0,0
420960,1,1,0,0,0,0,0,0,0,0,0,0
420960,2,1,0,0,0,0,0,0,0,0,0,0
420961,1,1,0,0,0,0,0,0,0,0,0,0
420961,2,1,0,0,0,0,0,0,0,0,0,0
420962,1,1,0,0,0,0,0,0,0,0,0,0
420962,2,1,0,0,0,0,0,0,0,0,0,0
420963,1,1,0,0,0,0,0,0,0,0,0,0
420963,2,1,0,0,0,0,0,0,0,0,0,0
420964,1,1,16,22,13,18,13,14,12,14,20,32
420965,1,1,27,27,27,27,27,27,27,27,27,27
420965,2,1,0,0,0,0,0,0,0,0,0,0
420966,1,1,1,1,1,1,1,1,1,1,1,1
420966,2,1,0,0,0,0,0,0,0,0,0,0
420967,1,1,0,0,0,0,0,0,0,0,0,0
420967,2,1,0,0,0,0,0,0,0,0,0,0
420968,1,1,0,0,0,0,0,0,0,0,0,0
420968,2,1,0,0,0,0,0,0,0,0,0,0
420969,1,1,0,44,0,0,0,0,0,0,0,0
420969,2,1,0,0,0,0,0,0,0,0,0,0
420970,1,1,17,17,17,17,17,17,17,17,17,17
420970,2,1,0,0,0,0,0,0,15,0,0,0
420971,1,1,0,0,0,18,0,0,0,0,0,0
420972,1,1,41,41,41,41,41,41,41,41,41,41
420973,1,1,6,6,6,6,6,6,6,6,6,6
420974,1,1,25,25,25,25,25,25,25,25,25,25
420975,1,1,0,0,0,0,0,0,0,0,0,0
420975,2,1,19,19,19,19,19,19,19,19,19,19
420976,1,1,38,38,38,38,38,38,38,38,38,38
420977,1,1,0,0,8,0,0,0,0,0,0,0
420977,2,1,11,11,11,11,11,11,11,11,11,11
420977,3,1,0,0,0,0,0,0,0,0,0,0
420978,1,1,0,0,0,0,0,0,0,0,0,0
420978,2,1,0,0,0,0,0,0,0,0,0,0
420979,1,1,29,29,29,29,29,29,29,29,29,29
420979,2,1,0,0,0,0,0,0,0,0,0,8
420980,0,1,15,0,0,0,20,39,9,15,0,29
420980,1,1,0,0,0,0,0,0,0,16,0,0
420981,1,1,23,23,23,23,23,23,23,23,23,23
420982,1,1,0,0,0,0,0,0,0,0,0,0
420982,2,1,0,0,0,0,0,0,0,0,0,0
420982,3,1,0,0,0,0,0,0,0,0,0,0
420983,1,1,0,0,0,0,0,0,0,0,0,0
420983,2,1,0,0,0,0,0,0,0,0,0,0
420983,3,1,0,0,0,0,0,0,0,0,0,0
420984,1,1,8,23,27,25,21,19,24,31,23,6
420985,1,1,0,0,0,0,0,0,0,0,0,0
420986,0,1,0,0,0,0,0,0,0,0,0,0
420986,1,1,0,0,0,9,0,0,0,0,0,0
420986,2,1,0,0,0,0,0,0,0,0,0,0
420987,1,1,0,0,0,0,0,0,0,0,0,0
420988,1,1,0,0,0,0,0,0,0,0,0,0
420989,0,1,0,0,0,0,0,0,0,0,0,0
420989,1,1,0,0,0,0,0,0,0,0,0,0
420990,0,1,0,0,0,0,0,0,0,0,0,0
420990,1,1,0,0,0,0,0,0,0,0,0,0
420991,1,1,0,24,0,11,0,51,0,5,0,0
420992,0,1,9,6,32,14,14,28,16,31,26,32
420992,1,1,0,29,20,0,18,0,0,0,0,0
420993,1,1,0,0,0,0,0,0,0,0,0,0
420994,1,1,0,0,0,0,0,12,0,0,0,0
420994,2,1,0,0,0,0,0,0,0,0,0,0
420995,1,1,0,0,0,0,0,0,0,0,0,0
420996,1,1,11,11,11,11,11,11,11,11,11,11
420996,2,1,0,0,0,0,0,0,0,0,0,0
420996,3,1,0,0,0,0,0,0,0,0,0,0
420997,1,1,0,0,0,0,0,0,0,0,0,0
420997,3,1,4,0,0,0,0,0,0,0,0,0
420998,0,1,0,0,0,0,0,0,0,0,0,0
420998,1,1,0,0,0,0,0,0,0,0,0,0
420999,1,1,12,12,12,12,12,12,12,12,12,12
421000,1,1,27,23,25,6,57,24,23,23,19,33
421001,1,1,0,0,0,0,0,0,0,0,0,0
421002,1,1,0,0,0,0,0,0,0,0,0,0
421003,1,1,0,0,0,0,0,0,0,0,0,0
421003,2,1,0,0,0,0,10,0,0,0,0,0
421003,3,2,0,0,0,0,0,0,0,0,0,0
421003,4,1,0,0,0,0,0,0,0,0,0,0
421003,5,1,0,0,0,0,0,0,0,0,0,0
421003,6,2,0,0,0,0,0,0,0,0,0,0
421003,7,1,0,0,0,0,0,0,0,0,0,0
421003,8,2,0,0,0,0,0,0,0,0,0,14
421004,1,1,11,11,11,11,11,11,11,11,11,11
421004,2,1,0,0,0,0,0,0,0,0,0,0
421005,1,1,7,7,7,7,7,7,7,7,7,7
421005,2,1,0,0,0,0,0,0,0,0,0,0
421006,0,1,0,0,0,0,0,24,0,0,30,0
421006,1,1,0,0,0,0,0,0,0,0,0,0
421007,0,1,0,0,0,0,0,0,0,0,0,0
421007,1,1,0,0,0,0,0,0,0,0,0,0
421008,1,1,0,0,0,0,0,0,0,0,0,0
421009,1,1,0,0,0,0,0,0,0,0,0,0
421009,2,1,0,0,0,0,0,0,0,0,0,0
421010,0,1,0,0,0,0,0,0,0,0,0,0
421010,2,1,0,0,0,0,0,0,0,0,0,0
421011,1,1,0,0,0,0,0,0,0,0,0,0
421012,1,1,25,25,25,25,25,25,25,25,25,25