ST_CASE,VEH_NO,PER_NO,P1,P2,P3,P4,P5,P6,P7,P8,P9,P10
421013,1,1,0,0,0,0,0,0,0,0,0,0
421013,2,1,0,0,0,0,0,0,0,0,0,0
421014,1,1,0,0,0,0,0,0,0,0,0,0
421015,1,1,0,0,0,0,0,0,0,22,2,0
421015,2,1,0,0,0,0,0,18,0,0,0,0
421016,0,1,13,14,19,22,19,0,3,22,3,0
421016,1,1,0,0,0,0,0,0,0,0,17,0
421017,1,1,9,9,9,9,9,9,9,9,9,9
421018,1,1,0,0,0,0,0,0,0,0,0,0
421019,1,1,0,0,0,0,0,0,0,0,0,0
421020,1,1,0,0,0,0,0,0,0,0,0,0
421020,2,1,0,0,0,0,0,0,0,0,0,0
421021,1,1,0,0,0,0,0,21,0,0,0,0
421021,2,1,0,0,0,0,0,0,0,0,0,0
421022,0,1,0,0,0,0,0,0,0,0,0,15
421022,1,1,0,0,0,0,0,0,0,0,21,0
421023,1,1,10,16,0,0,25,0,0,0,0,0
421024,1,1,0,0,0,0,0,0,0,0,13,0
421025,1,1,14,14,14,14,14,14,14,14,14,14
421025,2,1,0,0,0,0,21,0,0,0,0,0
421026,1,1,0,0,0,0,0,0,0,0,0,0
421027,0,1,0,0,0,0,0,0,0,0,0,0
421027,1,1,0,20,0,0,0,0,0,0,0,0
421028,0,1,25,25,25,25,25,25,25,25,25,25
421028,1,1,0,0,0,0,0,9,0,19,0,0
421029,0,1,16,16,16,16,16,16,16,16,16,16
421029,1,1,11,19,17,23,16,17,23,16,13,21
421030,1,1,0,0,0,0,0,0,0,0,0,0
421031,1,1,0,0,0,0,0,0,0,13,0,0
421032,1,1,22,22,22,22,22,22,22,22,22,22
421033,1,1,22,18,15,19,10,23,21,18,25,15
421033,2,1,0,0,0,0,0,0,0,0,0,0
421034,1,1,0,0,11,0,0,0,0,9,0,0
421035,0,1,0,0,0,0,0,0,0,0,0,0
421035,1,1,0,16,0,0,0,0,0,0,0,0
421036,1,1,0,0,0,0,0,0,0,19,0,0
421037,1,1,22,22,22,22,22,22,22,22,22,22
421038,1,1,0,0,0,0,0,0,0,0,0,0
421038,2,1,0,0,0,0,0,0,0,0,0,0
421038,3,1,0,0,0,0,0,0,8,0,0,0
421038,4,1,0,0,0,0,0,0,0,0,0,0
421039,1,1,0,0,0,0,0,0,0,0,0,0
421039,2,1,0,0,0,0,0,0,0,0,0,0
421039,3,1,0,0,0,0,0,0,0,0,0,0
421039,4,1,0,0,17,0,0,19,0,0,26,0
421040,1,1,14,0,0,0,0,0,0,0,0,0
421040,2,1,0,0,0,8,0,0,10,0,0,0
421040,3,1,0,0,0,0,0,9,11,0,0,0
421040,4,1,0,0,0,0,0,0,0,0,0,0
421041,1,1,0,15,0,0,0,0,0,0,0,0
421041,2,1,0,0,0,0,0,0,0,0,0,0
421041,3,1,0,0,0,0,0,0,0,0,0,0
421042,0,1,0,0,0,0,0,0,0,0,0,0
421042,1,1,0,0,0,0,0,0,0,0,0,0
421042,2,1,0,0,21,0,0,0,0,0,0,0
421042,3,1,0,0,0,0,0,0,0,0,0,0
421043,1,1,0,0,0,0,0,28,26,10,7,16
421043,2,1,0,24,0,0,0,0,12,0,0,26
421044,0,1,0,0,0,0,0,0,0,0,0,0
421044,1,1,0,0,10,24,0,0,10,11,0,12
421045,0,1,3,3,3,3,3,3,3,3,3,3
421045,1,1,0,0,0,3,0,0,13,0,0,11
421046,1,1,0,18,0,22,0,0,0,15,0,0
421046,2,1,0,9,0,0,0,0,0,0,0,19
421047,1,1,17,17,17,17,17,17,17,17,17,17
421047,2,1,0,0,0,0,0,0,0,0,0,0
421048,1,1,0,0,0,0,0,0,0,0,0,0
421048,2,1,0,0,0,0,0,0,0,0,0,0
421049,0,1,0,24,0,0,23,0,34,13,32,0
421049,1,1,5,0,9,5,0,0,21,0,27,0
421050,1,1,0,0,0,0,0,0,0,0,0,0
421050,2,1,0,0,0,0,0,0,0,0,0,0
421051,1,1,12,12,21,0,18,0,28,0,15,0
421052,1,1,2,2,2,2,2,2,2,2,2,2
421053,1,1,0,0,0,0,0,0,0,0,0,0
421053,2,1,0,0,0,0,0,0,0,0,0,0
421053,3,1,0,0,0,7,0,0,0,0,0,0
421053,4,1,0,0,0,0,0,0,0,0,0,0
421054,1,1,0,0,0,0,0,0,0,0,0,0
421055,1,1,0,0,0,0,0,0,0,0,0,0
421055,2,1,0,0,0,11,0,0,0,0,0,0
421055,3,1,0,0,0,0,0,0,0,0,0,0
421056,1,1,6,0,0,0,0,0,25,0,0,0
421056,2,1,0,0,0,0,0,0,0,0,0,0
421057,1,1,0,0,0,0,0,0,0,0,0,0
421058,1,1,0,0,14,0,19,0,0,0,0,0
421059,1,1,30,0,0,0,0,0,0,0,0,0
421059,2,1,0,0,0,0,0,0,0,0,0,0
421060,1,1,0,0,0,8,0,0,0,0,0,0
421061,1,1,0,19,0,36,20,0,20,0,0,0
421062,1,1,14,0,0,0,0,0,0,22,0,0
421062,2,1,0,0,0,0,0,0,0,0,0,0
421062,3,1,0,0,0,0,0,0,0,0,0,0
421062,4,1,0,0,0,0,0,0,22,0,0,18
421062,5,1,0,0,0,0,12,0,0,0,0,0
421063,0,1,36,0,19,12,0,0,10,23,31,9
421063,1,1,0,0,0,0,0,0,0,0,0,0
421064,1,1,0,0,0,0,0,0,0,0,0,0
421064,2,1,0,0,0,0,0,0,0,0,0,0
421065,1,1,0,0,0,0,0,0,0,0,0,0
421066,1,1,0,0,0,0,0,0,0,0,0,0
421066,2,1,0,0,0,0,0,0,0,0,0,0
421067,1,1,0,0,0,0,0,0,0,10,0,0
421067,2,1,0,0,13,0,0,0,0,0,0,0
421068,1,1,0,0,0,0,0,0,0,0,0,0
421069,1,1,20,20,20,20,20,20,20,20,20,20
421070,1,1,7,27,12,21,20,16,26,14,10,0
421071,1,1,0,0,0,0,0,0,0,0,0,0
421071,2,1,0,23,0,0,0,0,0,0,0,0
421072,0,1,0,12,12,0,11,0,0,0,0,16
421072,1,1,0,0,27,0,12,0,0,0,0,0
421073,0,1,10,13,21,5,27,27,13,13,29,26
421073,1,1,0,11,0,0,0,0,8,0,0,0
421074,1,1,0,0,0,0,0,0,0,0,0,0
421075,1,1,0,0,0,0,0,0,0,0,0,0
421075,2,1,0,0,0,0,0,0,0,0,0,0
421076,1,1,11,11,11,11,11,11,11,11,11,11
421076,2,1,0,0,0,0,0,0,0,0,0,0
421077,1,1,0,0,20,0,0,0,0,0,0,0
421077,2,1,0,0,0,0,0,0,0,0,0,0
421078,1,1,0,0,0,0,0,0,0,0,0,0
421078,2,1,0,0,0,0,0,0,0,0,0,0
421079,1,1,7,0,21,0,0,0,0,0,17,0
421080,1,1,0,0,0,0,0,0,18,0,0,0
421080,2,1,0,0,0,13,0,12,0,0,0,0
421081,1,1,7,0,0,0,0,0,0,0,0,0
421082,1,1,14,23,9,6,0,17,34,25,14,17
421083,1,1,0,0,0,7,0,0,0,0,29,0
421084,1,1,0,0,0,0,0,24,0,0,0,0
421084,2,1,0,0,0,0,0,0,0,0,0,0
421085,1,1,0,0,0,16,0,0,0,10,0,0
440001,1,1,0,0,0,14,0,0,14,0,0,0
440002,0,1,0,0,0,0,0,0,0,0,0,0
440002,1,1,17,0,0,0,0,0,0,0,0,0
440003,1,1,0,0,0,12,12,0,0,0,0,0
440003,3,1,0,0,0,7,0,0,0,0,0,0
440004,1,1,0,0,0,0,0,0,0,0,0,0
440004,2,1,0,0,0,0,0,0,0,0,0,0
440004,3,1,0,0,0,0,0,0,0,0,0,0
440005,1,1,20,20,20,20,20,20,20,20,20,20
440006,1,1,0,0,0,0,0,0,0,0,0,0
440007,0,1,0,0,0,0,0,0,0,0,0,0
440007,1,1,0,0,0,0,0,0,0,0,0,0
440008,1,1,0,0,0,0,0,0,0,0,0,0
440009,0,1,0,0,0,0,0,0,0,0,0,0
440009,1,1,7,12,0,0,0,17,7,0,6,0
440010,1,1,0,5,16,26,0,23,22,34,19,15
440010,2,1,9,9,9,9,9,9,9,9,9,9
440010,3,1,28,0,0,0,0,0,0,12,0,0
440011,1,1,8,8,13,8,0,20,11,27,9,4
440011,2,1,39,39,39,39,39,39,39,39,39,39
440012,0,1,0,0,0,0,0,0,0,0,0,0
440012,1,1,0,0,0,0,0,0,0,0,0,0
440013,0,1,0,23,0,21,0,20,0,0,0,0
440013,1,1,0,0,0,0,0,0,0,0,0,0
440014,1,1,0,0,0,19,0,0,0,0,0,0
440014,2,1,0,0,0,0,0,0,0,0,0,4
440014,3,1,0,0,0,0,0,0,0,0,0,0
440015,1,1,13,13,13,13,13,13,13,13,13,13
440016,0,1,0,0,0,0,0,0,0,0,0,0
440016,1,1,0,0,0,0,0,0,0,0,0,0
440017,1,1,0,0,0,0,0,0,0,0,0,0
440018,1,1,0,0,0,20,0,20,0,0,0,0
440018,2,1,0,11,0,0,7,0,0,0,0,0
440019,0,1,0,0,0,0,0,0,0,0,0,0
440019,1,1,0,0,0,0,0,0,0,35,0,0
440020,1,1,0,0,0,0,0,15,0,0,20,8
440020,2,1,0,0,0,0,0,0,0,0,0,0
440021,0,1,0,0,0,0,0,0,0,0,0,0
440021,1,1,7,17,30,28,18,20,9,7,25,20
440022,1,1,23,23,23,23,23,23,23,23,23,23
440022,2,1,0,0,0,0,0,0,0,0,0,0
440023,0,1,0,0,0,0,0,0,0,0,0,0
440023,2,1,0,0,0,0,0,0,0,0,0,0
440024,1,1,0,0,0,0,0,0,0,0,0,0
440025,1,1,0,0,0,0,0,0,0,0,0,0
440025,2,1,0,0,0,0,0,0,0,0,0,14
440025,3,1,0,0,0,0,0,0,0,0,0,0
440026,1,1,0,0,0,0,0,0,0,0,0,0
440026,2,1,0,0,0,18,0,12,0,0,0,0
440027,0,1,13,13,13,13,13,13,13,13,13,13
440027,1,1,0,0,0,0,0,0,0,0,0,0
440028,1,1,27,27,27,27,27,27,27,27,27,27
440029,1,1,8,8,8,8,8,8,8,8,8,8
440029,2,1,9,9,9,9,9,9,9,9,9,9
440030,1,1,18,7,0,13,0,0,8,33,0,12
440031,1,1,17,17,17,17,17,17,17,17,17,17
440032,1,1,21,21,21,21,21,21,21,21,21,21
440033,1,3,27,9,27,18,0,8,21,0,17,0
440034,1,1,0,0,0,0,0,0,0,0,0,0
440035,0,1,0,0,22,7,0,0,0,0,0,0
440035,1,1,27,0,13,0,0,0,0,0,26,0
440036,0,1,0,0,0,0,0,0,0,0,0,0
440036,1,1,0,34,0,0,0,21,25,9,14,0
440037,1,1,19,19,19,19,19,19,19,19,19,19
440038,1,1,0,0,0,0,0,0,0,0,0,0
440039,1,1,0,0,0,0,0,0,0,16,13,0
440039,2,1,0,0,0,0,0,0,0,0,0,0
440040,1,1,27,27,27,27,27,27,27,27,27,27
440041,1,1,0,13,20,12,34,4,18,24,8,21
440042,1,1,0,0,0,0,0,0,0,0,0,0
440042,2,1,0,0,0,0,0,0,0,0,0,0
440043,1,1,0,0,0,0,0,0,0,34,0,29
440043,2,1,19,19,19,19,19,19,19,19,19,19
440044,0,1,0,0,0,0,0,0,0,0,0,0
440044,1,1,18,18,18,18,18,18,18,18,18,18
440045,0,1,0,0,0,0,0,0,0,0,0,0
440045,1,1,0,0,0,0,0,0,0,0,0,0
440046,1,1,14,14,14,14,14,14,14,14,14,14
440047,0,1,0,0,0,0,0,0,0,0,0,0
440047,1,1,0,0,0,0,0,18,5,0,0,0
440048,1,1,0,0,10,0,0,0,15,0,6,0
440048,2,1,0,0,0,0,0,0,0,0,0,0
440049,0,1,0,0,0,0,0,0,0,0,0,0
440049,1,1,0,14,0,0,0,14,21,22,0,14
440050,1,1,15,15,15,15,15,15,15,15,15,15
440051,1,1,0,12,0,0,0,0,11,0,0,0
440052,1,1,0,0,0,0,0,0,0,0,0,0
440052,2,1,17,3,0,0,31,20,3,19,0,14
440053,0,1,0,0,0,0,0,0,0,0,0,0
440053,1,1,0,0,0,0,0,0,0,0,26,0
440054,1,1,14,14,14,14,14,14,14,14,14,14
440055,1,1,13,13,13,13,13,13,13,13,13,13
440056,0,1,0,0,0,0,0,0,0,0,0,0
440056,1,1,0,0,0,0,0,0,0,0,0,0
440057,1,1,0,0,0,0,0,0,0,0,0,0
440057,2,1,0,0,0,0,0,0,0,0,0,0
440057,3,1,0,0,0,0,0,0,0,0,0,0
440058,1,1,0,0,0,0,0,0,0,0,0,0
440058,2,1,0,0,0,0,0,0,0,0,0,0
440058,3,1,0,0,0,0,0,0,0,0,0,0
440059,1,1,22,22,22,22,22,22,22,22,22,22
440060,1,1,14,14,14,14,14,14,14,14,14,14
440060,2,1,0,0,10,5,0,0,8,32,0,12
440061,1,1,31,31,31,31,31,31,31,31,31,31
440062,1,1,0,0,0,0,0,0,0,0,0,0
440062,2,1,0,0,0,0,0,0,0,21,0,0
440063,1,1,0,0,0,0,0,0,0,0,0,0
440064,1,1,10,10,10,10,10,10,10,10,10,10
440065,0,1,0,40,0,0,0,0,0,0,0,0
440065,1,1,0,0,0,0,0,0,24,0,0,0
440066,1,1,0,0,0,0,0,0,0,0,0,0
440067,0,1,0,0,0,0,0,0,0,0,0,0
440067,1,1,0,0,0,0,0,0,0,0,0,0
440068,1,1,43,43,43,43,43,43,43,43,43,43
440069,1,1,0,0,0,0,0,0,19,0,0,0
440069,2,1,0,0,0,0,0,0,0,0,0,0
440070,1,1,22,22,22,22,22,22,22,22,22,22
440071,1,1,10,10,10,10,10,10,10,10,10,10
440071,2,1,0,0,12,0,0,0,8,21,15,0
440072,0,1,0,0,0,0,0,0,0,0,0,0
440072,1,1,9,0,16,0,0,0,0,8,13,28
440073,0,1,1,1,1,1,1,1,1,1,1,1
440073,0,2,0,0,0,0,0,0,0,0,6,0
440073,1,1,0,0,0,0,0,0,9,0,0,0
440074,1,1,0,0,0,0,0,0,0,0,0,0
440075,1,1,0,0,0,0,0,0,0,0,0,0
440076,0,1,30,30,30,30,30,30,30,30,30,30
440076,1,1,0,16,0,0,21,0,0,0,0,0
440077,1,1,0,0,0,0,0,0,0,0,0,0
450001,1,1,15,0,0,10,11,8,8,19,0,19
450002,0,1,27,27,27,27,27,27,27,27,27,27
450002,1,1,0,0,40,0,0,0,0,0,0,0
450003,1,1,0,0,0,0,0,0,0,0,0,0
450004,1,1,0,0,0,0,0,0,0,0,0,0
450005,1,1,0,0,0,0,0,0,0,0,0,0
450005,2,1,7,7,7,7,7,7,7,7,7,7
450006,1,1,14,14,14,14,14,14,14,14,14,14
450007,1,1,0,0,0,0,26,0,0,0,0,0
450007,2,1,0,0,0,0,0,0,0,0,0,0
450008,1,1,0,0,0,0,0,0,0,0,0,0
450008,2,1,0,0,0,0,0,0,0,0,0,0
450009,1,1,23,2,13,19,26,41,8,26,6,0
450010,1,1,21,21,21,21,21,21,21,21,21,21
450011,1,1,0,0,0,0,0,0,0,0,0,0
450011,2,1,0,0,0,0,0,0,0,0,0,0
450012,1,1,20,20,20,20,20,20,20,20,20,20
450013,0,1,0,0,0,0,0,0,0,0,0,0
450013,1,1,0,0,0,0,11,0,0,21,0,0
450014,1,1,10,10,10,10,10,10,10,10,10,10
450015,1,1,0,7,18,17,10,7,15,13,17,25
450015,2,1,0,0,0,0,0,0,0,0,0,0
450016,1,1,3,3,3,3,3,3,3,3,3,3
450017,1,1,14,14,14,14,14,14,14,14,14,14
450018,1,1,0,0,0,0,0,0,0,0,0,0
450019,1,1,0,0,0,0,0,0,0,0,0,0
450020,1,1,0,0,0,0,0,0,0,0,0,0
450020,2,1,0,0,0,0,0,18,0,0,0,0
450021,1,1,0,0,0,0,0,0,0,0,0,0
450022,1,1,9,9,9,9,9,9,9,9,9,9
450022,2,1,0,0,0,0,0,0,0,0,0,0
450023,1,1,0,0,0,0,28,0,0,0,0,0
450024,1,1,0,18,0,0,17,0,0,0,0,0
450025,1,1,0,0,0,0,0,0,0,0,0,0
450026,1,1,0,0,0,0,0,0,0,0,0,0
450027,1,1,0,0,0,0,0,0,0,0,0,0
450027,2,1,4,4,4,4,4,4,4,4,4,4
450028,1,1,17,17,17,17,17,17,17,17,17,17
450028,2,1,11,11,11,11,11,11,11,11,11,11
450029,1,1,0,0,0,0,0,0,0,0,0,0
450029,2,1,8,8,8,8,8,8,8,8,8,8
450030,1,1,0,0,0,0,0,0,0,0,0,0
450031,1,1,22,22,22,22,22,22,22,22,22,22
450032,1,1,14,14,14,14,14,14,14,14,14,14
450033,1,1,0,0,0,0,0,0,0,0,0,0
450034,1,1,0,0,0,0,0,0,0,0,0,0
450034,2,1,0,0,0,0,0,0,0,24,0,0
450034,3,1,0,0,0,0,0,0,0,0,0,0
450035,1,1,14,14,14,14,14,14,14,14,14,14
450036,0,1,0,0,0,0,0,0,0,0,0,0
450036,1,1,0,11,0,0,0,0,0,0,0,0
450037,1,1,0,0,0,0,0,0,0,0,0,0
450037,2,1,21,21,21,21,21,21,21,21,21,21
450038,1,1,0,0,0,0,0,0,0,0,0,0
450038,2,1,1,1,1,1,1,1,1,1,1,1
450039,1,1,21,21,21,21,21,21,21,21,21,21
450039,2,1,0,0,0,0,0,0,0,0,0,0
450039,3,1,0,0,0,0,0,0,0,0,0,0
450040,0,1,5,5,5,5,5,5,5,5,5,5
450040,1,1,0,0,0,0,0,0,0,0,0,0
450041,0,1,16,16,16,16,16,16,16,16,16,16
450041,1,1,0,0,0,0,0,0,0,0,0,0
450042,0,1,16,16,16,16,16,16,16,16,16,16
450042,1,1,0,0,0,0,0,15,0,0,0,0
450043,1,1,0,0,0,0,0,0,0,0,0,0
450043,2,1,24,24,24,24,24,24,24,24,24,24
450044,1,1,0,0,0,0,0,0,0,0,0,0
450044,2,1,0,0,0,0,0,0,0,0,0,0
450045,0,1,0,0,0,0,0,0,0,0,0,0
450045,1,1,0,0,0,0,0,0,5,0,0,0
450046,1,1,0,0,0,0,0,0,0,0,22,0
450046,2,1,0,0,0,0,0,0,0,0,0,0
450047,1,1,0,0,0,0,0,0,0,0,0,0
450047,2,1,0,0,0,0,0,0,0,0,0,0
450048,1,1,0,0,0,0,0,0,0,0,0,0
450048,2,1,0,0,0,0,0,0,0,0,0,0
450049,0,1,2,2,2,2,2,2,2,2,2,2
450049,1,1,14,14,14,14,14,14,14,14,14,14
450050,1,1,0,0,0,0,0,0,0,13,0,0
450050,2,1,0,0,0,0,0,0,0,0,0,0
450051,1,1,0,0,0,0,0,0,0,0,0,0
450051,2,1,9,9,9,9,9,9,9,9,9,9
450052,1,1,21,21,21,21,21,21,21,21,21,21
450053,1,1,26,26,26,26,26,26,26,26,26,26
450054,1,1,0,0,0,0,0,0,0,0,0,0
450054,2,1,0,0,0,0,0,0,0,0,0,11
450055,1,1,0,0,0,0,0,0,0,0,0,0
450056,1,1,0,0,0,0,0,0,0,0,0,0
450057,1,1,0,0,0,0,0,0,0,0,0,0
450057,2,1,0,0,0,0,0,0,0,0,0,0
450058,1,1,20,20,20,20,20,20,20,20,20,20
450059,1,1,0,0,0,0,0,0,0,0,0,0
450059,2,1,0,0,0,0,0,0,0,0,0,0
450060,1,1,0,0,14,0,0,0,0,0,0,0
450060,2,1,0,0,0,0,0,0,0,0,0,0
450061,1,1,0,0,0,0,0,0,0,0,0,0
450061,2,1,0,0,0,0,0,0,0,0,0,0
450062,1,1,1,1,1,1,1,1,1,1,1,1
450063,1,1,25,25,25,25,25,25,25,25,25,25
450064,1,1,0,0,0,0,0,0,0,0,0,0
450065,1,1,0,0,0,0,0,0,0,0,0,0
450066,0,1,0,0,0,23,32,0,0,0,0,21
450066,1,1,0,0,0,0,0,0,0,0,0,0
450067,0,1,0,0,0,0,0,0,0,0,0,0
450067,1,1,0,0,0,0,0,0,0,0,0,0
450068,0,1,0,0,0,0,0,0,0,0,0,0
450068,1,1,0,0,0,0,0,0,0,0,0,0
450069,1,1,0,0,0,0,0,0,0,0,0,0
450070,1,1,0,0,0,0,0,0,0,0,0,0
450070,2,1,0,0,0,0,0,0,0,0,0,0
450071,1,1,0,0,0,26,0,0,0,0,0,0
450071,2,1,0,0,0,0,0,0,0,0,14,0
450071,3,1,0,0,0,0,0,0,0,0,0,0
450072,1,1,0,0,0,0,0,0,0,0,0,0
450072,2,1,24,24,9,7,0,22,5,15,7,12
450073,1,1,0,0,0,0,0,0,0,0,0,0
450073,2,1,6,6,6,6,6,6,6,6,6,6
450074,1,1,0,0,0,0,0,0,0,0,0,0
450074,2,1,13,13,13,13,13,13,13,13,13,13
450075,1,1,0,0,0,0,0,0,17,0,0,0
450075,2,1,7,7,7,7,7,7,7,7,7,7
450076,1,1,17,17,17,17,17,17,17,17,17,17
450077,1,1,16,16,16,16,16,16,16,16,16,16
450078,1,1,0,0,0,0,0,0,0,0,0,0
450079,1,1,0,0,0,0,0,0,0,0,0,0
450079,2,1,0,0,0,0,0,0,0,0,0,0
450079,3,1,4,0,16,9,20,0,11,8,7,26
450080,1,1,0,0,0,0,0,0,0,0,0,0
450080,2,1,0,0,0,0,0,0,0,0,0,0
450081,1,1,18,9,10,21,22,12,26,17,32,17
450082,0,1,0,0,0,0,0,26,0,0,0,0
450082,1,1,11,11,11,11,11,11,11,11,11,11
450083,1,1,20,20,20,20,20,20,20,20,20,20
450084,0,1,26,26,26,26,26,26,26,26,26,26
450084,1,1,0,0,0,13,10,0,0,0,12,0
450085,1,1,0,0,0,0,0,0,0,0,0,0
450086,1,1,0,0,0,0,0,0,0,0,0,0
450087,1,1,17,14,26,15,3,8,10,20,21,6
450088,1,1,0,0,0,0,0,0,0,0,0,0
450088,2,1,0,0,0,0,0,0,0,5,0,0
450089,1,1,0,32,22,0,20,0,36,24,0,0
450090,1,1,21,21,21,21,21,21,21,21,21,21
450091,1,1,0,0,0,0,0,0,0,0,0,0
450092,1,1,0,0,0,0,0,0,0,0,0,0
450092,2,1,0,0,0,0,0,0,0,0,0,0
450093,0,1,0,0,0,0,0,0,0,0,0,0
450093,1,1,19,0,0,0,0,0,0,0,0,0
450094,1,1,0,0,0,0,0,10,0,0,0,0
450094,2,1,0,0,0,0,0,0,0,0,0,0
450095,1,1,0,0,0,0,0,0,0,0,0,0
450095,2,1,0,0,0,0,0,0,0,0,0,0
450096,1,1,13,13,13,13,13,13,13,13,13,13
450097,1,1,19,19,19,19,19,19,19,19,19,19
450098,1,1,27,27,27,27,27,27,27,27,27,27
450099,1,1,0,0,0,0,0,0,0,0,0,0
450100,1,1,11,11,11,11,11,11,11,11,11,11
450101,1,1,15,15,15,15,15,15,15,15,15,15
450102,1,1,0,0,0,0,0,0,0,0,0,0
450102,2,1,0,0,0,0,0,0,0,0,0,0
450103,1,1,0,0,0,0,0,0,0,0,0,0
450103,2,1,0,0,0,0,0,0,0,0,0,0
450104,0,1,31,31,31,31,31,31,31,31,31,31
450104,1,1,0,15,0,0,0,0,0,0,0,0
450105,1,1,0,0,0,15,0,0,0,0,0,0
450106,0,1,32,32,32,32,32,32,32,32,32,32
450106,1,1,0,0,0,0,0,0,0,0,0,0
450106,2,1,0,0,0,0,0,0,0,0,0,19
450107,1,1,0,0,0,0,0,0,0,0,0,0
450108,1,1,0,0,0,0,0,0,0,0,0,0
450108,2,1,0,0,0,0,0,0,0,0,0,0
450109,0,1,0,0,0,0,0,0,0,0,0,0
450109,1,1,0,0,0,0,0,0,0,0,0,0
450110,1,1,32,32,32,32,32,32,32,32,32,32
450111,1,1,0,0,0,0,0,0,0,0,0,0
450111,2,1,0,0,0,0,0,0,0,0,0,0
450112,1,1,0,9,0,0,0,14,0,0,0,0
450112,2,1,0,0,0,0,0,0,0,23,0,0
450113,1,1,13,13,13,13,13,13,13,13,13,13
450114,1,1,0,0,0,0,0,0,0,0,0,0
450114,2,1,0,0,0,0,0,0,0,0,0,0
450115,2,1,0,0,0,0,0,0,0,0,0,0
450115,3,1,13,13,13,13,13,13,13,13,13,13
450116,1,1,0,0,0,0,0,0,0,0,0,0
450116,2,1,0,0,0,0,0,0,29,0,0,0
450117,1,1,0,0,0,0,0,0,0,0,0,0
450118,1,1,15,15,15,15,15,15,15,15,15,15
450119,1,1,14,14,14,14,14,14,14,14,14,14
450120,1,1,20,20,20,20,20,20,20,20,20,20
450120,2,1,0,0,0,0,0,0,0,0,0,0
450121,1,1,0,0,0,0,0,0,0,17,0,0
450122,1,1,16,16,17,1,7,11,14,14,21,30
450123,1,1,0,0,0,0,0,0,0,0,0,0
450124,1,1,19,19,19,19,19,19,19,19,19,19
450124,2,1,0,0,0,0,0,5,0,0,0,0
450125,1,1,0,0,0,0,0,0,0,0,13,0
450125,2,1,0,0,0,0,0,0,0,0,0,0
450126,0,1,0,0,0,0,0,0,0,0,0,0
450126,1,1,16,16,16,16,16,16,16,16,16,16
450127,1,1,0,0,0,0,0,0,0,0,0,0
450128,1,1,0,0,0,0,0,0,0,0,0,0
450129,1,1,0,0,30,0,0,0,30,0,0,15
450130,1,1,0,0,0,0,0,0,0,0,0,0
450130,2,1,0,0,0,0,0,0,0,0,0,0
450131,1,1,16,0,0,0,0,20,0,18,0,0
450132,1,1,0,0,0,0,0,0,0,0,0,0
450133,1,1,0,0,0,0,0,0,0,0,0,0
450134,1,1,0,10,0,0,0,0,0,0,0,0
450135,1,1,0,0,0,13,18,17,0,0,0,0
450136,0,1,17,17,17,17,17,17,17,17,17,17
450136,1,1,0,0,0,0,0,0,0,0,0,0
450137,0,1,11,11,11,11,11,11,11,11,11,11
450137,1,1,0,0,0,0,0,0,0,0,0,0
450138,1,1,23,23,23,23,23,23,23,23,23,23
450139,0,1,7,7,7,7,7,7,7,7,7,7
450139,1,1,0,0,0,0,0,0,0,0,0,0
450139,2,1,0,0,0,0,0,0,0,0,0,14
450140,1,1,0,0,0,0,16,0,0,0,0,0
450140,2,1,5,0,0,0,0,0,0,0,0,0
450141,1,1,21,21,21,21,21,21,21,21,21,21
450142,1,1,0,0,0,0,0,0,0,0,0,0
450143,0,1,0,18,0,0,14,0,0,0,0,0
450143,1,1,0,0,0,0,0,0,0,0,0,0
450143,2,1,0,0,0,0,0,0,20,0,0,0
450144,1,1,0,0,0,0,0,0,0,0,0,0
450144,2,1,13,13,13,13,13,13,13,13,13,13
450145,1,1,0,0,0,0,0,0,0,0,0,0
450145,2,1,0,0,0,0,0,0,0,0,0,0
450146,0,1,0,0,0,0,0,0,0,0,0,0
450146,2,1,0,0,0,0,0,0,0,0,0,0
450147,0,1,0,0,0,0,0,0,0,0,0,0
450147,1,1,0,0,0,0,0,0,0,0,0,0
450148,0,1,5,5,5,5,5,5,5,5,5,5
450148,1,1,0,0,0,0,0,0,0,0,50,0
450149,1,1,0,0,0,0,0,0,0,0,0,0
450149,2,1,0,0,0,0,0,0,0,0,0,0
450150,1,1,19,19,19,19,19,19,19,19,19,19
450151,1,1,1,1,1,1,1,1,1,1,1,1
450152,0,1,30,30,30,30,30,30,30,30,30,30
450152,1,1,0,6,10,0,0,0,0,16,0,0
450152,2,1,0,0,0,0,0,17,0,0,0,0
450152,3,1,0,0,0,0,0,0,0,0,0,0
450153,1,1,25,25,25,25,25,25,25,25,25,25
450154,1,1,24,24,24,24,24,24,24,24,24,24
450155,1,1,17,17,17,17,17,17,17,17,17,17
450156,1,1,20,20,20,20,20,20,20,20,20,20
450156,2,1,0,0,0,0,0,0,0,0,0,0
450157,0,1,0,0,0,0,0,0,0,0,0,0