ST_CASE,VEH_NO,PER_NO,P1,P2,P3,P4,P5,P6,P7,P8,P9,P10
470367,1,1,0,0,0,0,0,0,0,0,0,0
470367,2,1,0,0,0,0,0,0,0,0,0,0
470367,3,1,0,0,0,0,0,0,0,0,0,0
470367,4,1,0,0,14,15,0,0,0,0,0,0
470368,1,1,21,21,21,21,21,21,21,21,21,21
470369,1,1,20,7,14,13,15,7,14,6,6,25
470370,1,1,0,0,0,0,0,0,0,0,0,0
470371,1,1,0,0,0,0,0,0,0,0,0,0
470371,2,1,0,0,0,0,0,0,0,0,0,0
470372,1,1,0,0,0,0,0,0,0,0,0,0
470373,1,1,0,0,0,0,0,0,0,0,0,0
470374,1,1,0,0,0,0,0,0,0,0,0,0
470375,0,1,0,0,0,0,0,0,0,0,0,0
470375,1,1,0,0,0,0,0,34,0,0,0,0
470376,1,1,0,0,0,0,0,0,0,0,0,0
470376,2,1,0,0,0,0,0,0,0,0,0,0
470377,1,1,0,0,0,0,0,0,0,0,0,0
470378,1,1,0,0,0,0,0,0,0,0,0,0
470378,2,1,0,0,0,0,0,0,0,0,0,37
470379,1,1,0,0,0,0,0,0,0,0,0,0
470379,2,1,0,0,0,0,0,0,0,0,0,0
470380,1,1,0,0,36,0,0,0,0,0,0,13
470381,1,1,0,0,0,0,0,0,0,0,0,0
470382,1,1,0,0,0,0,0,0,0,0,0,0
470382,2,1,16,16,16,16,16,16,16,16,16,16
470383,1,1,0,0,0,0,0,0,0,0,0,0
470383,2,1,0,0,0,0,0,0,0,0,0,0
470384,1,1,1,1,1,1,1,1,1,1,1,1
470384,2,1,0,0,0,0,0,0,0,0,0,0
470385,1,1,23,0,0,0,0,0,0,0,0,0
470386,1,1,0,0,0,0,0,0,0,0,0,0
470386,2,1,0,0,0,0,0,0,0,0,0,0
470386,3,1,0,0,0,0,0,0,0,0,0,0
470387,1,1,0,15,0,0,0,0,12,0,0,0
470387,2,1,0,0,0,0,0,16,0,13,0,0
470388,1,1,0,0,0,0,0,0,0,0,0,0
470388,2,1,0,0,0,0,0,0,0,0,0,0
470388,3,1,0,0,0,0,0,0,0,0,0,0
470389,1,1,0,28,14,0,0,10,0,0,23,17
470390,1,1,0,0,0,0,0,0,0,0,0,0
470390,2,1,0,0,0,0,0,0,0,0,0,0
470390,3,1,0,0,0,0,0,0,0,0,0,0
470390,4,1,0,0,0,0,0,0,0,0,0,0
470390,5,1,0,0,0,0,0,0,0,0,0,0
470390,6,1,0,0,0,0,0,0,0,0,0,0
470390,7,1,0,0,0,0,0,0,0,0,0,0
470392,1,1,0,0,0,0,0,0,0,19,0,0
470393,0,1,0,0,0,0,0,0,0,0,0,2
470393,1,1,21,21,21,21,21,21,21,21,21,21
470394,0,1,2,2,2,2,2,2,2,2,2,2
470394,1,1,0,0,0,0,0,0,14,0,0,0
470395,1,1,0,0,0,0,0,0,0,0,0,0
470396,1,1,0,0,0,0,0,0,0,0,0,0
470397,1,1,0,0,0,0,0,0,0,0,0,30
470397,2,1,0,0,0,0,0,0,0,0,0,0
470397,3,1,0,0,0,0,0,0,0,0,0,0
470398,1,1,5,5,5,5,5,5,5,5,5,5
470398,2,1,16,13,15,4,4,3,4,0,14,2
470398,3,1,0,0,0,0,5,0,0,0,8,0
470399,1,1,0,0,18,0,0,0,17,0,0,0
470400,1,1,0,0,0,0,0,0,0,0,0,0
470400,2,1,0,0,0,0,14,0,0,0,0,0
470400,3,1,0,0,0,0,0,0,0,0,0,0
470401,1,1,0,0,0,0,0,0,0,0,0,0
470402,1,1,0,29,12,0,0,0,0,0,0,0
470403,1,1,0,13,0,0,12,0,16,0,0,0
470404,0,1,0,0,20,0,0,0,0,0,18,0
470404,1,1,25,0,0,0,11,26,0,0,0,21
470405,0,1,27,27,27,27,27,27,27,27,27,27
470405,1,1,0,0,0,0,0,0,0,0,0,0
470406,1,1,0,0,0,0,45,0,0,0,0,0
470407,1,1,0,0,0,0,0,0,0,0,0,0
470407,2,1,0,0,0,0,0,0,0,0,0,0
470408,1,1,11,11,11,11,11,11,11,11,11,11
470409,1,1,0,0,0,0,0,0,0,0,0,0
470409,2,1,5,5,5,5,5,5,5,5,5,5
470410,1,1,0,0,0,0,0,0,0,0,0,0
470410,2,1,0,0,0,0,0,0,0,0,0,0
470411,1,1,0,0,0,0,0,0,0,0,0,0
470411,2,1,0,0,0,0,0,0,0,0,0,0
470411,3,1,0,0,0,0,0,0,0,0,0,0
470412,1,1,36,36,36,36,36,36,36,36,36,36
470412,2,1,0,0,0,0,0,0,0,0,0,0
470413,1,1,0,0,0,0,0,0,0,0,0,0
470413,2,1,0,0,0,0,0,0,0,0,0,0
470414,1,1,0,0,0,0,0,0,0,0,0,0
470414,2,1,0,0,0,0,0,0,0,0,0,0
470415,1,1,0,0,0,0,0,0,0,0,0,0
470416,1,1,0,17,0,11,0,0,0,0,0,26
470417,1,1,0,0,0,0,0,0,0,0,0,0
470417,2,1,0,0,0,0,0,0,0,0,0,0
470418,1,1,0,0,0,0,0,0,0,0,0,0
470418,2,1,0,0,0,0,0,0,0,0,0,0
470419,1,1,0,0,0,0,0,0,0,0,0,0
470419,2,1,0,0,0,0,0,0,0,0,0,0
470420,0,1,11,19,26,29,25,0,0,9,13,13
470420,0,2,17,17,17,17,17,17,17,17,17,17
470420,1,1,0,0,0,0,0,0,0,0,0,0
470420,2,1,0,0,0,11,4,0,0,26,0,6
470421,1,1,0,0,0,0,0,0,0,0,0,0
470421,2,1,0,0,0,0,0,0,0,0,0,0
470421,3,1,0,0,0,0,0,0,0,0,0,0
470421,4,1,0,0,0,0,0,0,0,0,0,0
470422,1,1,0,0,0,0,0,0,0,0,0,0
470422,2,1,0,0,0,0,0,0,0,0,0,0
470423,1,1,0,0,0,0,0,0,0,0,0,0
470424,1,1,0,0,9,0,0,0,26,17,11,0
470425,1,1,0,0,0,0,0,0,0,0,0,0
470425,2,1,0,0,0,0,0,0,0,0,0,0
470426,0,1,0,0,0,0,0,18,0,21,17,0
470426,1,1,0,0,12,0,0,0,0,0,0,0
470427,1,1,0,0,0,0,0,0,0,0,0,0
470428,1,1,0,0,0,0,0,0,0,0,9,0
470428,2,1,0,0,0,0,0,0,0,0,0,0
470429,1,1,18,18,15,8,17,8,13,19,24,16
470430,0,1,0,21,31,27,0,0,10,0,13,10
470430,1,1,0,0,0,0,0,0,0,0,0,0
470431,1,1,0,0,0,0,0,0,0,0,0,0
470433,1,1,0,0,0,0,0,0,0,0,0,13
470433,2,1,0,0,0,0,0,14,0,0,0,0
470434,1,1,0,0,0,0,0,0,0,0,0,0
470434,2,1,0,0,0,0,0,6,0,0,0,0
470435,1,1,0,0,0,0,0,0,0,0,0,0
470435,2,1,0,0,0,0,0,0,0,0,0,0
470436,1,1,0,14,0,10,0,19,0,0,0,0
470437,1,1,21,21,21,21,21,21,21,21,21,21
470438,1,1,0,0,0,0,0,0,0,0,0,0
470438,2,1,0,0,0,0,0,9,0,0,0,0
470438,3,1,0,0,0,0,0,0,0,0,0,27
470439,0,1,0,0,0,0,0,0,0,0,0,0
470439,1,1,27,0,0,0,0,0,0,0,0,0
470440,1,1,0,0,0,0,0,0,0,0,0,0
470441,1,1,0,0,0,0,0,0,0,0,0,0
470441,2,1,0,0,0,0,0,0,0,0,0,0
470442,0,1,0,21,33,14,3,0,6,0,0,0
470442,1,1,0,0,0,0,0,0,0,0,0,0
470445,1,1,0,0,0,0,0,0,0,6,0,0
470445,2,1,0,0,0,0,0,0,0,0,0,0
470446,1,1,0,0,0,0,0,0,0,0,0,0
470446,2,1,0,0,0,0,0,0,0,0,0,0
470447,1,1,9,9,9,9,9,9,9,9,9,9
470448,1,1,13,13,13,13,13,13,13,13,13,13
470449,1,1,0,0,0,0,0,0,0,0,0,0
470450,1,1,0,0,0,0,0,0,0,0,0,0
470451,0,1,0,0,0,0,0,0,0,0,0,0
470451,1,1,0,0,0,0,0,0,0,0,0,0
470452,1,1,0,0,0,0,0,0,0,0,0,0
470453,1,1,0,0,0,21,14,0,11,24,15,17
470454,1,1,0,0,0,0,0,11,0,13,0,0
470455,1,1,0,0,0,0,0,0,0,0,0,0
470456,1,1,0,0,0,3,10,22,9,0,0,0
470457,1,1,0,0,0,0,0,0,0,0,0,0
470458,1,1,0,0,0,0,0,0,0,0,0,0
470458,2,1,0,0,0,0,0,0,0,0,0,0
470459,1,1,20,20,20,20,20,20,20,20,20,20
470460,0,1,1,1,1,1,1,1,1,1,1,1
470460,1,1,0,0,0,0,0,0,0,0,0,0
470461,1,1,23,14,13,15,13,0,10,0,24,34
470462,1,1,0,0,11,0,16,15,0,0,0,4
470462,2,1,0,0,0,0,0,0,0,0,0,0
470463,1,1,0,0,0,0,0,0,0,0,0,0
470463,2,1,0,0,0,0,0,0,0,0,0,0
470464,1,1,0,0,0,0,0,0,0,0,0,0
470465,1,1,11,11,11,11,11,11,11,11,11,11
470466,1,1,0,0,0,0,0,0,0,0,24,0
470467,1,1,0,0,0,0,0,0,0,0,0,0
470467,2,1,0,0,0,0,0,0,0,0,19,0
470468,1,1,0,11,0,0,0,18,0,12,0,0
470469,1,1,10,10,10,10,10,10,10,10,10,10
470470,1,1,12,12,12,12,12,12,12,12,12,12
470471,1,1,19,0,0,26,7,0,12,34,16,0
470473,0,1,0,0,0,0,0,0,0,0,0,0
470473,1,1,18,23,17,35,17,16,21,0,0,27
470474,1,1,17,0,0,0,0,0,0,0,0,0
470474,2,1,0,0,0,5,0,0,0,0,0,0
470475,1,1,19,24,15,40,17,15,16,28,12,6
470475,2,1,0,0,0,0,0,0,0,0,0,0
470476,0,1,0,0,0,0,0,0,0,0,0,0
470476,1,1,0,0,0,0,0,0,0,0,0,0
470477,0,1,0,0,0,0,0,0,0,0,0,8
470477,1,1,0,0,0,0,0,0,0,0,0,0
470478,1,1,0,0,0,0,0,0,0,0,0,0
470478,2,1,0,0,0,0,0,0,0,0,0,0
470479,1,1,0,0,0,0,0,0,0,0,0,15
470480,1,1,0,0,0,0,0,0,0,0,0,0
470481,1,1,0,0,0,0,0,0,0,0,0,0
470482,1,1,0,0,0,0,18,0,0,0,0,0
470482,2,1,6,6,6,6,6,6,6,6,6,6
470483,1,1,0,0,0,0,0,0,0,0,0,0
470484,1,1,8,8,8,8,8,8,8,8,8,8
470485,1,1,0,0,0,0,0,0,0,0,0,0
470486,1,1,12,12,12,12,12,12,12,12,12,12
470487,1,1,0,21,0,0,26,0,0,18,8,18
470488,1,1,0,0,0,0,0,25,0,7,39,0
470489,1,1,0,0,0,0,0,0,0,0,0,0
470489,2,1,0,0,0,0,0,0,0,0,0,0
470490,1,1,18,20,28,18,0,28,13,0,0,18
470491,1,1,21,21,21,21,21,21,21,21,21,21
470492,1,1,11,11,11,11,11,11,11,11,11,11
470493,0,1,0,0,0,0,0,0,0,0,0,0
470493,1,1,0,0,0,0,0,0,0,0,0,0
470494,1,1,24,0,0,0,38,0,0,0,0,0
470495,1,1,0,0,0,0,0,0,0,0,0,0
470496,0,1,0,0,0,0,0,0,0,0,0,0
470496,1,1,0,0,0,0,0,0,0,0,0,0
470497,1,1,15,15,15,15,15,15,15,15,15,15
470498,1,1,0,0,0,0,0,0,0,0,0,0
470498,2,1,0,0,0,0,0,0,0,0,0,0
470499,1,1,0,0,0,0,0,0,0,0,0,0
470500,1,1,0,0,0,0,0,0,0,0,0,0
470500,2,1,0,0,0,0,0,0,0,0,0,0
470501,1,1,0,0,0,0,0,0,0,0,0,0
470501,2,1,0,0,0,0,0,0,0,0,0,0
470502,0,1,0,0,0,0,0,0,0,0,0,0
470502,1,1,0,0,0,0,0,0,0,0,0,0
470503,1,1,0,0,0,0,0,0,0,0,0,0
470504,1,1,0,0,0,0,0,0,0,0,0,0
470505,1,1,0,0,0,0,0,0,0,0,0,0
470506,1,1,0,0,0,0,20,15,0,0,0,11
470507,1,1,0,0,0,0,0,0,0,0,0,15
470507,2,1,0,0,0,0,49,0,0,0,0,0
470508,1,1,11,11,11,11,11,11,11,11,11,11
470508,2,1,0,0,0,0,0,0,0,0,0,0
470509,1,1,0,0,0,0,0,0,0,0,0,0
470509,2,1,0,0,0,0,0,0,0,0,0,0
470510,1,1,0,0,0,0,0,0,0,0,15,0
470510,2,1,0,0,0,0,0,4,0,0,0,0
470511,1,1,13,13,13,13,13,13,13,13,13,13
470511,2,1,0,0,0,0,0,0,0,0,0,0
470512,1,1,9,17,0,0,0,0,14,19,0,11
470513,1,1,0,0,0,0,0,0,0,0,0,0
470513,2,1,0,0,0,0,0,0,0,0,0,0
470513,3,1,0,0,0,0,0,0,0,0,0,0
470514,1,1,0,19,0,0,15,0,0,0,0,0
470515,1,1,15,15,15,15,15,15,15,15,15,15
470516,1,1,27,27,27,27,27,27,27,27,27,27
470517,0,1,0,0,0,0,0,0,0,0,0,14
470517,1,1,0,0,0,0,31,0,0,0,0,0
470518,1,1,0,0,0,0,0,0,0,0,0,0
470518,2,1,0,0,0,0,0,0,0,0,0,0
470518,3,1,0,0,0,0,0,0,0,0,0,0
470519,1,1,0,0,0,0,0,0,0,0,0,0
470519,2,1,0,0,0,0,0,0,0,0,0,0
470520,1,1,29,29,29,29,29,29,29,29,29,29
470521,1,1,0,0,0,0,0,0,0,0,0,0
470522,1,1,6,6,6,6,6,6,6,6,6,6
470523,1,1,20,20,20,20,20,20,20,20,20,20
470524,1,1,2,2,2,2,2,2,2,2,2,2
470525,1,1,0,0,0,0,0,0,0,0,0,0
470525,2,1,0,0,0,0,0,0,0,0,0,0
470526,1,1,0,0,0,0,0,0,0,0,0,0
470527,1,1,0,0,0,0,0,0,0,0,0,0
470527,2,1,0,0,0,0,0,0,0,0,0,0
470528,0,1,0,19,19,15,23,0,0,0,18,19
470528,1,1,0,0,0,0,0,0,0,0,0,0
470528,2,1,0,0,0,0,0,0,0,0,0,0
470529,0,1,0,0,0,0,0,0,0,0,0,0
470529,1,1,0,0,0,0,0,0,0,0,0,0
470530,1,1,14,14,14,14,14,14,14,14,14,14
470531,1,1,9,9,9,9,9,9,9,9,9,9
470532,1,1,0,0,0,0,0,0,0,0,0,0
470533,1,1,0,0,0,0,0,0,0,0,0,11
470534,1,1,0,19,0,0,21,0,0,0,0,0
470535,1,1,0,0,0,0,0,0,0,0,0,0
470535,2,1,0,0,0,0,0,0,0,0,0,0
470536,1,1,0,0,12,0,0,0,0,0,0,0
470536,2,1,0,0,0,0,0,0,0,0,0,0
470537,1,1,20,0,0,0,0,0,0,0,0,0
470538,0,1,0,0,0,0,0,0,0,0,0,0
470538,0,2,0,0,0,0,9,7,18,0,0,0
470538,1,1,0,0,0,0,0,0,0,0,0,0
470539,1,1,0,0,0,0,0,0,0,0,24,12
470540,1,1,0,0,0,0,0,0,0,0,0,0
470541,1,1,0,0,0,0,0,0,0,0,0,0
470542,1,1,0,0,0,0,0,0,0,0,0,0
470542,2,1,0,0,0,0,0,0,0,0,0,0
470543,0,1,0,0,0,0,0,0,0,0,0,0
470543,1,1,0,0,0,0,0,6,0,0,0,0
470544,1,1,28,28,28,28,28,28,28,28,28,28
470545,1,1,0,0,0,0,0,0,0,0,0,0
470546,1,1,0,0,14,0,0,0,0,0,0,0
470547,1,1,0,0,0,4,0,28,0,0,0,16
470548,1,1,0,0,0,0,0,0,0,0,0,0
470549,1,1,0,0,0,0,0,0,0,0,0,0
470549,2,1,0,0,0,0,0,0,0,0,0,0
470550,1,1,0,0,0,0,0,0,0,0,0,0
470550,2,1,0,0,0,0,0,0,0,21,0,0
470550,3,1,0,0,29,0,0,0,0,0,0,0
470551,1,1,0,0,0,0,0,0,0,0,0,0
470552,1,1,0,0,0,0,0,0,0,0,0,0
470552,2,1,0,0,0,0,0,0,0,0,0,0
470553,1,1,1,1,1,1,1,1,1,1,1,1
470554,1,1,0,0,0,0,0,0,0,0,0,0
470554,2,1,0,0,0,0,0,0,0,0,0,0
470555,1,1,0,0,0,0,0,34,0,0,0,0
470555,2,1,0,0,0,0,0,0,0,0,0,0
470556,0,1,0,0,0,0,0,0,0,0,0,0
470556,1,1,0,0,0,0,0,0,0,0,0,0
470557,1,1,0,20,19,0,0,16,0,16,0,17
470558,1,1,18,18,18,18,18,18,18,18,18,18
470559,1,1,17,17,17,17,17,17,17,17,17,17
470560,1,1,0,0,0,0,0,0,0,0,0,0
470560,2,1,14,0,10,17,0,0,0,11,0,9
470561,1,1,19,19,19,19,19,19,19,19,19,19
470561,2,1,0,0,0,0,0,0,0,0,0,0
470561,3,1,6,6,6,6,6,6,6,6,6,6
470561,4,1,0,0,0,0,0,0,0,0,0,0
470561,5,1,0,0,0,0,0,0,0,0,0,0
470562,1,1,0,0,0,0,0,0,0,0,0,0
470562,2,1,0,0,0,10,8,0,0,0,0,0
470563,1,1,15,15,15,15,15,15,15,15,15,15
470563,2,1,0,0,0,0,0,0,0,0,0,0
470564,1,1,9,9,9,9,9,9,9,9,9,9
470564,2,1,0,0,0,0,0,0,0,0,0,0
470564,3,1,0,0,0,0,0,0,0,0,0,0
470565,1,1,19,19,19,19,19,19,19,19,19,19
470566,1,1,5,5,5,5,5,5,5,5,5,5
470567,1,1,17,17,17,17,17,17,17,17,17,17
470568,1,1,0,0,0,0,0,0,0,0,0,0
470569,1,1,0,0,0,0,0,0,0,0,0,0
470569,2,1,0,0,0,0,0,0,0,0,0,0
470570,1,1,0,0,0,0,0,17,0,0,0,0
470570,2,1,0,0,0,0,0,0,0,0,0,0
470571,1,1,0,0,0,0,0,0,0,0,0,0
470571,2,1,1,1,1,1,1,1,1,1,1,1
470572,0,1,0,0,0,0,0,0,0,0,0,0
470572,1,1,10,10,10,10,10,10,10,10,10,10
470573,1,1,22,22,22,22,22,22,22,22,22,22
470573,2,1,0,0,0,0,0,0,0,0,0,0
470574,1,1,0,0,21,0,0,0,0,0,0,0
470574,2,1,0,0,0,0,0,15,50,0,0,0
470574,3,1,0,0,0,0,0,0,17,0,0,0
470575,1,1,15,15,15,15,15,15,15,15,15,15
470575,2,1,0,0,0,0,0,0,0,0,0,0
470576,1,1,0,0,41,0,0,0,0,0,0,38
470576,2,1,5,30,31,13,28,11,0,0,0,21
470577,0,1,14,14,14,14,14,14,14,14,14,14
470577,1,1,14,14,14,14,14,14,14,14,14,14
470578,1,1,13,13,13,13,13,13,13,13,13,13
470579,1,1,0,0,0,0,0,0,0,0,0,0
470579,2,1,0,0,0,0,0,0,0,0,0,0
470580,1,1,0,0,0,0,0,0,0,0,0,0
470580,2,1,0,0,0,0,0,0,0,0,0,0
470581,1,1,0,20,0,0,0,0,0,15,0,0
470581,2,1,0,0,0,0,5,0,0,0,0,0
470582,1,1,0,0,0,0,0,0,0,0,0,0
470582,2,1,0,0,0,0,0,0,0,0,0,0
470583,1,1,4,0,0,3,0,15,0,16,10,0
470584,1,1,0,0,0,0,0,0,0,0,0,0
470585,1,1,18,10,0,0,0,0,0,0,0,22
470586,1,1,0,0,0,0,0,0,0,0,0,0
470587,1,1,1,1,1,1,1,1,1,1,1,1
470587,2,1,0,0,0,0,0,0,0,0,0,0
470588,0,1,5,5,5,5,5,5,5,5,5,5
470588,1,1,0,0,0,0,0,0,0,0,0,0
470588,2,1,0,0,0,0,0,0,0,0,0,0
470589,1,1,19,19,19,19,19,19,19,19,19,19
470590,1,1,0,0,0,0,0,0,0,0,0,0
470591,1,1,0,0,0,0,0,0,0,0,0,0
470592,1,1,0,0,0,16,0,0,0,0,0,0
470593,1,1,0,0,0,0,0,0,0,0,0,0
470593,2,1,0,0,0,0,0,0,0,0,0,0
470593,3,1,0,0,13,0,0,0,0,0,0,0
470593,4,1,0,0,0,0,0,0,0,0,0,0
470594,1,1,0,0,0,0,0,0,0,0,0,7
470594,2,1,0,0,0,0,0,0,0,0,0,0
470594,3,1,0,0,0,0,0,0,0,0,0,0
470594,4,1,0,0,0,0,0,0,0,0,0,0
470595,1,1,0,0,0,0,0,0,0,0,0,0
470595,2,1,0,0,0,0,0,0,0,0,0,0
470596,1,1,0,0,0,0,0,0,0,0,0,10
470596,2,1,0,0,0,0,0,0,0,0,0,0
470597,1,1,0,0,0,0,0,0,0,0,0,0
470598,1,1,23,23,23,23,23,23,23,23,23,23
470599,0,1,0,0,0,0,0,0,6,22,0,0
470599,1,1,0,0,0,0,0,0,0,0,0,0
470600,0,1,25,25,25,25,25,25,25,25,25,25
470600,1,1,0,0,0,0,0,0,0,0,0,0
470601,1,1,0,0,0,0,0,0,0,0,0,0
470602,1,1,0,0,0,0,0,10,15,0,0,0
470603,1,1,19,19,19,19,19,19,19,19,19,19
470604,1,1,30,30,30,30,30,30,30,30,30,30
470605,1,1,0,0,0,0,0,0,0,0,0,0
470606,1,1,0,0,0,0,0,0,0,0,0,0
470606,2,1,0,0,0,0,0,0,0,0,0,0
470607,1,1,0,0,0,0,0,0,0,0,0,0
470607,2,1,0,0,0,0,0,0,0,0,0,0
470608,1,1,0,0,0,0,0,0,0,0,0,0
470608,2,1,0,0,0,0,0,0,0,0,0,0
470609,1,1,27,27,27,27,27,27,27,27,27,27
470609,2,1,0,0,0,0,0,0,0,0,0,0
470610,1,1,0,0,0,4,0,0,0,0,0,0
470610,2,1,0,0,0,0,0,0,0,0,0,0
470611,0,1,0,0,0,0,0,0,0,0,0,0
470611,1,1,0,0,0,13,0,0,0,0,0,0
470612,0,1,0,0,0,0,0,0,0,0,0,0
470612,2,1,0,0,0,0,0,0,17,0,0,18
470613,1,1,0,0,0,0,0,0,0,0,0,0
470613,2,1,0,0,0,0,0,0,0,0,0,0
470614,0,1,0,0,0,0,0,0,0,0,0,0
470614,1,1,0,22,17,0,30,0,19,0,13,0
470615,1,1,0,0,0,0,0,0,0,0,0,0
470615,2,1,0,0,0,0,0,0,0,0,0,0
470616,1,1,0,0,0,0,0,0,0,0,0,0
470616,2,1,0,0,0,0,0,0,0,0,0,0
470617,1,1,0,0,0,0,0,0,0,0,0,0
470617,2,1,0,0,0,0,0,0,0,0,0,0
470618,0,1,0,0,0,0,0,0,0,0,0,0
470618,1,1,25,0,0,0,7,0,0,7,0,0
470619,1,1,24,24,24,24,24,24,24,24,24,24
470620,1,1,12,12,12,12,12,12,12,12,12,12
470621,1,1,0,0,0,0,0,0,0,0,0,0
470622,1,1,0,0,0,0,0,0,0,0,0,0
470623,0,1,0,0,0,0,0,0,0,0,0,0
470623,1,1,0,22,0,0,0,0,0,0,0,0
470624,1,1,0,0,0,0,0,0,0,0,0,0
470624,2,1,0,0,0,0,0,0,0,0,0,0
470625,1,1,0,0,0,0,0,0,0,0,0,0
470625,2,1,0,0,0,0,0,0,0,0,0,0
470626,1,1,0,0,0,0,0,0,0,0,0,0
470626,2,1,0,0,0,0,0,0,0,0,0,0
470627,1,1,0,0,13,0,13,0,0,8,0,0
470628,1,1,0,0,20,0,0,0,20,0,0,0
470629,1,1,0,0,0,0,0,0,0,0,0,0
470630,1,1,18,18,18,18,18,18,18,18,18,18
470631,1,1,0,0,0,0,0,0,0,0,0,0
470631,2,1,0,0,0,0,0,0,0,0,0,0
470631,3,1,0,0,0,0,0,0,0,0,0,0
470631,4,1,0,0,0,0,0,0,0,0,0,0
470632,1,1,0,0,0,0,0,0,0,0,13,0
470632,2,1,0,0,0,0,0,0,0,0,0,0
470633,1,1,7,7,7,7,7,7,7,7,7,7
470634,1,1,0,0,0,0,0,0,0,0,0,0
470634,2,1,0,0,3,11,20,0,0,0,20,0
470635,0,1,19,19,19,19,19,19,19,19,19,19
470635,1,1,0,28,0,14,23,17,7,0,5,27
470636,1,1,0,0,0,0,0,0,0,11,0,0
470636,2,1,0,0,0,0,0,0,0,0,0,0
470637,0,1,0,0,10,0,0,0,0,6,0,0
470637,1,1,0,0,0,9,0,20,0,0,0,0
470638,1,1,0,0,0,0,0,0,0,0,0,0
470638,2,1,0,0,0,0,0,0,0,0,0,0
470639,1,1,21,21,21,21,21,21,21,21,21,21
470640,1,1,0,0,0,0,0,0,0,0,0,0
470641,1,1,0,0,2,0,0,9,0,0,14,6
470642,0,1,0,0,0,0,0,0,0,0,0,0
470642,1,1,15,14,6,24,9,10,4,0,12,0
470643,1,1,0,0,0,0,0,0,0,0,0,0
470644,1,1,13,13,13,13,13,13,13,13,13,13
470645,1,1,26,26,26,26,26,26,26,26,26,26
470647,1,1,0,0,0,0,0,0,0,0,0,0
470647,2,1,0,0,0,0,0,0,0,0,0,0
470648,1,1,0,0,0,0,0,0,0,0,0,0
470648,2,1,0,0,0,0,0,0,0,0,0,0
470649,1,1,31,31,31,31,31,31,31,31,31,31
470649,2,1,0,0,0,0,0,0,0,0,0,0
470650,1,1,0,0,0,0,0,0,0,0,0,0
470651,1,1,0,0,0,0,0,0,0,0,0,0
470651,2,1,0,0,0,0,9,0,0,0,0,0
470652,1,1,0,12,14,12,24,22,22,11,28,27
470653,1,1,22,22,22,22,22,22,22,22,22,22
470654,1,1,0,0,0,0,0,14,0,0,0,0
470654,2,1,0,0,0,0,0,0,0,0,0,0
470655,1,1,17,17,17,17,17,17,17,17,17,17
470655,2,1,0,0,0,0,0,0,0,0,0,0
470656,1,1,18,0,0,0,8,0,0,0,0,0
470657,1,1,0,0,0,0,0,0,0,0,0,0
470657,2,1,0,0,0,0,0,0,0,0,0,0
470658,0,1,0,0,0,0,0,20,0,0,0,0
470658,0,2,0,27,0,34,23,0,0,0,0,25
470658,1,1,0,0,0,15,0,14,23,11,20,11
470659,1,1,0,0,0,0,0,0,0,0,0,0
470659,2,1,0,0,0,0,0,0,0,0,0,0
470660,1,1,0,0,0,0,0,0,0,0,0,0
470660,2,1,0,0,0,0,0,0,0,0,0,0
470661,1,1,0,0,0,0,0,0,0,0,0,0
470661,2,1,0,0,0,0,0,0,0,0,0,0
470661,3,1,0,0,0,0,0,0,0,0,0,0
470662,1,1,0,0,0,0,0,0,0,0,0,0
470663,1,1,0,0,0,0,0,0,0,0,0,0
470664,1,1,0,0,0,0,0,0,0,0,0,0
470664,2,1,0,0,0,0,0,8,0,0,0,0
470664,3,1,0,0,0,0,0,0,0,0,0,0
470665,1,1,0,0,0,0,0,0,0,0,0,0
470665,2,1,0,0,0,0,0,0,0,0,0,0
470666,1,1,11,0,14,0,0,0,0,20,20,0
470667,0,1,0,0,0,0,0,0,0,0,0,0
470667,1,1,16,0,0,0,0,0,0,0,0,0
470668,1,1,0,0,0,0,0,0,0,0,0,0
470668,2,1,0,0,0,0,0,0,0,0,0,0
470669,1,1,8,8,8,8,8,8,8,8,8,8
470669,2,1,0,0,0,0,0,0,0,0,0,0
470670,0,1,0,25,0,0,14,34,0,0,0,0
470670,1,1,0,0,0,0,0,0,0,0,0,0
470671,0,1,0,0,0,25,0,0,0,0,0,9
470671,1,1,0,0,0,0,0,0,0,0,0,0
470673,1,1,17,0,14,15,5,0,22,17,0,9
470674,1,1,0,0,30,0,0,0,0,0,0,0
470675,1,1,0,0,0,0,0,0,0,0,0,0
470676,1,1,0,0,0,0,0,20,0,0,0,17
470678,0,1,11,11,11,11,11,11,11,11,11,11
470678,1,1,0,0,0,0,0,0,0,0,0,0
470679,1,1,9,22,9,3,4,4,33,7,0,21
470680,0,1,34,0,0,0,0,0,0,0,21,0
470680,1,1,0,0,0,0,0,0,0,0,0,0
470681,1,1,0,0,0,0,0,0,0,0,0,0
470682,0,1,0,0,0,0,0,0,0,13,34,0
470682,1,1,20,0,0,20,0,8,0,0,0,0
470683,1,1,0,0,0,0,0,9,0,0,0,0
470684,1,1,0,6,0,0,0,0,0,0,0,0
470685,1,1,0,0,0,0,0,0,0,0,0,0
470686,1,1,0,0,0,0,0,0,0,0,0,0
470687,1,1,0,0,0,0,0,0,0,0,0,0
470688,1,1,0,20,0,16,5,6,0,22,15,0
470689,1,1,0,0,0,0,0,0,0,0,0,0
470690,0,1,0,0,0,0,0,0,0,22,0,0
470690,1,1,0,0,0,0,0,0,0,0,0,0
470691,0,1,10,10,10,10,10,10,10,10,10,10
470691,1,1,0,0,0,0,0,0,0,12,0,0