ST_CASE,VEH_NO,PER_NO,P1,P2,P3,P4,P5,P6,P7,P8,P9,P10
480333,3,1,0,0,6,0,0,6,0,0,0,0
480334,1,1,0,0,0,0,0,0,0,0,0,0
480335,1,1,0,0,0,0,0,0,0,0,0,0
480335,2,1,0,0,0,0,26,0,0,0,0,0
480335,3,1,0,0,0,0,0,0,0,11,0,0
480336,0,1,14,14,14,14,14,14,14,14,14,14
480336,1,1,0,0,0,5,0,0,0,0,0,34
480337,1,1,0,0,0,0,0,0,0,0,0,0
480337,2,1,0,0,0,0,0,0,0,0,0,0
480338,1,1,0,0,0,0,0,0,0,0,0,0
480340,1,1,17,17,17,17,17,17,17,17,17,17
480340,2,1,0,0,0,0,0,0,0,0,0,0
480341,1,1,0,0,0,0,0,0,0,0,0,0
480341,2,1,0,0,14,0,19,0,24,0,0,22
480342,0,1,0,0,0,49,23,0,0,26,0,0
480342,1,1,0,0,0,0,17,0,0,0,0,0
480343,1,1,16,0,0,15,0,0,0,0,0,0
480343,2,1,12,0,0,0,7,9,0,0,0,0
480344,1,1,0,0,0,0,0,0,0,0,0,0
480344,2,1,27,0,24,0,0,0,0,0,0,0
480345,1,1,0,0,0,0,0,0,0,0,0,0
480345,2,1,0,0,0,0,0,0,0,0,0,0
480346,1,1,0,35,0,0,0,0,0,0,0,0
480346,2,1,7,0,0,0,5,0,0,0,13,0
480347,1,1,0,0,0,0,0,0,0,0,0,0
480347,2,1,0,0,0,0,0,0,0,0,0,0
480348,1,1,0,17,0,0,20,0,13,0,0,0
480348,2,1,0,19,2,0,0,0,0,21,0,8
480349,1,1,0,0,0,0,0,0,0,0,0,0
480349,2,1,0,0,0,0,0,0,0,12,0,0
480349,3,1,0,0,9,8,0,0,0,0,0,0
480349,4,1,2,0,0,0,0,0,0,0,0,0
480350,1,1,0,0,0,0,0,0,0,0,0,0
480350,2,1,0,0,0,0,0,0,0,0,0,12
480351,1,1,0,0,0,0,0,0,0,0,0,0
480351,2,1,0,0,0,0,0,0,15,0,0,0
480352,1,1,18,18,18,18,18,18,18,18,18,18
480354,1,1,22,22,22,22,22,22,22,22,22,22
480355,1,1,12,15,13,7,18,6,23,19,21,9
480355,2,1,20,20,20,20,20,20,20,20,20,20
480357,1,1,0,0,0,0,3,0,0,0,16,0
480357,2,1,13,4,0,0,5,0,0,0,0,0
480357,3,1,0,0,0,0,0,0,29,0,18,0
480357,4,1,0,0,0,13,8,0,0,0,0,19
480358,1,1,26,26,26,26,26,26,26,26,26,26
480359,0,1,27,27,27,27,27,27,27,27,27,27
480359,1,1,14,0,14,0,0,5,8,0,0,0
480360,0,1,0,0,0,0,0,0,0,0,0,0
480360,1,1,28,10,18,0,0,0,0,0,0,7
480361,0,1,0,18,18,0,14,29,0,27,0,0
480361,1,1,0,0,0,0,0,0,0,0,0,0
480362,1,1,30,30,30,30,30,30,30,30,30,30
480363,1,1,0,28,0,0,18,0,0,0,0,0
480363,2,1,0,19,18,3,6,0,0,9,6,9
480363,3,1,0,28,0,6,0,0,17,0,0,0
480363,4,1,13,0,0,0,0,0,0,0,0,0
480363,5,1,0,0,0,0,0,23,20,0,0,9
480364,1,1,0,0,5,0,0,0,0,0,0,0
480364,2,1,6,6,6,6,6,6,6,6,6,6
480365,1,1,0,0,0,0,0,0,0,0,0,0
480366,1,1,0,0,0,0,0,0,0,0,0,0
480366,2,1,0,0,0,6,0,0,0,0,0,0
480367,0,1,24,0,0,0,0,0,0,0,0,0
480367,1,1,0,0,0,0,0,0,0,0,0,0
480368,0,1,0,0,0,0,0,0,0,0,0,0
480368,1,1,0,0,0,0,0,0,0,0,0,0
480369,1,1,0,0,0,0,0,0,0,26,0,0
480370,1,1,23,0,0,19,0,23,10,31,11,0
480371,1,1,0,0,0,0,0,0,0,0,0,0
480371,2,1,0,0,0,0,0,0,0,0,0,0
480372,1,1,21,0,0,21,0,0,0,0,8,0
480373,0,1,26,23,0,0,0,0,0,32,0,0
480373,1,1,0,0,0,0,23,0,0,0,19,0
480374,1,1,6,13,7,0,20,22,4,42,0,12
480375,1,1,14,14,14,14,14,14,14,14,14,14
480376,1,1,0,0,0,12,0,0,0,0,0,0
480378,0,1,0,0,0,0,20,0,0,0,8,0
480378,1,1,0,0,0,0,0,0,6,0,0,0
480379,1,1,0,0,0,0,0,0,0,0,0,0
480379,2,1,0,0,0,0,0,0,0,0,0,0
480380,1,1,0,0,0,0,0,0,0,8,0,0
480380,2,1,0,0,0,0,32,15,0,0,0,0
480381,0,1,0,0,0,22,0,0,23,0,0,0
480381,1,1,0,0,0,0,0,18,0,0,0,0
480382,1,1,0,0,0,0,0,0,0,0,0,0
480382,2,1,0,0,0,28,0,0,0,0,22,0
480383,1,1,15,0,0,0,0,0,0,0,22,0
480383,2,1,0,0,0,0,0,0,0,0,0,0
480384,1,1,26,26,26,26,26,26,26,26,26,26
480385,1,1,15,15,15,15,15,15,15,15,15,15
480386,0,1,0,0,0,0,0,35,0,0,0,0
480386,1,1,8,0,17,0,0,13,0,0,0,0
480387,0,1,0,0,0,0,0,0,0,0,0,0
480387,1,1,0,0,0,0,7,0,13,0,14,21
480387,2,1,0,17,5,18,0,17,40,0,8,0
480388,1,1,23,23,23,23,23,23,23,23,23,23
480389,1,1,8,16,0,20,14,0,20,0,26,0
480390,1,1,19,19,19,19,19,19,19,19,19,19
480391,1,1,26,0,26,27,0,26,16,14,0,15
480392,0,1,0,0,0,0,0,0,0,0,0,0
480392,1,1,0,0,0,0,0,0,67,9,0,0
480393,0,1,13,13,13,13,13,13,13,13,13,13
480393,1,1,0,0,14,0,15,16,0,30,11,0
480394,1,1,6,0,0,0,0,0,0,0,0,0
480394,2,1,5,5,5,5,5,5,5,5,5,5
480396,1,1,7,0,0,0,0,0,0,0,0,0
480396,2,1,0,0,0,0,0,0,0,0,0,0
480397,1,1,0,0,0,0,0,0,0,0,0,0
480398,1,1,0,0,0,0,0,0,0,0,0,0
480398,2,1,0,0,0,0,0,0,0,0,0,0
480399,1,1,22,22,22,22,22,22,22,22,22,22
480399,2,1,0,19,0,0,0,0,0,0,0,0
480400,1,1,9,9,9,9,9,9,9,9,9,9
480401,1,1,8,8,8,8,8,8,8,8,8,8
480401,2,1,10,9,0,18,9,0,0,0,10,0
480402,0,1,19,0,0,0,0,0,0,0,0,0
480402,1,1,0,0,0,0,0,0,16,0,0,0
480403,1,1,0,0,0,0,0,0,12,0,0,0
480403,2,1,0,0,0,0,0,0,0,0,0,0
480404,1,1,0,0,20,0,0,0,22,19,5,0
480404,2,1,0,0,0,0,0,0,10,0,0,0
480405,1,1,20,20,20,20,20,20,20,20,20,20
480405,2,1,2,2,2,2,2,2,2,2,2,2
480406,1,1,23,23,23,23,23,23,23,23,23,23
480406,2,1,15,12,0,0,0,0,0,5,0,8
480407,1,1,0,0,0,0,0,0,0,0,28,20
480407,2,1,9,38,20,0,0,0,0,0,0,0
480408,1,1,12,12,12,12,12,12,12,12,12,12
480409,1,1,0,0,0,0,0,0,0,0,0,0
480409,2,1,0,0,0,3,16,0,0,0,0,0
480409,3,1,38,0,0,0,0,0,0,0,0,0
480410,1,1,19,19,19,19,19,19,19,19,19,19
480410,2,1,0,0,0,0,0,0,0,0,0,0
480411,1,1,0,0,0,0,0,0,0,0,0,0
480411,2,1,22,0,0,0,0,0,11,0,0,0
480412,1,1,0,0,0,0,0,0,0,0,0,0
480412,2,1,9,0,20,0,0,0,0,0,24,6
480413,0,1,4,4,4,4,4,4,4,4,4,4
480413,1,1,20,10,15,0,10,0,0,11,0,24
480414,1,1,6,0,0,0,12,15,26,0,0,0
480414,2,1,0,7,5,0,0,10,0,14,0,0
480415,1,1,4,4,4,4,4,4,4,4,4,4
480416,1,1,0,0,0,0,0,0,0,0,0,0
480417,1,1,0,0,0,0,0,0,0,0,0,0
480417,2,1,0,0,0,0,0,0,0,0,0,0
480418,1,1,0,8,0,0,9,0,0,0,0,0
480419,1,1,24,24,24,24,24,24,24,24,24,24
480420,1,1,0,0,0,21,0,0,0,0,21,37
480421,1,1,1,1,1,1,1,1,1,1,1,1
480421,2,1,0,0,0,0,0,0,0,0,0,0
480422,1,1,0,0,0,0,0,0,0,0,0,0
480423,1,1,0,0,0,0,0,0,0,0,0,0
480423,2,1,0,0,0,0,0,0,0,0,20,0
480424,1,1,0,0,0,0,0,13,0,0,21,0
480425,1,1,0,0,12,12,23,0,0,0,0,0
480425,2,1,0,0,29,0,0,28,0,8,0,0
480426,0,1,19,0,21,0,0,0,21,0,0,20
480427,0,1,24,24,24,24,24,24,24,24,24,24
480427,1,1,0,0,0,0,0,0,0,0,19,0
480428,1,1,9,9,9,9,9,9,9,9,9,9
480428,2,1,3,0,0,0,0,0,0,0,0,0
480429,0,1,0,30,19,0,8,17,0,0,0,0
480429,1,1,23,23,23,23,23,23,23,23,23,23
480430,1,1,20,20,20,20,20,20,20,20,20,20
480430,2,1,8,8,8,8,8,8,8,8,8,8
480431,1,1,42,0,25,9,0,8,0,0,0,29
480432,1,1,0,0,0,0,0,0,0,0,0,0
480432,2,1,0,0,0,0,0,0,0,0,0,0
480433,1,1,23,17,39,0,0,24,14,18,21,17
480434,1,1,0,0,0,18,0,0,0,0,0,0
480435,1,1,0,0,0,0,0,0,0,0,6,29
480436,0,1,0,0,0,0,0,0,0,0,0,0
480436,1,1,0,0,0,23,0,0,0,0,0,0
480437,1,1,0,0,0,0,0,0,0,25,0,0
480437,2,1,24,24,24,24,24,24,24,24,24,24
480438,1,1,0,0,0,0,0,0,0,0,0,0
480439,1,1,25,25,25,25,25,25,25,25,25,25
480439,2,1,0,0,0,24,0,0,0,0,0,0
480440,1,1,0,38,0,0,19,17,0,35,20,0
480441,1,1,11,11,11,11,11,11,11,11,11,11
480441,2,1,0,0,0,0,0,0,0,0,0,0
480442,1,1,5,23,22,19,0,25,0,0,18,34
480443,1,1,20,25,13,2,4,10,8,17,27,15
480444,1,1,0,16,19,0,0,0,0,22,0,0
480445,1,1,23,7,0,0,0,0,0,0,0,0
480445,2,1,0,0,0,0,0,0,0,0,0,0
480446,1,1,5,5,5,5,5,5,5,5,5,5
480446,2,1,0,7,0,0,30,0,0,0,0,0
480447,1,1,0,0,0,0,0,0,0,0,0,0
480447,2,1,0,0,0,0,0,0,0,0,0,0
480448,1,1,0,0,0,0,0,0,0,0,0,0
480449,1,1,0,0,0,0,0,0,0,12,0,0
480449,2,1,0,22,18,0,0,0,0,0,0,0
480450,1,1,0,0,0,0,0,0,0,13,33,0
480451,0,1,0,0,0,0,0,0,0,0,0,0
480451,1,1,0,0,0,0,0,0,0,0,13,0
480452,1,1,17,17,17,17,17,17,17,17,17,17
480452,2,1,0,0,9,0,0,0,0,0,29,0
480453,1,1,11,11,11,11,11,11,11,11,11,11
480455,0,1,20,20,20,20,20,20,20,20,20,20
480455,1,1,16,31,0,14,0,19,0,19,0,12
480456,1,1,35,8,0,16,0,0,7,0,17,4
480457,1,1,17,17,17,17,17,17,17,17,17,17
480458,0,1,0,0,0,9,0,0,0,0,0,0
480458,1,1,0,0,0,0,0,0,0,0,19,0
480459,1,1,10,10,10,10,10,10,10,10,10,10
480459,2,1,0,0,0,0,0,0,0,0,0,0
480460,1,1,0,0,0,0,0,0,0,0,0,0
480461,1,1,0,0,0,0,0,0,0,0,0,0
480462,1,1,26,0,0,23,0,0,0,0,0,0
480462,2,1,0,0,0,0,0,0,0,0,0,0
480462,3,1,0,0,0,7,0,0,0,0,0,24
480463,0,1,22,22,22,22,22,22,22,22,22,22
480463,1,1,0,0,0,0,0,0,0,0,9,0
480464,1,1,15,19,0,0,18,0,18,33,0,0
480464,2,1,19,10,23,0,0,0,15,0,14,0
480465,1,1,12,0,11,9,0,0,0,4,0,0
480465,2,1,0,0,9,22,0,0,0,0,0,0
480466,1,1,0,0,0,0,0,0,0,0,0,0
480467,0,1,0,3,4,9,0,44,0,0,21,0
480467,1,1,0,0,0,0,0,0,0,0,0,0
480468,0,1,37,8,0,0,17,0,2,21,30,34
480468,1,1,0,0,0,0,0,19,0,24,11,0
480468,2,1,0,0,0,0,0,0,0,0,0,0
480468,3,1,0,0,0,2,28,0,7,0,0,18
480470,1,1,0,0,0,0,0,0,0,0,0,0
480470,2,1,0,0,0,0,0,0,0,0,0,0
480471,1,1,0,0,0,0,0,0,0,0,0,0
480471,2,1,0,9,0,0,17,18,0,19,4,0
480472,1,1,20,0,0,11,0,0,0,0,0,0
480472,2,1,17,28,0,0,0,0,0,0,0,0
480472,3,1,4,20,0,0,0,0,4,6,0,0
480473,1,1,0,0,0,26,18,0,0,0,25,0
480474,0,1,0,0,0,0,0,0,0,0,0,0
480474,1,1,0,0,0,0,0,0,0,0,0,0
480475,1,1,0,0,0,0,24,0,0,0,0,0
480475,2,1,0,0,0,0,0,0,0,0,6,0
480476,1,1,0,0,0,0,0,0,0,0,0,0
480476,2,1,0,0,0,0,0,0,0,9,6,0
480477,1,1,0,11,0,0,0,0,0,0,2,0
480477,2,1,0,0,0,0,0,0,0,0,0,0
480478,1,1,0,0,0,0,0,0,0,0,0,0
480478,2,1,17,25,0,0,12,0,0,0,0,0
480479,1,1,0,0,0,0,0,0,21,0,0,0
480479,2,1,19,0,0,0,0,0,0,0,0,0
480480,1,1,0,0,0,0,0,0,0,0,0,0
480481,1,1,19,42,3,0,0,0,18,11,27,0
480482,1,1,22,22,22,22,22,22,22,22,22,22
480483,1,1,21,21,21,21,21,21,21,21,21,21
480484,0,1,29,29,29,29,29,29,29,29,29,29
480484,1,1,7,7,7,7,7,7,7,7,7,7
480485,1,1,0,0,0,0,0,0,0,0,0,0
480485,2,1,0,0,15,0,0,0,0,0,0,17
480486,0,1,0,0,0,18,0,22,4,18,33,14
480486,1,1,0,0,0,0,0,8,0,0,9,33
480487,1,1,0,0,0,23,14,0,12,0,0,0
480487,2,1,0,0,15,0,18,0,0,0,0,0
480488,1,1,0,0,0,0,0,0,0,0,0,0
480488,2,1,0,0,0,0,0,0,0,0,0,0
480489,1,1,0,0,0,0,0,12,0,0,0,0
480489,2,1,0,0,0,0,0,0,0,0,22,0
480489,3,1,0,0,0,0,0,7,24,0,0,0
480490,0,1,0,0,0,0,0,0,0,0,0,0
480490,1,1,24,0,5,0,0,6,0,16,7,0
480491,1,1,15,15,15,15,15,15,15,15,15,15
480492,1,1,0,0,0,0,0,0,0,0,0,0
480493,1,1,0,0,0,0,0,0,0,30,0,0
480493,2,1,0,0,0,0,0,11,0,0,0,0
480494,1,1,10,10,10,10,10,10,10,10,10,10
480494,2,1,0,0,0,10,20,0,15,8,30,0
480495,1,1,0,0,0,0,0,0,0,0,0,0
480496,1,1,0,0,0,0,0,0,0,0,0,0
480497,1,1,14,14,14,14,14,14,14,14,14,14
480497,2,1,0,0,0,20,0,0,4,0,0,29
480498,1,1,0,0,0,0,33,0,0,14,0,13
480498,2,1,0,16,0,0,0,0,0,0,0,0
480499,1,1,0,0,0,24,0,0,0,0,0,0
480499,2,1,19,0,0,0,0,0,0,0,0,0
480500,1,1,16,16,16,16,16,16,16,16,16,16
480501,1,1,0,0,0,0,0,0,0,0,0,0
480502,0,1,0,0,0,0,0,0,0,0,0,0
480502,1,1,17,8,4,0,24,0,0,0,9,33
480503,1,1,0,0,0,0,13,0,0,0,0,0
480503,2,1,0,0,0,0,0,0,0,0,0,0
480504,1,1,17,17,17,17,17,17,17,17,17,17
480504,2,1,16,27,17,0,0,10,19,20,0,16
480505,1,1,15,13,0,5,3,27,0,7,0,0
480505,2,1,0,0,0,0,0,3,0,0,0,16
480506,1,1,14,14,14,14,14,14,14,14,14,14
480506,2,1,14,14,14,14,14,14,14,14,14,14
480507,1,1,0,0,0,11,0,0,18,0,0,0
480508,1,1,0,22,0,0,13,19,0,0,0,0
480509,1,1,0,0,0,13,0,0,17,0,0,0
480510,1,1,0,0,0,14,0,19,0,0,15,15
480510,2,1,0,0,0,0,0,0,0,0,0,0
480511,0,1,0,0,0,0,20,10,0,0,0,26
480511,1,1,0,0,0,0,0,0,0,0,0,0
480512,1,1,0,0,0,0,0,0,0,0,0,0
480512,2,1,0,25,0,0,0,0,0,0,0,20
480513,1,1,0,4,0,0,0,0,0,0,0,0
480513,2,1,0,0,15,0,0,0,0,4,0,0
480514,1,1,18,18,18,18,18,18,18,18,18,18
480515,1,1,0,0,0,0,18,0,0,16,0,0
480515,2,1,0,13,9,0,0,0,0,0,0,0
480516,1,1,0,0,0,0,0,0,0,0,0,0
480517,1,1,0,0,0,0,0,0,0,0,0,0
480517,2,1,0,0,25,0,0,0,0,11,0,10
480518,1,1,0,0,0,0,0,0,0,0,0,0
480518,2,1,0,0,0,0,0,0,0,0,0,0
480519,1,1,0,0,0,0,0,0,0,15,0,0
480520,1,1,17,17,17,17,17,17,17,17,17,17
480520,2,1,0,0,0,15,0,18,0,0,0,0
480520,3,1,0,5,0,0,0,0,0,0,0,0
480520,4,1,0,12,27,0,21,18,0,2,0,0
480521,1,1,29,29,29,29,29,29,29,29,29,29
480522,1,1,0,0,0,31,0,0,21,0,0,0
480522,2,1,0,0,0,0,0,0,6,0,0,10
480522,3,1,0,0,0,0,0,0,0,0,0,0
480522,4,1,0,0,0,0,0,0,0,0,0,17
480523,1,1,0,0,0,0,0,0,0,0,11,0
480523,2,1,18,0,0,6,0,0,0,0,0,0
480524,1,1,0,24,17,12,0,0,17,18,12,0
480524,2,1,7,25,28,19,0,15,34,16,0,21
480525,0,1,28,28,28,28,28,28,28,28,28,28
480525,1,1,0,12,0,0,0,11,0,0,0,0
480526,1,1,18,18,18,18,18,18,18,18,18,18
480527,1,1,10,17,10,0,0,8,22,10,0,9
480528,1,1,0,0,0,0,0,0,0,0,0,0
480528,2,1,9,0,0,0,0,0,21,0,0,0
480528,3,1,0,0,0,0,0,0,0,0,0,0
480529,1,1,27,27,15,19,19,0,9,0,18,17
480530,1,1,0,16,24,16,0,18,41,10,23,6
480530,2,1,0,31,20,0,25,0,15,0,22,0
480531,1,1,0,0,0,0,0,0,28,0,0,0
480531,2,1,0,0,24,0,0,0,0,0,0,0
480532,1,1,15,15,15,15,15,15,15,15,15,15
480532,2,1,19,0,0,8,26,0,0,0,0,0
480532,3,1,8,5,17,0,13,13,16,22,29,0
480533,0,1,0,0,0,0,0,0,0,0,0,0
480533,1,1,9,9,9,9,9,9,9,9,9,9
480534,1,1,0,0,0,0,0,0,0,0,0,0
480534,2,1,0,0,0,0,0,0,0,0,0,0
480534,3,1,0,0,0,0,0,0,0,19,0,0
480535,1,1,0,0,0,0,0,0,13,0,0,0
480536,1,1,19,19,19,19,19,19,19,19,19,19
480536,2,1,0,0,0,0,0,0,0,0,0,0
480537,1,1,17,0,0,0,0,0,0,0,0,0
480537,2,1,0,0,0,0,0,0,0,0,0,0
480538,0,1,31,31,31,31,31,31,31,31,31,31
480538,0,2,0,6,0,18,0,19,0,21,0,0
480538,1,1,0,0,0,0,11,0,0,16,12,0
480539,1,1,0,30,11,0,0,0,11,0,3,10
480539,2,1,0,0,0,0,0,0,0,0,0,0
480539,3,1,0,0,0,0,2,0,0,0,0,0
480540,1,1,0,0,0,0,0,0,0,0,0,0
480541,1,1,0,0,0,0,0,0,0,0,0,0
480542,1,1,0,0,0,0,0,0,0,0,0,0
480542,2,1,0,0,0,0,0,0,0,0,0,0
480542,3,1,0,34,0,11,0,0,0,0,0,0
480543,1,1,0,0,0,0,0,0,0,0,0,0
480543,2,1,0,0,35,0,10,0,0,0,0,0
480544,1,1,0,0,0,0,0,0,0,0,0,0
480544,2,1,0,0,0,0,0,0,0,11,0,0
480545,1,1,13,13,13,13,13,13,13,13,13,13
480546,1,1,0,0,6,0,0,0,0,0,0,0
480546,2,1,0,20,0,0,0,0,22,0,0,0
480546,3,1,0,0,0,0,0,0,0,0,17,16
480547,0,1,21,21,21,21,21,21,21,21,21,21
480547,1,1,13,0,17,10,0,0,28,0,12,31
480548,1,1,0,0,0,0,11,0,0,0,0,0
480548,2,1,0,0,0,0,0,0,0,23,0,0
480548,3,1,0,0,6,0,0,18,0,0,0,0
480548,4,1,0,0,0,0,0,0,0,0,0,17
480548,5,1,0,0,0,0,8,0,0,0,0,0
480549,1,1,3,0,3,22,0,0,0,23,14,0
480550,1,1,0,32,0,0,0,0,0,18,0,0
480550,2,1,0,0,0,0,0,0,0,0,0,0
480551,1,1,0,0,0,0,0,0,0,0,0,0
480551,2,1,0,0,0,0,0,0,0,0,0,0
480552,0,1,0,0,15,0,0,32,0,0,32,0
480552,1,1,16,22,14,8,13,8,12,5,16,24
480553,1,1,16,16,16,16,16,16,16,16,16,16
480553,2,1,0,0,9,0,15,18,0,0,0,0
480554,1,1,0,15,10,0,0,0,0,0,0,6
480555,1,1,0,0,0,0,0,0,0,0,0,0
480555,2,1,0,0,0,0,0,0,0,0,0,0
480556,1,1,20,20,20,20,20,20,20,20,20,20
480556,2,1,0,0,0,29,0,0,0,23,0,0
480557,0,1,23,23,23,23,23,23,23,23,23,23
480557,1,1,0,0,0,0,10,0,0,0,0,0
480558,1,1,0,0,0,0,0,8,28,0,0,0
480558,2,1,0,0,0,0,0,0,0,0,0,0
480559,0,1,0,0,0,0,0,21,0,0,0,0
480559,0,2,0,0,0,0,0,0,0,21,0,16
480559,0,3,0,23,0,0,0,0,0,0,0,0
480559,1,1,0,0,0,0,0,0,0,0,0,0
480559,2,1,0,0,0,0,0,0,0,0,0,0
480560,1,1,0,0,0,0,0,0,0,0,0,0
480560,2,1,18,18,18,18,18,18,18,18,18,18
480561,1,1,0,0,0,0,0,0,0,0,3,0
480561,2,1,0,0,0,0,0,8,0,0,10,0
480561,3,1,0,0,0,0,0,0,0,0,0,26
480562,1,1,32,32,32,32,32,32,32,32,32,32
480562,2,1,0,0,0,0,0,0,0,0,0,0
480562,3,1,0,0,0,0,0,0,0,0,0,16
480562,4,1,0,0,0,0,12,0,0,0,0,0
480563,1,1,0,0,0,0,0,0,0,8,0,0
480563,2,1,0,0,0,0,0,0,0,0,0,0
480564,1,1,0,0,0,0,0,0,0,11,0,0
480564,2,1,26,44,0,0,0,0,0,0,0,0
480564,3,1,0,0,0,0,0,0,0,0,0,0
480566,0,1,22,22,22,22,22,22,22,22,22,22
480566,1,1,21,0,23,23,0,0,24,0,18,50
480567,1,1,0,22,18,23,33,0,16,18,8,18
480568,1,1,34,34,34,34,34,34,34,34,34,34
480569,1,1,9,9,9,9,9,9,9,9,9,9
480570,1,1,0,0,0,23,0,0,0,0,0,0
480571,0,1,20,20,20,20,20,20,20,20,20,20
480571,1,1,0,0,0,0,0,0,0,0,0,0
480571,2,1,9,7,0,0,13,0,0,0,19,14
480571,3,1,0,0,0,0,15,9,26,0,0,23
480572,1,1,0,0,0,0,0,0,0,0,0,0
480572,2,1,0,0,0,0,0,0,0,0,0,0
480573,0,1,28,28,28,28,28,28,28,28,28,28
480573,1,1,18,0,0,0,10,0,30,0,0,0
480574,1,1,0,0,0,0,0,0,0,0,0,0
480574,2,1,0,0,7,0,0,16,0,0,0,0
480574,3,1,0,0,0,14,0,0,0,0,21,0
480574,4,1,0,0,0,0,0,0,0,0,0,0
480574,5,1,0,0,0,0,0,0,0,0,7,0
480574,6,1,19,0,0,0,0,0,0,0,0,0
480575,0,1,0,0,0,0,0,0,0,0,0,0
480575,1,1,0,0,0,0,0,0,0,0,0,8
480576,1,1,0,0,0,0,0,0,0,0,0,0
480576,2,1,0,0,0,0,8,16,0,0,0,0
480577,1,1,12,12,12,12,12,12,12,12,12,12
480577,2,1,0,0,0,0,0,0,0,0,0,0
480578,1,1,0,0,0,0,0,0,0,0,0,0
480579,1,1,16,16,16,16,16,16,16,16,16,16
480580,0,1,0,0,0,35,0,0,0,0,0,0
480580,1,1,0,0,0,0,0,0,0,0,0,0
480581,1,1,0,0,0,0,0,0,0,0,0,0
480581,2,1,20,20,20,20,20,20,20,20,20,20
480581,3,1,0,0,16,0,0,0,0,12,0,0
480582,1,1,0,0,0,0,0,0,0,0,0,0
480582,2,1,0,0,5,0,0,0,0,19,0,0
480583,1,1,1,1,1,1,1,1,1,1,1,1
480584,0,1,0,0,0,0,0,0,0,0,0,0
480584,1,1,0,0,0,0,8,0,0,15,0,0
480585,1,1,10,10,10,10,10,10,10,10,10,10
480585,2,1,0,0,0,0,0,0,0,0,0,0
480586,1,1,13,13,13,13,13,13,13,13,13,13
480586,2,1,0,0,0,41,0,12,20,0,0,0
480587,0,1,11,11,11,11,11,11,11,11,11,11
480587,1,1,0,0,0,0,0,0,0,0,7,0
480588,1,1,5,5,5,5,5,5,5,5,5,5
480589,1,1,0,0,7,11,0,0,20,0,0,27
480589,2,1,16,14,0,0,0,0,0,18,25,0
480590,0,1,16,16,16,16,16,16,16,16,16,16
480590,1,1,10,10,10,10,10,10,10,10,10,10
480591,1,1,0,0,0,0,0,0,19,0,0,0
480591,2,1,0,0,0,7,0,0,22,0,15,0
480592,0,1,32,14,0,0,5,0,32,0,12,14
480592,1,1,24,15,22,17,15,28,32,10,17,23
480593,1,1,0,0,0,0,0,0,0,0,0,0
480593,2,1,0,0,0,0,0,0,0,0,0,0
480594,1,1,0,0,0,25,0,0,0,0,0,0
480594,2,1,0,0,0,0,0,0,0,0,0,0
480594,3,1,0,0,0,0,0,0,0,16,0,0
480595,1,1,0,30,0,18,13,0,0,0,6,0
480595,2,1,0,0,0,19,15,0,0,0,25,0
480595,3,1,0,16,16,12,27,0,0,0,0,0
480597,1,1,0,17,28,0,0,12,12,0,0,21
480597,2,1,5,5,5,5,5,5,5,5,5,5
480598,0,1,0,0,0,0,0,0,0,0,0,0
480598,1,1,11,0,20,7,0,0,22,2,0,25
480599,1,1,0,0,0,0,0,0,33,12,0,0
480599,2,1,0,24,0,0,0,0,0,0,0,0
480600,1,1,0,0,0,0,0,0,0,0,0,0
480600,2,1,0,21,0,0,0,0,0,0,0,0
480601,0,1,7,0,0,35,0,0,0,0,26,0
480601,1,1,14,25,0,24,0,10,0,24,20,5
480602,1,1,0,0,6,13,0,0,13,0,0,0
480602,2,1,0,0,0,30,0,0,0,0,10,2
480603,1,1,10,0,0,0,0,19,0,10,0,36
480603,2,1,0,11,7,0,0,7,0,8,0,11
480604,1,1,6,6,6,6,6,6,6,6,6,6
480604,2,1,0,0,0,19,0,0,0,30,0,0
480605,1,1,0,7,0,0,0,12,0,0,20,0
480605,2,1,0,10,20,0,4,0,0,0,0,0
480606,1,1,18,18,18,18,18,18,18,18,18,18
480607,1,1,19,19,19,19,19,19,19,19,19,19
480607,2,1,0,0,16,6,0,0,0,9,0,0
480608,1,1,0,0,0,14,0,0,0,0,0,0
480608,2,1,0,26,0,0,0,0,0,0,0,29
480609,1,1,17,17,17,17,17,17,17,17,17,17
480610,1,1,0,0,0,0,0,0,0,0,0,0
480610,2,1,0,0,0,0,0,0,0,25,0,0
480611,1,1,0,0,0,0,0,0,0,0,0,0
480612,1,1,19,19,19,19,19,19,19,19,19,19
480613,1,1,12,12,12,12,12,12,12,12,12,12
480613,2,1,0,0,0,0,0,0,0,0,0,0
480614,1,1,0,0,0,24,24,0,14,0,0,0
480614,2,1,0,9,17,13,12,31,10,5,0,0