ST_CASE,VEH_NO,PER_NO,P1,P2,P3,P4,P5,P6,P7,P8,P9,P10
480616,1,1,0,0,26,14,0,0,11,0,0,0
480617,1,1,0,0,16,0,0,11,0,0,0,0
480618,1,1,0,0,0,0,0,0,0,0,0,0
480618,2,1,13,0,12,0,0,0,0,0,0,0
480619,1,1,3,3,3,3,3,3,3,3,3,3
480619,2,1,0,20,25,0,28,9,0,0,0,18
480620,1,1,18,18,18,18,18,18,18,18,18,18
480620,2,1,0,0,0,0,9,0,0,0,13,0
480621,1,1,14,14,14,14,14,14,14,14,14,14
480622,1,1,0,0,0,0,0,0,0,0,0,0
480623,1,1,0,0,0,0,0,0,0,0,0,0
480623,2,1,26,0,0,22,0,14,0,0,3,0
480624,1,1,9,9,9,9,9,9,9,9,9,9
480625,1,1,0,0,0,0,0,0,0,0,0,0
480626,1,1,0,0,0,0,0,0,0,0,0,0
480627,1,1,0,0,0,0,0,0,0,0,0,0
480627,2,1,0,6,0,0,15,2,0,0,14,2
480628,1,1,29,22,2,10,19,12,8,12,9,18
480629,1,1,0,25,0,0,0,0,0,0,0,0
480629,2,1,0,0,12,0,0,0,0,0,0,0
480630,1,1,0,0,0,0,0,0,0,0,0,0
480630,2,1,0,0,0,0,0,0,0,0,0,0
480631,1,1,0,0,0,0,0,0,0,0,0,0
480632,1,1,8,8,8,8,8,8,8,8,8,8
480633,1,1,0,0,0,40,0,0,0,0,24,0
480634,1,1,0,22,18,0,25,0,0,8,20,22
480635,1,1,19,0,7,0,6,24,0,0,14,0
480636,1,1,0,0,10,0,0,0,9,0,18,0
480636,2,1,0,0,30,0,0,0,0,0,0,0
480637,1,1,0,0,0,0,0,0,12,0,0,0
480637,2,1,0,0,0,0,0,0,0,25,0,0
480638,1,1,11,11,11,11,11,11,11,11,11,11
480639,0,1,26,26,26,26,26,26,26,26,26,26
480639,1,1,14,28,19,12,0,15,10,26,27,0
480640,1,1,0,0,0,0,0,0,0,0,0,0
480640,2,1,0,0,0,0,0,0,0,0,0,0
480640,3,1,12,0,0,17,0,6,0,13,0,0
480640,4,1,0,0,20,0,0,0,15,0,6,0
480641,1,1,12,0,0,0,0,0,15,16,11,0
480641,2,1,16,0,0,0,7,0,0,0,0,0
480642,1,1,0,0,0,0,21,0,0,45,0,17
480643,1,1,0,0,0,0,0,5,0,0,0,0
480643,2,1,0,0,0,0,0,0,0,0,0,0
480644,1,1,0,13,0,0,0,15,8,0,0,0
480645,1,1,0,0,0,0,0,0,0,0,0,0
480646,1,1,15,0,13,0,13,31,0,0,0,17
480647,1,1,0,0,0,0,0,0,0,0,0,0
480647,2,1,0,0,0,0,0,0,0,0,0,0
480648,1,1,0,0,0,0,0,0,0,0,0,0
480649,1,1,0,0,0,7,0,0,7,0,0,16
480650,0,1,0,0,6,0,15,0,0,0,23,19
480650,1,1,0,16,8,19,10,0,20,20,0,0
480651,1,1,12,12,12,12,12,12,12,12,12,12
480651,2,1,0,0,0,28,0,0,0,0,0,0
480651,3,1,0,0,21,0,0,0,14,0,0,0
480652,1,1,0,0,0,0,0,0,0,0,0,0
480653,1,1,0,0,0,0,0,0,0,0,0,0
480654,1,1,26,27,14,25,34,7,12,17,18,14
480655,1,1,1,1,1,1,1,1,1,1,1,1
480655,2,1,0,0,0,0,0,0,0,0,0,0
480655,3,1,0,7,0,0,16,5,21,0,0,0
480656,1,1,11,11,11,11,11,11,11,11,11,11
480657,1,1,5,12,0,0,24,0,0,0,17,21
480657,2,1,0,19,0,0,10,0,0,16,0,0
480658,1,1,0,0,0,0,22,21,0,23,7,22
480659,1,1,0,0,0,0,0,0,0,0,0,0
480660,1,1,16,16,16,16,16,16,16,16,16,16
480660,2,1,0,0,0,0,0,0,0,0,0,0
480661,0,1,0,0,34,0,0,0,0,25,27,0
480661,1,1,13,0,0,23,0,0,0,0,0,0
480662,1,1,15,15,15,15,15,15,15,15,15,15
480663,1,1,0,0,0,0,0,0,0,0,0,0
480664,0,1,0,0,0,0,0,0,0,0,0,0
480664,1,1,0,0,0,0,0,0,0,0,0,0
480665,0,1,0,0,0,0,0,0,0,0,0,0
480665,1,1,0,0,0,0,0,0,0,0,0,0
480666,1,1,0,0,0,0,0,0,0,0,0,0
480666,2,1,0,0,0,0,0,0,0,0,0,0
480667,1,1,21,15,8,31,15,23,24,0,4,7
480667,2,1,23,16,12,15,21,6,7,14,11,26
480668,1,1,0,17,11,0,0,0,0,0,0,0
480668,2,1,0,0,4,0,0,0,0,9,0,0
480669,1,1,26,26,26,26,26,26,26,26,26,26
480670,1,1,0,0,0,0,0,0,0,0,0,0
480670,2,1,0,0,16,0,19,0,0,19,22,20
480671,1,1,0,0,0,0,0,0,0,0,0,0
480672,0,1,0,0,0,0,0,0,0,0,0,23
480672,1,1,20,0,16,34,0,20,7,20,15,0
480673,1,1,0,0,0,0,0,0,0,0,0,0
480673,2,1,33,0,0,9,0,0,0,0,0,0
480674,1,1,20,20,20,20,20,20,20,20,20,20
480675,1,1,25,25,25,25,25,25,25,25,25,25
480676,0,1,0,0,0,0,0,0,0,0,0,0
480676,1,1,11,0,0,0,0,0,0,14,5,13
480677,1,1,16,16,16,16,16,16,16,16,16,16
480678,1,1,16,16,16,16,16,16,16,16,16,16
480679,0,1,0,0,0,0,18,0,0,0,0,0
480679,1,1,0,0,0,0,19,0,0,30,0,0
480680,1,1,21,16,13,25,12,25,10,25,27,6
480681,1,1,16,17,18,0,0,27,22,26,37,24
480682,0,1,0,0,0,0,0,0,0,0,0,0
480682,1,1,0,0,0,0,0,0,0,0,0,0
480683,1,1,0,0,0,20,0,0,0,0,0,16
480684,1,1,11,9,31,20,0,23,0,15,13,5
480685,1,1,0,0,0,0,0,0,0,0,0,0
480685,2,1,21,0,0,0,0,8,0,0,0,0
480686,1,1,0,0,0,0,0,0,0,0,0,0
480686,2,1,0,0,0,0,0,0,0,0,0,0
480687,0,1,12,0,14,0,38,0,7,0,0,0
480687,1,1,0,0,18,0,21,17,0,14,7,0
480688,1,1,0,0,12,0,0,0,0,0,0,0
480688,2,1,0,0,0,0,0,0,0,0,0,0
480689,1,1,10,14,0,20,0,0,30,16,0,23
480690,1,1,20,21,13,33,11,10,23,28,17,16
480691,0,1,4,0,0,27,3,14,0,18,26,0
480691,1,1,0,27,0,3,0,16,0,0,21,15
480691,2,1,6,6,7,0,34,18,0,0,0,12
480692,1,1,5,5,5,5,5,5,5,5,5,5
480692,2,1,0,0,0,0,0,0,0,0,0,0
480693,1,1,0,50,0,0,0,0,0,0,0,0
480693,2,1,0,0,0,0,0,0,0,0,0,0
480694,1,1,0,0,0,0,0,0,0,0,0,0
480695,1,1,0,0,14,11,0,0,0,0,0,0
480695,2,1,0,0,0,10,0,0,0,0,0,0
480696,1,1,0,10,0,0,0,0,0,0,0,0
480697,1,1,0,0,0,0,0,0,0,0,0,0
480697,2,1,0,0,20,0,0,0,0,0,11,0
480697,3,1,0,0,0,0,0,0,0,0,0,26
480698,1,1,9,9,9,9,9,9,9,9,9,9
480699,1,1,0,16,0,0,5,0,0,0,16,0
480699,2,1,0,0,0,32,0,0,0,0,0,0
480700,0,1,0,0,0,0,0,0,0,0,0,0
480700,1,1,12,25,10,0,8,0,0,0,0,13
480701,1,1,0,0,0,0,0,21,0,0,0,0
480701,2,1,19,0,0,16,0,0,0,8,0,0
480702,1,1,16,16,16,16,16,16,16,16,16,16
480702,2,1,0,0,0,29,0,16,0,0,0,0
480703,1,1,21,21,21,21,21,21,21,21,21,21
480704,1,1,0,10,0,17,0,0,0,0,0,28
480704,2,1,6,5,13,10,29,0,0,0,0,8
480705,0,1,31,31,31,31,31,31,31,31,31,31
480705,1,1,21,0,28,0,0,0,15,15,0,0
480706,0,1,0,0,0,0,43,15,15,0,0,0
480706,1,1,0,0,8,17,0,13,0,0,19,16
480707,0,1,18,18,18,18,18,18,18,18,18,18
480707,1,1,0,0,13,26,19,17,0,0,0,0
480708,1,1,0,0,0,0,0,0,0,0,0,0
480708,2,1,0,0,0,0,0,0,0,0,0,0
480709,0,1,14,0,19,16,20,2,8,11,23,29
480709,1,1,23,0,0,19,0,0,8,0,0,2
480710,0,1,17,17,17,17,17,17,17,17,17,17
480710,1,1,0,0,0,0,0,0,0,16,7,17
480711,1,1,16,16,0,0,28,18,18,8,0,0
480712,1,1,0,0,0,0,13,0,0,0,0,0
480712,2,1,0,6,21,0,20,24,0,0,0,0
480713,1,1,0,0,0,29,0,0,0,0,31,0
480714,1,1,0,0,0,0,0,0,0,0,0,0
480714,2,1,0,0,0,0,0,0,0,0,0,0
480715,1,1,0,0,0,0,0,0,0,0,0,0
480715,2,1,0,16,43,0,0,0,26,0,38,16
480716,1,1,7,7,7,7,7,7,7,7,7,7
480717,1,1,0,0,0,0,0,0,0,0,0,0
480718,1,1,4,4,4,4,4,4,4,4,4,4
480718,2,1,0,0,0,0,0,0,0,0,0,0
480718,3,1,0,0,5,0,0,0,0,0,0,0
480719,1,1,20,0,0,0,0,0,14,0,0,16
480719,2,1,21,0,0,0,20,0,0,0,0,13
480720,1,1,0,0,0,0,0,0,0,0,0,0
480720,2,1,0,0,0,0,0,0,0,0,0,0
480721,1,1,0,0,0,0,0,0,0,0,0,0
480721,2,1,2,2,2,2,2,2,2,2,2,2
480722,1,1,0,0,0,0,0,0,0,0,0,0
480723,1,1,8,8,8,8,8,8,8,8,8,8
480724,0,1,16,0,9,0,0,0,0,0,0,0
480724,0,2,0,0,0,0,0,0,0,0,0,0
480724,1,1,0,0,0,0,0,0,0,0,0,0
480725,1,1,0,0,0,0,0,0,0,0,0,0
480725,2,1,0,0,0,0,0,0,0,0,0,0
480726,1,1,5,5,5,5,5,5,5,5,5,5
480727,1,1,0,0,0,0,0,0,0,0,0,0
480728,1,1,0,0,0,0,0,0,0,0,0,0
480729,0,1,11,11,11,11,11,11,11,11,11,11
480729,1,1,0,0,12,0,34,0,0,0,0,16
480730,1,1,0,2,0,0,0,0,0,0,0,0
480730,2,1,0,0,0,0,18,0,0,0,0,0
480731,0,1,0,27,17,0,25,21,19,24,31,14
480731,1,1,20,0,0,34,0,0,0,6,0,0
480733,1,1,23,23,23,23,23,23,23,23,23,23
480734,0,1,22,22,22,22,22,22,22,22,22,22
480734,1,1,0,0,0,31,8,0,12,0,25,0
480735,0,1,0,0,0,0,0,0,0,0,0,0
480735,0,2,0,0,0,12,9,0,0,13,27,0
480735,1,1,5,5,5,5,5,5,5,5,5,5
480736,1,1,0,0,0,0,0,0,0,0,0,0
480737,1,1,7,7,7,7,7,7,7,7,7,7
480737,2,1,0,0,0,0,0,0,0,0,0,0
480738,1,1,0,0,0,0,0,0,0,0,0,0
480738,2,1,0,0,0,9,0,0,10,25,0,17
480739,1,1,0,0,0,0,0,0,0,0,0,0
480740,1,1,0,0,0,0,0,0,0,0,0,0
480741,1,1,0,0,0,0,0,0,16,0,0,0
480741,2,1,0,0,0,0,0,0,0,0,0,0
480742,1,1,17,17,17,17,17,17,17,17,17,17
480743,1,1,12,0,0,0,0,0,0,21,15,0
480744,0,1,0,0,0,11,0,0,0,0,0,12
480744,1,1,7,0,20,0,0,14,13,0,12,0
480745,1,1,14,14,14,14,14,14,14,14,14,14
480745,2,1,0,0,0,13,0,0,0,0,0,0
480746,1,1,12,12,12,12,12,12,12,12,12,12
480747,1,1,0,0,0,0,0,0,0,0,0,0
480747,2,1,0,0,0,0,0,0,0,0,0,0
480747,3,1,19,0,0,0,0,0,0,0,0,21
480747,4,1,4,20,0,0,0,0,17,11,8,0
480748,0,1,0,12,0,9,0,20,0,0,0,39
480748,1,1,0,0,15,13,0,4,7,0,0,28
480749,1,1,0,0,0,0,0,0,0,0,0,0
480750,0,1,24,0,0,0,0,23,11,0,0,13
480750,1,1,23,23,23,23,23,23,23,23,23,23
480751,1,1,0,19,7,10,0,0,0,9,19,0
480752,1,1,0,0,0,0,0,0,0,0,0,0
480753,1,1,0,0,0,0,0,0,0,0,0,0
480753,2,1,0,0,0,18,0,0,15,0,0,32
480754,1,1,15,15,15,15,15,15,15,15,15,15
480754,2,1,38,0,0,15,0,0,0,0,0,28
480755,1,1,0,0,0,0,0,0,0,0,0,0
480755,2,1,6,6,6,6,6,6,6,6,6,6
480755,3,1,10,0,0,0,0,0,26,22,12,19
480756,1,1,5,5,5,5,5,5,5,5,5,5
480757,1,1,20,20,20,20,20,20,20,20,20,20
480757,2,1,0,0,0,0,0,0,0,0,0,0
480758,1,1,0,0,0,0,0,0,0,0,0,0
480758,2,1,0,0,17,0,0,0,0,0,0,0
480759,0,1,0,0,0,0,0,0,0,0,0,0
480759,0,2,8,0,8,0,9,17,0,27,0,0
480759,1,1,0,0,25,18,0,0,24,0,0,13
480760,0,1,15,15,0,0,0,5,22,16,10,0
480760,1,1,0,0,0,0,0,0,0,0,0,0
480760,2,1,2,2,2,2,2,2,2,2,2,2
480760,3,1,0,0,0,0,0,0,23,0,0,0
480761,1,1,24,24,24,24,24,24,24,24,24,24
480762,1,1,0,0,0,0,0,0,0,0,0,0
480763,0,1,19,19,19,19,19,19,19,19,19,19
480763,1,1,8,0,18,16,25,0,0,0,19,0
480764,1,1,0,0,0,0,0,0,0,0,0,0
480765,1,1,0,0,0,14,20,0,0,0,0,0
480766,1,1,0,37,0,19,23,19,25,21,0,13
480767,0,1,0,0,15,12,0,0,0,0,0,19
480767,1,1,0,12,9,12,0,27,16,0,9,16
480768,1,1,9,30,15,0,20,27,20,11,0,24
480769,1,1,14,10,11,10,21,12,0,17,23,17
480770,0,1,0,0,0,0,0,0,4,0,13,7
480770,1,1,0,0,0,0,0,10,0,0,14,0
480771,1,1,0,0,8,0,0,14,0,0,4,0
480771,2,1,0,15,0,11,12,0,27,13,0,0
480772,0,1,0,0,0,0,14,0,0,0,0,6
480772,0,2,0,0,0,0,0,0,0,0,0,0
480772,0,3,16,0,0,0,0,0,0,0,0,15
480772,1,1,0,0,0,0,0,0,0,0,0,0
480773,1,1,0,0,0,0,0,0,0,0,0,0
480773,2,1,0,0,0,13,0,0,0,0,0,0
480774,0,1,26,26,26,26,26,26,26,26,26,26
480774,1,1,0,7,0,0,0,0,16,0,13,8
480775,1,1,9,9,9,9,9,9,9,9,9,9
480776,1,1,30,30,30,30,30,30,30,30,30,30
480777,1,1,0,0,0,0,0,0,0,0,0,0
480777,2,1,0,0,0,0,0,8,0,0,14,12
480778,1,1,0,0,12,9,0,5,11,0,17,11
480778,2,1,0,0,0,0,0,24,0,0,13,23
480779,1,1,14,14,14,14,14,14,14,14,14,14
480780,1,1,1,1,1,1,1,1,1,1,1,1
480782,1,1,19,19,19,19,19,19,19,19,19,19
480782,2,1,3,3,3,3,3,3,3,3,3,3
480783,1,1,16,17,28,0,0,0,0,0,0,0
480785,0,1,17,29,19,0,21,21,0,15,0,9
480785,1,1,0,0,0,31,0,0,16,0,22,0
480786,1,1,15,15,15,15,15,15,15,15,15,15
480787,1,1,0,0,0,0,0,0,0,0,0,0
480787,2,1,0,0,0,0,0,0,0,0,0,0
480788,1,1,0,0,0,0,0,0,0,0,0,0
480789,1,1,0,0,0,0,0,0,0,0,0,0
480790,0,1,0,0,0,0,0,0,0,0,0,0
480790,0,2,0,23,0,23,13,0,29,0,0,20
480790,1,1,11,11,11,11,11,11,11,11,11,11
480791,1,1,21,0,0,11,0,0,0,0,0,0
480792,1,1,20,20,20,20,20,20,20,20,20,20
480793,1,1,0,0,0,0,0,0,0,0,0,0
480794,1,1,7,7,7,7,7,7,7,7,7,7
480795,1,1,0,0,0,0,30,0,0,23,0,0
480795,2,1,0,0,0,0,0,0,0,0,0,0
480796,1,1,10,8,0,0,18,0,0,0,0,0
480796,2,1,0,26,0,0,0,0,0,0,0,0
480796,3,1,0,0,40,0,0,0,0,0,0,0
480797,1,1,0,0,0,0,0,0,0,6,0,0
480797,3,1,0,0,0,8,0,0,0,11,0,7
480798,1,1,8,8,8,8,8,8,8,8,8,8
480798,2,1,21,21,21,21,21,21,21,21,21,21
480799,1,1,36,36,36,36,36,36,36,36,36,36
480800,1,1,16,16,16,16,16,16,16,16,16,16
480801,1,1,15,15,15,15,15,15,15,15,15,15
480801,2,1,0,0,0,0,24,0,20,0,0,0
480802,1,1,18,18,18,18,18,18,18,18,18,18
480802,2,1,0,4,0,0,0,0,0,0,0,0
480803,1,1,0,0,0,0,0,0,0,0,0,0
480803,2,1,0,0,17,0,0,0,17,0,0,0
480803,3,1,0,0,0,14,0,0,30,0,0,28
480803,4,1,14,0,0,0,0,0,16,0,0,0
480804,1,1,0,0,0,0,0,0,0,0,0,0
480804,2,1,17,13,7,0,0,0,3,13,0,19
480805,1,1,0,0,0,0,0,0,0,0,0,0
480805,2,1,17,26,0,0,0,34,31,0,0,11
480806,1,1,7,0,19,24,0,0,0,0,0,6
480807,1,1,26,26,26,26,26,26,26,26,26,26
480807,2,1,0,0,0,0,0,0,9,0,13,0
480808,1,1,7,7,7,7,7,7,7,7,7,7
480808,2,1,0,0,0,0,0,0,0,0,0,0
480809,0,1,14,0,0,0,15,0,0,13,0,0
480809,0,2,0,26,20,0,14,12,24,9,0,0
480809,1,1,14,14,14,14,14,14,14,14,14,14
480810,1,1,0,0,18,0,0,0,0,0,0,0
480810,2,1,0,0,9,0,0,0,0,0,0,25
480810,3,1,16,0,0,0,0,0,0,11,0,0
480810,4,1,0,0,0,0,14,0,0,0,0,0
480811,1,1,16,16,16,16,16,16,16,16,16,16
480812,1,1,0,0,0,0,0,0,0,0,0,0
480812,2,1,0,0,0,0,0,0,0,0,0,0
480813,1,1,0,0,0,0,0,0,0,0,0,0
480813,2,1,0,0,0,0,0,0,0,0,0,0
480814,1,1,0,0,0,0,0,0,0,0,0,0
480814,2,1,0,0,0,0,0,0,0,0,0,0
480815,1,1,0,0,0,0,0,0,0,0,0,0
480815,2,1,20,0,0,15,0,0,0,0,24,0
480816,1,1,21,21,0,7,12,0,10,9,10,0
480817,0,1,0,0,7,0,0,0,0,0,0,0
480817,1,1,0,0,0,0,0,11,0,0,0,0
480818,1,1,17,17,17,17,17,17,17,17,17,17
480819,0,1,14,14,14,14,14,14,14,14,14,14
480819,1,1,0,31,20,0,0,0,0,0,0,0
480820,1,1,10,0,0,0,0,0,0,0,0,0
480820,2,1,20,0,0,0,6,32,26,0,0,0
480820,3,1,0,0,15,0,0,8,0,20,0,0
480821,1,1,19,19,19,19,19,19,19,19,19,19
480822,1,1,0,0,0,0,0,10,6,0,0,0
480824,1,1,19,19,19,19,19,19,19,19,19,19
480824,2,1,7,8,17,0,21,0,0,0,0,0
480825,0,1,0,0,0,0,0,0,0,0,0,0
480825,1,1,0,0,0,0,0,0,0,0,0,0
480826,1,1,19,19,19,19,19,19,19,19,19,19
480826,2,1,0,0,12,0,26,0,0,0,0,0
480827,1,1,0,0,0,0,0,0,5,0,0,19
480827,2,1,0,0,0,0,0,0,0,0,0,0
480828,1,1,0,0,0,0,0,0,0,0,0,0
480828,2,1,0,0,0,0,0,0,0,0,0,0
480829,1,1,0,0,0,0,0,0,0,0,0,0
480829,2,1,0,0,0,0,0,0,0,0,0,0
480830,1,1,0,0,0,0,0,0,0,0,0,0
480830,2,1,0,0,0,0,0,0,0,0,0,0
480830,3,1,0,0,0,0,0,0,0,0,0,0
480831,1,1,23,14,31,26,0,10,0,0,15,0
480832,1,1,19,19,19,19,19,19,19,19,19,19
480832,2,1,0,0,0,20,13,22,0,11,0,0
480833,0,1,13,13,13,13,13,13,13,13,13,13
480833,0,2,6,6,6,6,6,6,6,6,6,6
480833,1,1,0,0,0,0,0,27,0,24,0,0
480834,1,1,0,0,0,0,0,0,0,0,0,0
480834,2,1,0,18,0,0,0,0,0,0,18,0
480835,1,1,4,11,0,0,5,0,10,0,20,24
480836,1,1,21,19,33,7,13,0,0,24,13,0
480837,0,1,0,15,0,0,0,0,26,0,0,35
480837,1,1,0,0,10,0,5,0,0,7,0,0
480838,1,1,0,0,0,0,0,0,0,0,0,0
480838,2,1,0,0,0,0,0,0,0,0,0,0
480839,1,1,0,0,0,0,0,0,0,0,0,0
480839,2,1,0,0,0,0,0,0,0,0,0,0
480840,1,1,17,17,17,17,17,17,17,17,17,17
480840,2,1,4,0,0,0,19,0,0,0,0,0
480841,1,1,0,0,0,0,0,0,0,0,0,0
480842,1,1,0,0,0,0,0,0,0,0,0,0
480842,2,1,0,0,0,0,0,0,0,0,0,0
480843,1,1,0,0,0,0,0,0,0,0,0,0
480843,2,1,0,0,0,0,0,0,0,0,0,0
480843,3,1,0,13,0,0,10,0,0,0,0,0
480844,0,1,31,31,31,31,31,31,31,31,31,31
480844,1,1,0,0,0,0,0,0,0,0,0,0
480845,0,1,26,26,26,26,26,26,26,26,26,26
480845,1,1,15,7,15,0,0,0,0,0,28,0
480846,0,1,35,35,35,35,35,35,35,35,35,35
480846,1,1,0,12,4,0,0,0,0,0,0,0
480847,1,1,0,0,0,0,0,5,0,0,0,0
480848,1,1,14,14,14,14,14,14,14,14,14,14
480848,2,1,0,0,0,0,0,0,0,0,0,0
480849,1,1,17,17,17,17,17,17,17,17,17,17
480849,2,1,22,0,11,0,0,0,0,0,0,0
480850,1,1,0,0,0,0,0,0,0,0,0,0
480852,1,1,0,0,0,0,0,0,0,0,0,20
480853,0,1,0,0,0,8,0,20,28,0,0,0
480853,1,1,0,0,0,0,8,0,0,0,16,0
480853,2,1,0,0,17,0,0,0,0,0,0,0
480853,3,1,0,0,0,0,0,0,0,0,0,0
480853,4,1,0,0,0,0,0,0,0,9,0,0
480853,5,1,0,21,0,0,0,0,19,0,0,0
480853,6,1,0,8,9,16,0,0,0,0,0,0
480853,7,1,0,0,0,0,0,0,17,0,0,0
480853,8,1,11,0,0,0,0,4,0,0,0,0
480854,1,1,0,0,0,0,0,0,0,0,0,7
480854,2,1,4,18,0,0,0,0,0,0,18,21
480855,0,1,0,0,0,0,0,0,0,0,0,0
480855,1,1,0,0,0,0,0,0,0,7,16,23
480856,1,1,0,0,0,11,0,0,0,0,0,7
480856,2,1,0,0,0,0,0,0,0,0,0,16
480857,0,1,33,33,33,33,33,33,33,33,33,33
480857,1,1,25,39,0,0,0,0,0,17,11,28
480858,1,1,16,16,16,16,16,16,16,16,16,16
480859,1,1,0,0,0,0,0,0,0,0,0,0
480859,2,1,0,0,0,0,0,0,0,0,0,0
480860,1,1,0,25,0,0,0,14,0,0,0,0
480860,2,1,0,0,0,0,0,23,0,0,0,0
480861,1,1,12,12,12,12,12,12,12,12,12,12
480862,1,1,11,11,11,11,11,11,11,11,11,11
480863,1,1,0,0,30,0,0,0,0,0,0,0
480863,2,1,0,0,5,0,0,12,0,12,39,0
480863,3,1,0,0,0,0,0,0,0,0,0,0
480863,4,1,10,0,13,0,0,16,17,20,10,0
480864,1,1,27,0,0,0,0,5,0,0,0,0
480864,2,1,0,20,0,0,18,0,0,0,0,0
480865,1,1,20,20,20,20,20,20,20,20,20,20
480866,0,1,13,0,0,23,0,0,19,0,0,21
480866,1,1,14,16,0,0,0,32,0,0,12,0
480867,1,1,25,25,25,25,25,25,25,25,25,25
480868,1,1,0,19,13,0,0,0,0,0,0,0
480868,2,1,0,0,0,0,0,0,0,0,0,0
480869,0,1,31,31,31,31,31,31,31,31,31,31
480869,1,1,0,15,0,0,0,0,0,0,0,0
480870,1,1,36,36,36,36,36,36,36,36,36,36
480870,2,1,0,0,0,0,0,0,0,0,0,0
480871,0,1,0,0,0,0,0,0,0,0,0,0
480871,1,1,0,0,0,0,0,0,13,0,0,0
480872,0,1,18,15,0,0,0,0,0,23,0,24
480872,1,1,0,0,0,0,0,0,0,0,0,0
480873,1,1,0,15,16,0,0,0,40,0,0,0
480874,1,1,5,5,5,5,5,5,5,5,5,5
480874,2,1,0,0,0,0,0,0,0,0,0,0
480875,1,1,15,15,15,15,15,15,15,15,15,15
480876,1,1,0,0,0,0,0,0,0,0,0,0
480876,2,1,0,0,0,0,0,0,0,0,0,0
480877,1,1,8,8,8,8,8,8,8,8,8,8
480878,1,1,0,0,0,22,28,28,0,0,22,18
480878,2,1,0,0,0,43,0,0,0,0,0,0
480879,0,1,24,24,24,24,24,24,24,24,24,24
480879,1,1,0,0,0,0,0,0,0,0,0,0
480880,1,1,0,0,0,0,0,18,0,0,0,0
480880,2,1,0,0,0,0,0,0,0,0,0,0
480880,3,1,0,18,0,0,0,0,0,21,0,0
480881,1,1,2,2,2,2,2,2,2,2,2,2
480881,2,1,3,0,0,0,0,0,0,39,0,0
480882,0,1,0,0,14,0,0,0,0,0,0,0
480882,1,1,0,30,20,21,15,0,0,0,0,23
480883,1,1,0,0,0,0,0,0,0,0,0,0
480884,1,1,0,0,0,0,0,0,0,0,0,0
480884,2,1,0,0,0,0,0,18,0,0,0,0
480884,3,1,0,0,0,0,0,0,0,0,0,0
480885,1,1,0,0,0,0,0,0,0,0,0,0
480885,3,1,0,0,0,0,16,0,0,0,0,0
480886,1,1,0,0,0,0,0,0,0,0,0,0
480886,2,1,0,21,0,0,7,0,0,0,0,36
480886,3,1,20,17,28,15,0,0,0,20,0,0
480887,0,1,35,35,35,35,35,35,35,35,35,35
480887,1,1,6,13,0,0,0,9,0,0,12,0
480888,0,1,0,0,18,27,0,0,31,0,22,16
480888,1,1,5,4,0,14,32,18,0,0,21,0
480889,1,1,0,0,5,0,9,0,17,0,0,0
480890,1,1,18,18,18,18,18,18,18,18,18,18
480891,1,1,0,0,0,0,0,0,0,0,0,0
480891,2,1,3,3,3,3,3,3,3,3,3,3
480892,1,1,0,0,0,13,0,0,0,0,12,17
480892,2,1,0,16,11,6,24,7,0,0,0,5
480893,1,1,0,0,0,0,0,0,0,0,0,0
480893,2,1,0,0,0,18,0,0,0,0,0,0
480894,0,1,0,0,0,0,0,0,0,0,0,0
480894,1,1,22,0,0,0,0,22,0,13,0,0
480895,1,1,14,14,14,14,14,14,14,14,14,14
480896,1,1,0,0,0,20,0,0,0,0,0,0
480896,2,1,0,0,0,0,0,5,0,0,0,0
480896,3,1,0,0,0,0,0,0,0,0,15,0
480897,1,1,0,0,0,36,0,0,16,0,7,0
480897,2,1,0,15,0,0,20,7,0,23,6,0
480898,1,1,0,0,0,0,0,0,0,0,0,0
480898,2,1,0,0,0,0,0,0,0,0,0,0
480899,1,1,0,0,0,0,0,0,0,0,0,0
480900,0,1,0,15,16,0,22,0,27,0,0,0
480900,0,2,0,0,0,0,0,0,0,0,0,0
480900,2,1,0,0,0,0,0,0,0,0,0,0
480901,0,1,13,0,0,0,0,0,0,0,0,0
480901,1,1,33,0,0,0,0,0,0,0,0,0
480902,1,1,28,0,17,0,0,0,0,0,7,0
480903,1,1,0,0,0,0,0,0,0,0,0,0
480903,2,1,0,0,0,0,0,0,0,14,0,0
480904,1,1,0,20,26,0,22,0,0,28,0,12
480905,1,1,0,0,0,0,0,0,27,0,0,0
480905,2,1,12,12,12,12,12,12,12,12,12,12
480906,1,1,0,0,0,0,0,0,0,0,0,0
480907,1,1,0,11,19,31,17,21,0,2,0,9
480908,1,1,0,0,0,0,0,0,0,0,0,0