ST_CASE,VEH_NO,PER_NO,P1,P2,P3,P4,P5,P6,P7,P8,P9,P10
481792,2,1,0,0,0,0,0,0,0,0,0,0
481793,1,1,14,14,14,14,14,14,14,14,14,14
481794,1,1,0,0,0,0,0,0,0,0,0,0
481795,1,1,0,0,0,0,0,0,0,0,0,0
481795,2,1,0,0,0,0,0,0,0,0,0,0
481796,1,1,11,11,11,11,11,11,11,11,11,11
481797,1,1,0,0,22,0,0,0,0,0,0,20
481797,2,1,0,0,0,0,5,0,0,0,0,0
481798,1,1,13,13,13,13,13,13,13,13,13,13
481799,0,1,0,16,0,8,22,9,23,0,0,25
481799,1,1,0,0,15,28,0,0,0,10,0,0
481800,1,1,0,0,6,0,0,0,0,0,0,0
481800,2,1,0,0,0,0,0,0,0,0,0,0
481801,1,1,0,0,0,0,0,22,0,14,0,0
481802,1,1,0,0,0,1,5,0,33,0,0,0
481802,2,1,0,18,24,0,0,0,0,0,14,0
481802,3,1,0,0,12,22,15,0,0,7,20,0
481803,1,1,0,0,0,0,0,0,0,0,0,0
481803,2,1,0,0,13,3,0,0,19,0,0,12
481805,1,1,4,4,4,4,4,4,4,4,4,4
481806,1,1,0,0,0,0,0,0,0,0,0,0
481806,2,1,0,0,0,0,0,0,0,0,0,0
481807,0,1,23,0,0,0,0,40,15,23,0,23
481807,1,1,9,9,9,9,9,9,9,9,9,9
481808,1,1,0,0,0,0,0,0,0,0,0,0
481808,2,1,0,0,0,0,8,0,0,0,0,0
481809,1,1,11,11,11,11,11,11,11,11,11,11
481810,1,1,0,0,10,0,0,0,15,0,0,0
481810,2,1,0,0,0,0,0,3,0,0,0,0
481811,1,1,0,0,0,0,0,0,0,0,0,0
481812,1,1,0,0,0,0,0,0,0,0,0,0
481812,2,1,0,0,0,0,0,0,0,0,0,0
481813,0,1,27,0,0,18,0,0,36,8,0,0
481813,1,1,0,0,0,0,0,0,0,0,24,0
481814,1,1,12,12,12,12,12,12,12,12,12,12
481814,2,1,0,0,15,23,11,0,0,0,0,30
481815,1,1,0,0,0,0,0,0,0,0,0,0
481815,2,1,0,29,12,15,49,0,0,16,6,0
481816,1,1,16,16,16,16,16,16,16,16,16,16
481817,1,1,0,0,0,0,0,0,0,0,0,0
481818,1,1,10,10,10,10,10,10,10,10,10,10
481818,2,1,16,0,0,0,0,0,0,0,12,0
481819,1,1,0,0,0,0,0,0,0,0,0,0
481819,2,1,18,18,18,18,18,18,18,18,18,18
481820,1,1,34,0,11,0,0,0,16,27,0,0
481821,1,1,0,31,0,19,0,25,10,10,0,0
481822,1,1,0,0,0,0,0,0,50,0,0,0
481822,2,1,0,0,0,0,0,0,0,0,9,0
481822,3,1,0,0,0,0,0,0,0,0,0,21
481823,1,1,24,24,24,24,24,24,24,24,24,24
481824,1,1,0,0,0,0,0,0,0,0,0,0
481824,2,1,0,0,0,0,0,0,0,0,0,0
481825,1,1,0,17,0,0,14,0,36,0,0,0
481826,1,1,23,0,17,22,0,0,0,0,0,0
481827,1,1,7,0,0,16,0,0,19,0,0,0
481827,2,1,12,7,0,0,40,8,8,0,0,0
481828,1,1,0,0,8,0,0,0,0,0,0,11
481828,2,1,0,0,0,26,0,0,0,0,0,0
481829,1,1,0,0,0,0,0,0,0,0,27,0
481830,1,1,0,0,0,0,0,0,0,0,0,0
481830,2,1,0,0,8,0,0,0,0,0,0,0
481831,1,1,15,0,15,0,0,0,15,0,0,0
481831,2,1,0,0,0,0,0,0,0,0,0,0
481831,3,1,0,0,0,0,0,0,0,0,6,14
481831,4,1,8,0,13,10,0,0,0,5,13,0
481831,5,1,0,0,12,0,0,0,0,19,0,0
481831,6,1,0,0,0,0,0,12,0,16,0,0
481831,7,1,0,0,25,0,14,18,0,0,18,0
481832,1,1,0,0,0,0,0,0,0,0,0,0
481832,2,1,0,2,16,0,0,14,0,14,5,0
481833,1,1,0,0,0,0,0,0,0,0,0,0
481833,2,1,0,0,0,0,0,9,22,0,0,14
481833,3,1,0,0,0,0,19,0,0,0,0,0
481833,4,1,0,0,0,0,0,0,0,0,0,0
481833,5,1,0,0,0,0,0,0,0,0,0,0
481834,1,1,24,9,0,0,27,9,0,18,16,13
481835,1,1,0,0,23,0,16,18,16,9,23,18
481836,1,1,0,0,0,0,0,0,0,0,0,0
481836,2,1,21,21,21,21,21,21,21,21,21,21
481837,1,1,10,10,10,10,10,10,10,10,10,10
481838,1,1,0,0,0,0,0,0,0,0,0,12
481838,2,1,0,0,0,0,0,0,0,0,0,0
481839,1,1,0,0,0,0,0,0,0,21,0,0
481839,2,1,4,0,14,13,0,5,20,0,0,0
481840,0,1,0,0,0,0,17,0,0,18,0,28
481840,1,1,0,0,0,0,0,0,0,0,23,20
481841,1,1,6,6,6,6,6,6,6,6,6,6
481841,2,1,0,0,0,0,0,0,0,0,0,12
481842,1,1,0,0,0,0,0,0,0,0,0,0
481843,1,1,0,0,0,0,0,0,22,15,0,0
481843,2,1,0,0,0,0,0,0,0,14,0,0
481844,1,1,0,0,0,0,0,0,0,0,0,0
481844,2,1,0,0,0,0,0,0,0,0,0,0
481846,1,1,0,0,0,0,0,0,0,0,0,0
481846,2,1,0,0,0,0,0,0,0,0,0,0
481847,1,1,0,0,0,0,3,0,0,0,0,12
481848,1,1,24,6,0,0,0,0,0,0,0,0
481849,1,1,0,23,31,0,12,0,8,15,0,25
481850,1,1,0,8,0,0,20,2,10,28,12,0
481850,2,1,0,0,0,0,0,0,0,0,0,21
481851,1,1,0,0,0,0,0,0,0,0,0,0
481851,2,1,0,0,0,0,0,0,0,0,0,0
481852,1,1,16,16,16,16,16,16,16,16,16,16
481852,2,1,0,0,0,0,0,0,0,0,0,0
481853,1,1,16,16,16,16,16,16,16,16,16,16
481854,0,1,16,16,16,16,16,16,16,16,16,16
481854,0,2,16,16,16,16,16,16,16,16,16,16
481854,0,3,6,6,6,6,6,6,6,6,6,6
481854,0,4,13,13,13,13,13,13,13,13,13,13
481854,0,5,17,0,21,5,49,12,15,16,0,0
481854,1,1,0,0,0,0,0,0,0,0,0,0
481855,1,1,0,0,0,0,0,0,0,0,0,0
481856,1,1,0,22,0,0,0,0,0,0,0,0
481857,0,1,0,0,0,0,0,0,0,0,0,0
481857,1,1,0,0,0,0,0,0,0,0,0,0
481858,1,1,5,5,5,5,5,5,5,5,5,5
481859,1,1,0,0,0,0,0,0,0,0,0,0
481859,2,1,0,0,0,0,0,0,0,0,0,0
481860,1,1,0,0,0,0,0,0,0,0,0,0
481860,2,1,0,0,0,0,0,0,0,0,0,0
481861,0,1,0,0,0,0,0,0,0,0,0,0
481861,1,1,0,0,0,0,0,0,0,0,0,0
481862,1,1,0,0,20,0,0,0,0,0,0,0
481862,2,1,0,0,0,0,0,0,0,0,0,0
481863,1,1,0,0,0,0,0,0,0,0,12,0
481864,0,1,0,0,0,0,0,0,0,0,0,0
481864,1,1,0,26,0,0,0,0,0,0,0,0
481865,1,1,5,5,5,5,5,5,5,5,5,5
481865,2,1,0,0,0,0,0,0,11,0,0,0
481866,0,1,0,0,0,0,0,0,0,0,0,0
481866,1,1,0,0,0,0,0,0,0,0,0,8
481867,1,1,0,0,0,14,0,0,0,0,23,21
481867,2,1,0,0,0,0,0,0,0,0,0,0
481867,3,1,0,0,0,0,0,12,0,0,0,0
481867,4,1,0,15,0,0,0,0,0,0,17,0
481868,0,1,0,0,0,0,0,0,0,0,0,0
481868,1,1,0,15,31,12,16,0,0,0,14,0
481869,1,1,19,7,18,15,20,32,13,0,16,13
481870,1,1,0,0,0,0,17,26,13,15,24,5
481871,1,1,0,0,0,0,0,0,0,0,0,0
481872,0,1,0,0,21,0,37,0,0,19,0,0
481872,1,1,14,19,18,25,0,18,0,18,16,0
481873,1,1,10,13,17,15,0,0,10,0,0,6
481873,2,1,0,0,22,17,0,17,0,0,0,0
481874,1,1,0,0,0,0,0,0,0,0,0,0
481875,1,1,0,0,0,0,0,0,0,0,0,0
481875,2,1,0,0,0,4,0,0,0,0,0,6
481876,0,1,14,14,14,14,14,14,14,14,14,14
481876,0,2,0,0,0,0,0,0,0,0,0,0
481876,1,1,17,0,9,14,0,13,14,15,17,10
481877,1,1,0,0,0,0,0,0,0,0,0,0
481878,1,1,0,0,0,0,0,0,0,0,0,0
481878,2,1,0,0,0,19,11,0,0,0,0,0
481878,3,1,0,0,0,5,10,0,0,0,0,0
481879,1,1,15,15,15,15,15,15,15,15,15,15
481880,1,1,0,0,0,0,0,0,0,0,0,10
481880,2,1,0,0,0,0,0,0,0,0,0,0
481881,1,1,0,0,0,0,0,0,0,0,0,0
481881,2,1,0,9,0,0,0,0,0,0,0,0
481882,1,1,12,12,12,12,12,12,12,12,12,12
481883,1,1,0,48,20,0,0,0,0,0,0,0
481883,2,1,0,0,0,0,0,0,0,0,0,0
481884,1,1,27,40,0,0,0,0,10,20,0,0
481885,1,1,0,0,0,0,0,0,0,0,0,0
481885,2,1,0,0,0,0,0,0,0,0,0,0
481885,3,1,0,0,0,0,0,0,0,8,0,0
481885,4,1,16,0,0,0,0,0,0,0,0,0
481885,5,1,0,0,0,0,0,0,0,0,0,0
481886,0,1,0,0,0,0,0,0,0,0,0,0
481886,1,1,37,8,0,0,0,10,0,0,20,0
481887,1,1,0,0,0,14,0,18,0,0,0,2
481888,1,1,0,0,0,0,0,0,0,0,0,0
481889,1,1,14,14,14,14,14,14,14,14,14,14
481890,1,1,16,16,16,16,16,16,16,16,16,16
481890,2,1,0,0,0,0,0,0,0,0,0,0
481891,1,1,0,0,0,23,0,0,23,0,22,0
481892,1,1,0,0,0,0,0,0,0,0,0,0
481892,2,1,0,0,0,0,0,0,0,10,0,0
481893,0,1,0,0,45,0,0,0,6,0,0,0
481893,1,1,2,2,2,2,2,2,2,2,2,2
481894,1,1,0,0,0,0,0,0,0,0,0,0
481894,2,1,0,0,0,0,0,0,0,0,0,0
481895,1,1,0,0,0,0,0,0,0,0,0,0
481896,1,1,0,0,0,12,0,0,0,0,0,0
481897,1,1,0,0,0,0,0,0,0,0,0,0
481897,2,1,0,0,0,0,0,0,0,0,0,0
481898,1,1,26,26,26,26,26,26,26,26,26,26
481899,1,1,4,12,2,29,24,0,19,0,17,0
481900,1,1,22,22,22,22,22,22,22,22,22,22
481900,2,1,6,15,0,18,0,0,0,21,0,0
481900,3,1,0,0,19,25,26,0,0,10,0,33
481900,4,1,27,8,0,32,0,0,0,0,0,0
481900,5,1,0,0,9,0,0,0,27,24,13,15
481901,1,1,0,0,0,0,0,0,0,0,0,0
481902,1,1,10,11,0,0,16,0,0,21,21,0
481902,2,1,0,0,0,0,0,0,0,0,0,0
481903,1,1,19,0,0,0,0,18,0,7,15,26
481904,1,1,0,0,0,0,0,0,0,0,0,0
481904,2,1,0,0,15,0,0,0,0,0,0,0
481905,1,1,0,0,0,0,0,0,0,0,0,0
481905,2,1,0,3,11,10,0,0,0,0,0,0
481906,1,1,0,0,0,0,12,0,0,0,0,11
481906,2,1,0,0,0,0,0,0,0,0,0,0
481907,1,1,10,32,15,5,7,12,0,0,0,35
481908,1,1,0,0,0,21,0,0,34,31,0,0
481909,1,1,0,0,0,16,0,0,0,0,0,0
481909,2,1,0,0,0,0,0,2,0,0,0,12
481909,3,1,0,0,0,0,0,0,0,0,0,0
481909,4,1,0,0,13,27,0,9,0,0,20,11
481910,1,1,0,0,0,0,0,0,0,0,0,0
481911,1,1,0,0,0,0,0,0,0,0,0,0
481911,2,1,0,0,0,0,0,0,39,0,42,0
481911,3,1,12,0,0,0,0,0,0,0,0,0
481911,4,1,0,0,0,0,0,0,0,14,0,0
481912,1,1,14,0,0,34,8,11,17,0,0,0
481912,2,1,0,0,18,0,18,17,8,24,0,0
481913,1,1,0,0,0,0,0,0,0,0,0,0
481913,2,1,0,0,0,0,0,0,0,0,0,0
481914,1,1,0,0,0,0,0,0,0,0,0,0
481915,1,1,13,17,9,6,8,25,11,0,11,19
481915,2,1,21,7,17,0,0,17,21,8,21,0
481916,1,1,0,0,0,19,0,0,0,0,0,0
481916,2,1,0,0,0,0,0,0,0,0,24,0
481917,1,1,0,29,26,0,0,18,22,17,18,0
481918,0,1,0,0,0,0,0,0,0,0,0,0
481918,1,1,0,0,0,14,10,0,0,0,0,0
481918,2,1,0,0,0,0,0,17,6,14,8,16
481919,0,1,0,0,0,0,0,0,0,0,0,0
481919,1,1,9,0,0,0,0,0,0,0,0,0
481920,1,1,7,7,7,7,7,7,7,7,7,7
481921,1,1,0,0,0,4,0,0,0,0,6,0
481922,1,1,14,14,14,14,14,14,14,14,14,14
481922,2,1,22,22,22,22,22,22,22,22,22,22
481923,1,1,5,5,5,5,5,5,5,5,5,5
481924,1,1,0,0,0,0,0,0,0,0,0,0
481924,2,1,19,19,19,19,19,19,19,19,19,19
481925,1,1,15,12,5,13,5,11,25,12,10,15
481926,1,1,1,1,1,1,1,1,1,1,1,1
481926,2,1,0,0,0,0,0,0,0,0,0,0
481927,1,1,0,0,0,7,0,0,0,0,0,20
481927,2,1,4,0,0,10,0,0,0,0,28,0
481928,1,1,0,0,0,0,0,0,0,0,0,0
481928,2,1,0,0,0,0,0,0,0,0,0,0
481928,3,1,0,0,0,0,0,0,0,0,0,0
481929,1,1,0,0,0,0,0,0,0,0,0,0
481929,2,1,0,0,0,0,0,0,0,0,0,0
481930,1,1,0,0,0,0,11,11,0,14,0,30
481931,0,1,0,0,0,0,0,0,0,0,0,0
481931,1,1,8,0,44,14,11,0,14,63,28,28
481932,1,1,0,11,11,0,0,16,0,0,0,0
481933,1,1,0,0,0,0,0,0,0,0,0,0
481934,0,1,0,0,0,0,0,0,0,0,0,0
481934,1,1,0,0,0,9,0,0,0,0,0,0
481935,1,1,0,0,0,0,0,0,0,0,0,0
481936,1,1,0,0,4,0,0,0,0,0,0,0
481937,1,1,0,0,0,0,0,0,0,0,0,0
481938,1,1,22,22,22,22,22,22,22,22,22,22
481939,1,1,22,22,22,22,22,22,22,22,22,22
481940,1,1,17,17,17,17,17,17,17,17,17,17
481941,0,1,8,8,8,8,8,8,8,8,8,8
481941,1,1,0,0,0,0,0,0,0,0,0,0
481942,1,1,0,13,0,0,0,0,0,0,5,0
481942,2,1,0,0,0,0,0,0,25,0,0,0
481943,1,1,16,0,0,0,0,0,0,36,0,0
481944,1,1,0,0,0,0,0,0,0,0,0,0
481945,1,1,0,0,0,0,0,0,0,0,0,0
481945,2,1,0,0,0,0,0,18,0,4,0,0
481945,3,1,0,0,0,0,0,0,0,0,0,0
481946,1,1,16,16,16,16,16,16,16,16,16,16
481947,1,1,15,15,15,15,15,15,15,15,15,15
481948,1,1,19,27,0,0,27,0,15,0,21,0
481949,1,1,0,0,0,0,0,0,0,0,0,0
481950,0,1,0,0,0,0,0,0,0,0,0,0
481950,1,1,11,11,11,11,11,11,11,11,11,11
481951,1,1,24,24,24,24,24,24,24,24,24,24
481952,0,1,0,26,0,31,10,12,22,22,17,0
481952,1,1,3,11,0,9,0,0,7,0,0,20
481953,1,1,0,0,0,0,0,0,10,0,35,0
481953,2,1,0,0,24,20,0,0,6,0,0,0
481954,1,1,23,23,23,23,23,23,23,23,23,23
481954,2,1,27,0,0,9,0,0,0,0,0,0
481955,1,1,0,0,0,0,0,0,0,0,0,0
481956,1,1,0,0,0,0,0,0,0,0,0,0
481956,2,1,0,0,0,0,0,0,0,3,0,0
481957,0,1,0,0,0,0,0,0,0,0,29,0
481957,1,1,0,0,0,0,0,0,0,0,5,0
481958,1,1,0,0,0,0,8,0,0,0,0,0
481959,1,1,0,21,0,0,0,0,0,0,0,0
481959,2,1,0,0,0,0,0,0,0,0,0,0
481960,0,1,22,19,0,8,6,24,16,11,42,35
481960,1,1,0,0,0,0,0,14,0,0,0,0
481961,0,1,0,0,0,16,0,0,0,0,0,0
481961,0,2,0,0,27,0,9,0,10,0,0,0
481961,1,1,0,0,0,0,0,0,0,0,0,0
481962,0,1,0,20,0,0,0,0,0,37,0,0
481962,1,1,19,19,19,19,19,19,19,19,19,19
481963,0,1,0,0,0,0,0,0,0,0,0,0
481963,1,1,0,7,29,6,3,13,18,18,0,18
481964,1,1,37,0,18,0,0,11,0,26,24,12
481965,1,1,0,0,0,0,16,0,0,0,0,0
481965,2,1,0,0,0,0,51,0,0,0,0,0
481966,1,1,0,0,0,0,0,0,0,0,0,0
481966,2,1,0,0,0,0,0,0,0,0,11,24
481967,1,1,0,0,0,0,23,0,0,0,0,7
481967,2,1,0,0,0,0,0,0,0,0,0,0
481968,1,1,0,0,0,0,15,0,18,0,2,0
481969,1,1,0,0,0,0,0,0,0,0,0,0
481969,2,1,0,0,10,0,0,0,0,0,0,0
481970,1,1,0,8,0,0,0,18,0,0,0,0
481971,1,1,0,0,20,17,15,0,11,16,0,13
481971,2,1,0,6,23,0,7,0,0,17,0,22
481972,1,1,18,18,18,18,18,18,18,18,18,18
481973,1,1,0,0,0,0,0,0,0,0,0,0
481973,2,1,0,0,0,0,0,0,0,0,0,0
481974,0,1,35,0,0,0,0,0,0,16,0,0
481974,1,1,8,8,8,8,8,8,8,8,8,8
481975,1,1,13,13,13,13,13,13,13,13,13,13
481975,2,1,14,14,14,14,14,14,14,14,14,14
481976,0,1,0,0,12,0,0,0,0,0,9,0
481976,1,1,14,20,0,0,0,25,24,0,0,0
481977,1,1,7,17,14,0,0,11,14,0,5,25
481978,1,1,0,0,0,0,0,0,0,0,0,0
481979,1,1,29,13,28,0,14,31,0,32,4,0
481980,1,1,0,0,0,0,0,0,0,0,0,0
481981,1,1,0,0,0,0,0,0,0,0,0,0
481981,2,1,0,0,0,0,0,0,15,0,0,0
481981,3,1,0,0,0,0,0,0,0,0,0,0
481982,1,1,18,18,18,18,18,18,18,18,18,18
481983,1,1,0,11,0,13,20,20,11,11,0,0
481984,1,1,0,21,0,22,0,0,0,6,13,0
481985,1,1,17,17,17,17,17,17,17,17,17,17
481986,0,1,0,0,0,0,0,0,0,0,0,0
481986,1,1,0,0,0,0,0,0,0,0,0,0
481987,1,1,0,0,0,0,0,0,0,0,0,0
481987,2,1,14,0,0,15,0,14,0,0,16,16
481988,1,1,0,10,0,0,0,0,0,0,0,0
481988,2,1,0,0,0,0,0,0,0,0,0,0
481989,1,1,13,0,0,0,0,0,35,0,0,0
481989,2,1,10,5,7,0,20,10,25,15,7,0
481990,0,1,10,0,0,0,0,0,0,0,0,26
481990,1,1,0,0,0,0,0,0,0,0,0,0
481991,0,1,0,0,0,0,0,0,0,0,0,0
481991,1,1,0,0,0,0,46,15,0,13,15,21
481992,1,1,21,21,21,21,21,21,21,21,21,21
481992,2,1,0,0,0,0,0,0,0,0,0,0
481993,1,1,0,0,19,16,8,0,12,0,0,0
481994,1,1,23,31,14,8,16,13,8,15,17,5
481995,0,1,0,0,0,0,0,0,0,0,0,0
481995,1,1,0,0,0,0,0,0,0,0,0,0
481996,1,1,18,18,18,18,18,18,18,18,18,18
481996,2,1,2,2,2,2,2,2,2,2,2,2
481997,0,1,0,0,0,0,0,0,0,0,0,0
481997,1,1,0,0,15,0,0,0,0,0,0,16
481998,1,1,0,0,0,0,0,0,0,0,0,0
481999,0,1,0,0,0,0,0,0,0,0,0,0
481999,1,1,16,0,16,5,22,12,25,7,23,23
482000,1,1,30,26,12,19,26,10,8,21,9,0
482000,2,1,0,8,17,0,37,6,15,28,0,0
482001,1,1,20,20,20,20,20,20,20,20,20,20
482002,1,1,7,7,7,7,7,7,7,7,7,7
482003,1,1,0,0,0,0,0,0,0,0,0,0
482004,1,1,0,38,0,0,0,0,0,0,0,0
482004,2,1,0,0,22,0,0,0,0,0,0,0
482005,1,1,0,0,0,0,0,0,0,0,0,0
482005,2,1,0,18,0,0,0,0,0,0,0,0
482006,1,1,0,35,0,0,0,0,0,0,17,0
482007,0,1,0,0,11,0,0,0,15,0,13,14
482007,1,1,25,0,0,0,0,22,17,0,22,0
482008,1,1,0,0,0,0,0,0,0,0,0,0
482008,2,1,0,0,0,0,0,0,0,0,0,0
482008,3,1,0,0,0,0,0,0,9,0,0,0
482009,0,1,0,0,0,0,0,0,0,0,0,0
482009,0,2,0,0,0,0,0,0,0,0,0,0
482009,1,1,0,16,0,0,0,0,0,19,0,8
482010,1,1,0,0,0,0,0,0,0,0,0,0
482010,2,1,0,0,0,0,0,0,0,0,0,0
482010,3,1,0,0,0,0,22,0,0,0,0,0
482011,1,1,16,0,0,0,0,0,0,0,0,0
482012,1,1,0,0,0,0,0,0,0,0,0,0
482013,1,1,20,20,20,20,20,20,20,20,20,20
482014,1,1,0,0,0,0,0,0,0,0,20,0
482014,2,1,0,0,0,0,0,18,0,8,0,0
482015,0,1,0,0,22,0,16,21,55,0,0,6
482015,1,1,9,9,9,9,9,9,9,9,9,9
482016,1,1,0,0,0,0,0,0,0,0,0,0
482016,2,1,0,0,0,0,0,0,0,0,0,0
482017,1,1,0,0,0,0,0,0,0,0,0,0
482017,2,1,0,0,0,0,0,0,0,0,0,0
482018,1,1,0,0,0,0,0,0,0,0,0,0
482018,2,1,0,5,0,0,0,0,0,0,0,0
482019,1,1,20,20,20,20,20,20,20,20,20,20
482020,1,1,0,0,0,0,0,0,0,0,0,0
482020,2,1,0,0,0,0,0,0,0,0,18,0
482021,0,1,0,0,0,0,0,0,0,0,0,0
482021,0,2,9,27,0,11,2,22,0,20,0,0
482021,1,1,0,0,0,0,17,12,0,0,13,0
482022,0,1,0,0,0,0,0,0,0,0,0,0
482022,1,1,11,0,20,0,42,10,0,0,11,0
482024,1,1,0,0,0,0,0,0,0,0,0,0
482024,2,1,0,5,0,0,20,0,10,12,10,17
482025,1,1,0,12,0,0,0,0,0,0,0,0
482026,1,1,0,7,0,0,0,0,0,0,0,0
482027,0,1,0,0,0,0,0,0,0,0,0,0
482027,1,1,17,0,0,0,14,10,0,14,19,0
482028,1,1,20,0,0,12,0,16,23,0,0,16
482028,2,1,0,0,20,19,27,16,13,10,23,0
482028,3,1,18,38,0,0,19,0,17,0,11,0
482029,1,1,0,0,0,0,0,0,0,0,0,0
482030,1,1,0,0,6,0,15,0,21,29,0,3
482031,1,1,0,0,8,0,15,0,14,0,6,0
482032,1,1,0,14,0,20,0,12,14,0,16,20
482033,1,1,25,25,25,25,25,25,25,25,25,25
482034,1,1,0,0,0,0,0,0,29,0,0,34
482034,2,1,0,0,0,0,0,8,0,0,0,0
482036,0,1,0,0,0,0,0,0,0,0,16,0
482036,1,1,0,0,28,0,0,16,0,0,0,0
482037,1,1,0,0,0,0,0,0,0,0,0,0
482037,2,1,0,0,0,0,0,0,0,0,0,0
482038,0,1,21,0,0,20,27,24,0,25,20,14
482038,1,1,4,18,0,10,0,0,15,33,12,10
482039,0,1,0,0,0,0,0,0,0,0,0,0
482039,1,1,0,0,0,0,0,0,0,0,0,0
482040,0,1,0,0,0,0,0,0,0,28,0,0
482040,1,1,0,0,4,2,29,13,8,26,0,0
482041,1,1,27,6,10,22,20,11,11,27,0,21
482042,1,1,9,9,9,9,9,9,9,9,9,9
482042,2,1,0,0,0,0,0,12,0,25,0,22
482043,1,1,11,11,11,11,11,11,11,11,11,11
482043,2,1,21,0,0,0,0,19,10,30,0,19
482044,1,1,20,17,24,18,0,0,0,0,15,0
482045,1,1,0,0,12,0,0,0,0,19,0,0
482045,2,1,0,0,23,0,26,11,0,0,0,0
482046,1,1,0,0,0,0,0,17,0,0,0,18
482046,2,1,0,0,0,0,0,0,0,0,0,0
482047,1,1,0,0,0,0,0,0,0,0,0,0
482047,2,1,0,0,0,0,0,0,0,0,0,0
482048,1,1,0,0,0,0,0,0,0,0,0,0
482049,1,1,26,26,26,26,26,26,26,26,26,26
482049,2,1,0,0,21,36,14,30,0,0,14,8
482050,1,1,0,21,11,14,0,15,37,0,0,0
482051,1,1,0,0,12,10,12,27,14,8,17,39
482052,1,1,16,8,7,0,8,9,14,0,15,17
482053,0,1,21,20,18,16,43,0,0,25,20,9
482053,1,1,0,0,7,0,0,48,11,0,14,26
482054,1,1,0,0,0,0,4,0,0,0,0,0
482054,2,1,0,0,0,0,0,0,0,3,0,0
482055,1,1,4,4,4,4,4,4,4,4,4,4
482056,1,1,0,14,6,0,0,0,0,16,0,19
482056,2,1,0,0,16,0,0,0,0,0,0,10
482056,3,1,7,0,0,0,0,0,14,0,0,17
482056,4,1,0,0,0,0,0,0,0,3,0,0
482057,1,1,23,23,23,23,23,23,23,23,23,23
482057,2,1,0,25,0,0,0,0,0,0,2,0
482058,1,1,0,0,0,0,0,0,0,0,0,0
482059,1,1,28,28,28,28,28,28,28,28,28,28
482060,0,1,11,11,11,11,11,11,11,11,11,11
482060,1,1,1,0,0,0,0,0,15,0,0,9
482061,1,1,0,0,0,0,0,0,0,0,0,0
482061,2,1,12,12,12,12,12,12,12,12,12,12
482062,1,1,0,8,0,26,23,39,0,0,24,0
482063,1,1,7,7,7,7,7,7,7,7,7,7
482063,2,1,5,16,2,14,14,0,22,4,9,14
482064,1,1,0,15,0,0,0,25,0,0,0,0
482064,2,1,23,0,0,0,0,0,0,0,0,0
482065,0,1,0,0,0,32,0,0,0,0,0,0
482065,0,2,0,0,0,0,0,0,0,0,0,0
482065,1,1,0,0,0,0,0,0,0,0,0,0
482066,0,1,7,7,7,7,7,7,7,7,7,7
482066,1,1,0,6,16,0,6,0,11,16,25,8
482067,1,1,8,0,0,0,0,0,0,12,0,0
482067,2,1,0,0,0,0,0,0,0,0,8,0
482067,3,1,0,0,0,8,0,0,3,0,18,22
482068,0,1,0,0,0,18,0,0,0,0,0,0
482068,0,2,0,0,11,0,0,0,0,0,13,0
482068,1,1,0,0,0,12,0,16,0,0,0,0
482069,1,1,0,0,0,0,0,0,51,0,0,0
482070,0,1,0,0,0,0,0,0,0,0,0,0
482070,1,1,0,0,0,0,0,0,0,0,0,0
482071,1,1,0,0,0,0,0,0,0,0,0,0
482071,2,1,0,0,0,0,0,0,0,0,0,0
482072,1,1,0,0,11,0,13,0,0,0,14,0
482072,2,1,20,20,20,20,20,20,20,20,20,20
482073,1,1,0,0,0,0,0,0,0,7,0,17
482073,2,1,0,0,0,0,0,0,0,0,2,0
482074,1,1,0,0,0,0,0,0,0,0,0,0
482074,2,1,19,19,19,19,19,19,19,19,19,19
482074,3,1,0,0,0,0,0,0,0,0,0,0
482075,1,1,0,0,0,0,0,0,0,23,0,0
482075,2,1,0,0,13,0,0,0,29,11,0,8
482076,0,1,0,0,0,0,0,0,0,0,0,0
482076,2,1,12,34,3,0,0,0,14,0,9,0
482077,1,1,0,0,0,0,0,0,0,0,0,0
482078,0,1,0,30,24,0,0,28,0,0,0,0
482078,1,1,13,7,0,0,0,0,0,14,0,0
482079,1,1,11,35,19,24,16,14,24,8,17,14
482080,1,1,0,0,0,0,16,0,0,0,0,16
482080,2,1,0,0,13,0,0,0,0,0,0,0
482081,1,1,13,13,13,13,13,13,13,13,13,13
482082,1,1,13,13,13,13,13,13,13,13,13,13
482083,1,1,0,0,0,0,0,0,0,0,0,0
482083,2,1,0,0,0,0,0,0,0,12,0,0
482084,1,1,0,14,3,0,0,9,0,0,0,18
482085,1,1,0,0,0,0,0,0,0,0,0,0
482085,2,1,0,0,0,0,0,0,7,0,0,0
482086,1,1,0,12,0,0,0,0,0,0,11,0
482086,2,1,4,4,4,4,4,4,4,4,4,4