ST_CASE,VEH_NO,PER_NO,P1,P2,P3,P4,P5,P6,P7,P8,P9,P10
550340,1,1,17,17,17,17,17,17,17,17,17,17
550341,1,1,0,0,0,0,0,0,0,0,19,0
550341,2,1,0,0,0,0,0,0,16,0,0,15
550342,1,1,0,0,0,0,0,0,0,0,0,0
550342,2,1,0,0,0,0,0,0,0,0,0,0
550342,3,1,0,0,0,0,0,0,0,0,0,0
550342,4,1,0,0,0,0,0,0,0,0,0,0
550343,1,1,0,0,0,0,0,0,0,0,0,0
550344,1,1,0,0,0,0,0,0,0,0,0,0
550345,1,1,23,23,23,23,23,23,23,23,23,23
550346,1,1,0,0,0,0,0,0,0,0,0,0
550346,2,1,0,0,0,0,0,0,0,0,0,0
550346,3,1,0,0,0,0,0,0,0,0,0,0
550347,1,1,0,0,0,0,0,0,0,0,0,0
550347,2,1,0,0,0,0,0,0,0,0,0,3
550348,1,1,0,0,0,0,0,0,0,0,0,0
550348,2,1,0,0,0,0,0,0,0,0,0,0
550348,3,1,0,0,0,0,0,0,0,0,0,0
550349,1,1,0,0,0,0,0,0,0,0,0,0
550349,2,1,0,0,0,0,0,0,0,0,0,0
550349,3,1,0,0,0,0,0,0,0,0,0,0
550350,1,1,21,21,21,21,21,21,21,21,21,21
550351,1,1,0,0,0,0,0,0,0,0,0,0
550352,1,1,0,0,0,0,0,0,0,0,0,0
550353,1,1,18,18,18,18,18,18,18,18,18,18
550354,1,1,0,0,0,0,2,0,0,0,20,0
550355,1,1,0,0,0,0,0,0,0,0,0,0
550356,1,1,16,16,16,16,16,16,16,16,16,16
550357,1,1,27,27,27,27,27,27,27,27,27,27
550358,1,1,21,21,21,21,21,21,21,21,21,21
550358,2,1,0,0,0,0,0,0,0,0,0,0
550359,1,1,16,16,16,16,16,16,16,16,16,16
550360,1,1,0,0,0,0,0,0,0,0,0,0
550361,0,1,13,0,5,0,0,19,0,23,0,0
550361,1,1,0,0,0,0,0,0,0,0,0,0
550362,1,1,0,0,0,0,0,0,0,0,0,0
550363,1,1,0,0,0,12,0,0,11,0,0,0
550363,2,1,0,0,0,0,0,0,0,0,0,0
550364,1,1,0,0,0,0,0,0,0,0,0,0
550365,0,1,0,0,0,0,0,0,0,0,0,0
550365,0,2,0,0,0,0,0,0,0,0,0,0
550365,1,1,22,22,22,22,22,22,22,22,22,22
550366,1,1,14,14,14,14,14,14,14,14,14,14
550367,1,1,2,2,2,2,2,2,2,2,2,2
550368,0,1,0,0,0,0,0,0,0,0,0,0
550368,1,1,0,0,0,0,0,0,0,0,0,0
550369,1,1,17,17,17,17,17,17,17,17,17,17
550370,1,1,18,18,18,18,18,18,18,18,18,18
550371,1,1,0,0,0,0,0,0,0,0,0,0
550372,1,1,0,0,0,0,0,0,0,0,0,0
550372,2,1,0,0,0,0,0,0,0,0,0,0
550373,1,1,0,0,0,0,0,0,0,0,0,0
550374,1,1,0,0,0,0,0,0,0,0,0,0
550374,2,1,0,0,0,0,0,0,0,0,0,0
550375,1,1,0,0,0,0,0,0,0,0,0,0
550375,2,1,0,0,0,18,0,0,0,0,0,0
550376,1,1,0,0,0,0,0,0,0,0,0,0
550376,2,1,0,0,0,0,0,0,0,0,0,0
550377,0,1,0,0,0,0,0,0,0,0,0,0
550377,1,1,0,0,0,0,0,0,0,0,0,0
550378,1,1,0,0,0,0,0,0,0,0,0,0
550378,2,1,21,21,21,21,21,21,21,21,21,21
550379,1,1,1,1,1,1,1,1,1,1,1,1
550379,2,1,0,0,0,0,0,0,0,0,0,0
550380,1,1,0,0,0,0,0,0,0,0,0,0
550380,2,1,0,0,0,0,0,0,0,0,0,0
550381,1,1,23,23,23,23,23,23,23,23,23,23
550381,2,1,0,0,0,0,0,0,0,0,0,0
550382,1,1,0,0,0,0,0,0,0,0,0,0
550382,2,1,0,0,0,0,0,0,0,0,8,0
550383,1,1,0,0,0,0,0,0,0,0,0,0
550383,2,1,0,0,0,0,0,0,0,0,0,0
550384,1,1,0,0,0,0,0,0,0,0,0,0
550384,2,1,0,0,0,0,0,0,0,0,0,0
550385,1,1,0,0,0,0,0,0,0,0,0,0
550385,2,1,0,0,12,0,0,0,0,0,0,0
550386,1,1,0,0,0,0,0,0,0,0,0,0
550386,2,1,0,0,0,0,0,0,0,0,0,0
550387,1,1,2,2,2,2,2,2,2,2,2,2
550387,2,1,0,0,0,0,0,0,0,0,0,0
550388,1,1,0,0,0,0,0,0,0,0,0,0
550388,2,1,0,0,0,0,0,0,0,0,0,0
550389,1,1,0,0,0,0,0,0,0,0,0,0
550390,0,1,0,0,0,0,0,0,0,0,0,0
550390,1,1,0,0,0,0,0,0,0,0,0,0
550391,1,1,0,0,0,0,0,0,0,0,0,0
550391,2,1,0,20,0,0,0,0,0,0,0,0
550392,1,1,26,26,26,26,26,26,26,26,26,26
550393,1,1,0,0,0,0,0,0,0,0,0,0
550393,2,1,0,0,0,0,0,0,0,0,0,0
550394,1,1,0,0,0,0,0,0,0,0,0,0
550394,2,1,0,0,0,0,0,0,0,0,0,0
550395,1,1,0,0,0,0,0,13,0,0,0,0
550395,2,1,0,0,0,0,0,0,0,0,0,0
550396,1,1,2,2,2,2,2,2,2,2,2,2
550397,1,1,0,0,0,0,0,0,0,0,0,0
550398,1,1,0,0,0,0,0,0,0,0,0,0
550398,2,1,0,0,0,0,0,0,0,0,0,0
550399,1,1,19,19,19,19,19,19,19,19,19,19
550400,1,1,22,22,22,22,22,22,22,22,22,22
550401,1,1,0,0,0,0,13,0,0,0,0,0
550401,2,1,0,0,0,0,12,0,0,0,0,0
550402,1,1,0,0,0,0,0,0,0,0,0,0
550402,2,1,0,0,0,0,0,0,0,0,0,0
550403,1,1,10,10,10,10,10,10,10,10,10,10
550404,1,1,24,24,24,24,24,24,24,24,24,24
550404,2,1,7,39,9,16,3,23,3,22,15,28
550405,1,1,0,0,0,0,0,0,0,0,0,0
550405,2,1,0,0,0,0,0,0,0,0,0,0
550406,1,1,0,0,0,0,0,0,0,0,0,0
550406,2,1,0,0,0,0,0,0,0,0,0,0
550407,0,1,0,0,0,0,0,0,0,0,0,0
550407,1,1,0,0,0,0,0,0,0,0,0,0
550408,1,1,25,25,25,25,25,25,25,25,25,25
550409,0,1,7,7,7,7,7,7,7,7,7,7
550409,1,1,0,0,0,0,0,0,0,0,0,0
550410,0,1,0,0,0,0,0,0,0,0,0,0
550410,1,1,0,0,0,0,0,0,0,0,0,0
550411,1,1,0,0,0,0,0,0,0,0,0,0
550412,1,1,0,0,0,0,0,0,0,0,0,0
550412,2,1,0,0,0,0,0,0,0,0,0,0
550413,1,1,0,0,0,0,0,0,0,0,0,0
550414,1,1,0,0,0,0,0,0,0,0,0,0
550415,1,1,0,0,0,0,0,0,0,0,0,0
550416,1,1,1,1,1,1,1,1,1,1,1,1
550417,1,1,10,10,10,10,10,10,10,10,10,10
550417,2,1,0,0,0,0,0,0,0,0,0,0
550418,1,1,0,0,0,0,0,0,0,0,0,0
550418,2,1,0,0,0,0,0,0,0,0,0,0
550418,3,1,0,0,0,0,0,0,0,0,0,0
550419,1,1,28,28,28,28,28,28,28,28,28,28
550419,2,2,0,0,0,0,0,0,20,0,0,0
550420,1,1,1,1,1,1,1,1,1,1,1,1
550421,1,1,0,0,0,0,0,0,0,0,0,0
550421,2,1,0,0,0,0,0,0,0,0,0,0
550422,1,1,0,0,0,0,0,0,0,0,0,0
550422,2,1,0,0,0,0,0,0,0,29,0,0
550422,3,1,0,0,0,0,0,0,0,0,0,0
550423,1,1,0,0,0,0,0,0,0,0,0,0
550423,2,1,0,0,0,0,0,0,0,0,0,0
550424,0,1,19,19,19,19,19,19,19,19,19,19
550424,1,1,17,17,17,17,17,17,17,17,17,17
550425,1,1,20,20,20,20,20,20,20,20,20,20
550426,1,1,0,0,0,0,0,0,0,0,0,0
550426,2,1,0,0,0,0,0,0,0,0,0,0
550427,1,1,0,0,0,0,0,0,0,0,0,0
550427,2,1,0,0,0,0,4,0,0,0,0,0
550428,1,1,0,0,0,0,0,0,0,0,0,0
550428,2,1,0,0,0,0,0,0,0,0,0,0
550428,3,1,0,0,0,0,0,0,0,0,0,0
550429,1,1,0,0,0,0,0,0,0,0,0,0
550429,2,1,0,0,0,0,0,0,0,0,0,0
550430,1,1,0,0,0,0,0,0,0,0,0,0
550430,2,1,1,1,1,1,1,1,1,1,1,1
550431,1,1,0,0,0,0,0,0,0,0,0,0
550432,1,1,0,0,0,0,0,0,0,0,0,0
550433,1,1,23,23,23,23,23,23,23,23,23,23
550434,1,1,0,0,0,0,0,0,0,0,0,0
550435,1,1,4,4,4,4,4,4,4,4,4,4
550436,1,1,0,0,0,0,0,0,0,0,0,0
550437,1,1,0,0,0,0,0,0,0,0,0,0
550438,1,1,0,0,0,0,0,0,0,0,0,0
550439,1,1,0,0,0,0,0,0,0,0,0,0
550440,1,1,0,0,0,0,0,0,0,0,0,0
550441,1,1,0,0,0,0,0,0,0,0,0,0
550442,0,1,8,8,8,8,8,8,8,8,8,8
550442,1,1,13,12,0,29,0,0,12,0,17,22
550443,0,1,0,0,0,0,0,0,0,0,0,0
550443,1,1,0,0,0,0,0,0,0,0,0,0
550444,1,1,0,0,0,0,0,0,0,0,0,0
550444,2,1,0,0,0,0,0,0,0,0,0,0
550445,1,1,0,0,0,0,0,0,0,0,0,0
550445,2,1,0,0,0,0,0,0,0,0,0,0
550446,1,1,0,0,0,0,0,0,0,0,0,0
550446,2,1,0,0,0,0,0,0,0,0,0,0
550447,1,1,0,0,0,0,0,0,0,0,0,0
550447,2,1,0,0,0,0,0,0,0,0,0,0
550448,1,1,13,13,13,13,13,13,13,13,13,13
550448,2,1,0,0,0,0,0,0,0,0,0,0
550448,3,1,0,0,0,0,0,0,0,0,0,0
550449,1,1,0,0,0,0,0,0,0,0,0,0
550449,2,1,0,0,0,0,0,0,0,0,0,0
550450,1,1,0,0,0,0,0,25,0,0,0,0
550450,2,1,0,0,0,0,0,0,0,0,0,0
550450,3,1,0,0,0,0,0,10,0,0,0,0
550451,1,1,8,8,8,8,8,8,8,8,8,8
550451,2,1,15,13,20,17,10,14,11,4,11,18
550452,0,1,23,23,23,23,23,23,23,23,23,23
550452,1,1,0,0,0,0,0,0,0,0,0,0
550453,1,1,0,0,0,0,0,0,0,0,0,0
550453,2,1,0,0,0,0,0,0,0,0,0,0
550454,1,1,0,0,0,0,0,0,0,0,0,0
550454,2,1,0,0,0,0,0,0,0,0,0,0
550455,1,1,0,0,0,0,0,0,0,0,0,0
550455,2,1,0,0,0,0,0,0,0,0,0,0
550456,1,1,0,0,0,0,0,0,0,0,0,0
550456,2,1,0,0,0,0,0,0,0,0,0,0
550456,3,1,0,0,0,0,0,0,0,0,0,0
550457,1,1,0,0,0,0,0,0,0,0,0,0
550457,2,1,0,0,0,3,0,0,0,0,0,0
550458,1,1,8,0,0,0,0,0,0,0,0,0
550458,2,1,0,0,0,0,0,0,0,0,0,0
550458,3,1,0,0,0,0,0,0,20,0,0,13
550459,1,1,12,12,12,12,12,12,12,12,12,12
550459,2,1,0,0,0,0,0,0,0,0,0,0
550461,1,1,0,0,0,0,0,0,0,0,0,0
550462,1,1,21,21,21,21,21,21,21,21,21,21
550463,0,1,0,0,0,0,0,0,0,0,0,0
550463,1,1,0,0,0,0,0,0,0,0,0,0
550464,1,1,0,0,16,0,0,0,0,0,0,0
550465,0,1,4,4,4,4,4,4,4,4,4,4
550465,1,1,0,0,0,9,0,0,0,0,0,0
550466,1,1,0,0,0,0,0,0,0,0,0,0
550466,2,1,0,0,0,0,0,0,0,0,0,0
550467,1,1,14,14,14,14,14,14,14,14,14,14
550467,2,1,0,0,0,0,0,0,0,0,0,0
550468,1,1,0,0,0,0,0,0,0,0,0,0
550468,2,1,16,6,18,19,20,8,0,0,0,23
550469,1,1,15,15,15,15,15,15,15,15,15,15
550469,2,1,0,0,0,0,0,0,0,0,0,0
550470,1,1,0,0,0,0,0,0,0,0,0,0
550470,2,1,0,0,0,0,0,0,0,0,0,0
550471,1,1,0,0,0,0,0,0,0,0,0,0
550471,2,1,0,0,0,0,0,0,0,0,0,0
550472,1,1,0,0,0,0,0,0,0,0,0,0
550472,2,1,0,0,0,0,0,0,0,0,0,0
550473,0,1,32,32,32,32,32,32,32,32,32,32
550473,1,1,0,0,0,0,0,0,0,0,0,0
550474,1,1,0,0,10,0,0,0,0,0,0,0
550474,2,1,0,0,0,0,0,0,0,0,0,0
550475,1,1,0,0,0,0,0,5,0,0,0,0
550475,2,1,4,4,4,4,4,4,4,4,4,4
550476,1,1,11,11,11,11,11,11,11,11,11,11
550476,2,1,0,0,0,0,0,0,0,0,0,0
550477,0,1,0,0,0,0,0,0,0,0,0,0
550477,1,1,0,0,0,0,0,0,0,0,0,0
550478,1,1,23,23,23,23,23,23,23,23,23,23
550479,1,1,0,0,0,0,0,0,0,0,0,0
550479,2,1,0,0,0,0,0,0,0,0,0,0
550480,1,1,0,0,0,0,0,0,0,0,0,0
550480,2,1,0,0,0,0,0,0,0,0,0,0
550481,1,1,0,0,0,0,0,0,0,0,0,0
550481,2,1,0,0,0,0,0,0,0,0,0,0
550482,1,1,15,15,15,15,15,15,15,15,15,15
550483,1,1,0,0,0,0,0,0,0,0,0,0
550483,2,1,0,0,0,0,0,0,0,0,0,0
550484,1,1,0,0,0,0,0,0,0,0,0,0
550484,2,1,0,0,0,0,0,0,0,0,0,0
550485,0,1,16,16,16,16,16,16,16,16,16,16
550485,1,1,17,35,13,17,33,27,9,0,16,14
550486,1,1,0,0,0,0,0,0,0,0,0,0
550486,2,1,2,2,2,2,2,2,2,2,2,2
550487,1,1,28,28,28,28,28,28,28,28,28,28
550487,2,1,0,0,0,0,0,0,0,0,0,0
550488,1,1,0,0,0,0,0,0,0,0,0,0
550489,1,1,0,0,0,0,17,21,0,0,0,0
550489,2,1,0,0,20,3,0,0,0,0,0,0
550490,0,1,13,13,13,13,13,13,13,13,13,13
550490,1,1,0,0,0,0,0,0,0,0,0,0
550491,0,1,0,0,0,16,0,6,0,0,0,0
550491,1,1,0,0,0,0,0,0,0,0,0,0
550492,1,1,0,0,0,0,0,0,19,0,0,0
550493,1,1,23,23,23,23,23,23,23,23,23,23
550494,1,1,18,18,18,18,18,18,18,18,18,18
550495,1,1,1,1,1,1,1,1,1,1,1,1
550495,2,1,0,0,0,0,0,0,0,0,0,0
550496,1,1,0,0,0,0,0,0,0,0,0,0
550496,2,1,0,0,0,0,0,0,0,0,0,0
550497,1,1,0,0,0,0,0,0,0,0,0,0
550497,2,1,0,0,0,0,0,0,5,0,0,0
550498,1,1,0,0,0,0,0,0,0,0,0,0
550498,2,1,0,0,0,0,0,0,0,0,0,0
550499,1,1,0,0,0,0,0,0,0,0,0,0
550499,2,1,0,0,0,0,0,0,0,0,0,8
550500,1,1,16,2,0,0,0,4,22,0,11,8
550500,2,1,11,11,11,11,11,11,11,11,11,11
550501,1,1,24,24,24,24,24,24,24,24,24,24
550501,2,1,0,0,0,0,0,0,0,0,0,0
550502,1,1,0,0,0,0,0,0,0,0,0,0
550502,2,1,0,0,0,0,11,0,0,0,0,0
550504,0,1,0,0,0,0,0,0,0,0,0,0
550504,1,1,0,0,0,0,0,0,0,0,0,0
550505,1,1,16,16,16,16,16,16,16,16,16,16
550506,1,1,0,0,0,0,0,0,0,0,0,0
550507,1,1,0,0,0,0,0,0,0,0,0,0
550508,2,1,0,0,0,0,0,0,0,0,0,0
550508,3,1,0,0,0,0,0,0,0,0,0,0
550509,1,1,19,19,19,19,19,19,19,19,19,19
550510,1,1,0,0,0,0,0,0,0,0,0,0
550511,1,1,17,17,17,17,17,17,17,17,17,17
550512,1,1,0,0,0,0,0,0,0,0,0,0
550512,2,1,0,0,0,0,0,0,0,0,0,0
550513,1,1,0,0,0,0,15,24,0,0,0,0
550514,1,1,15,15,15,15,15,15,15,15,15,15
550515,1,1,21,15,0,26,20,11,16,25,11,0
550516,1,1,0,0,0,0,0,0,0,0,0,0
550516,2,1,0,0,0,0,0,0,0,0,0,0
550517,1,1,0,0,0,0,0,0,0,0,0,0
550517,2,1,0,0,0,0,0,0,0,0,0,13
550518,1,1,0,0,0,0,0,0,0,0,0,0
550518,2,1,0,0,0,0,0,0,0,0,0,0
550519,1,1,28,28,28,28,28,28,28,28,28,28
550520,1,1,3,3,3,3,3,3,3,3,3,3
550520,2,1,0,0,0,0,0,0,0,0,0,0
550520,3,1,0,0,0,0,0,0,0,0,0,0
550521,1,1,0,0,0,0,0,0,0,0,0,0
550522,1,1,13,13,13,13,13,13,13,13,13,13
550523,1,1,13,13,13,13,13,13,13,13,13,13
550524,1,1,0,0,0,0,0,0,0,0,0,0
550524,2,1,0,0,0,0,0,0,0,0,0,0
550525,1,1,0,0,0,0,0,0,0,0,0,0
550526,1,1,0,0,0,0,0,0,0,0,0,0
550527,1,1,5,27,38,3,24,21,17,28,34,15
550528,1,1,35,14,16,11,40,10,11,10,7,25
550529,1,1,0,0,0,0,0,0,0,0,0,0
550529,2,1,0,0,0,0,0,0,0,0,0,0
550530,0,1,0,0,0,0,0,0,0,0,0,0
550530,1,1,0,0,0,0,0,0,0,0,0,0
550531,0,1,28,0,0,0,0,0,0,6,0,0
550531,1,1,0,0,0,0,0,0,0,0,0,0
550532,1,1,0,0,0,0,0,0,0,0,0,0
550533,1,1,0,0,0,0,0,0,0,0,0,0
550533,2,1,0,0,0,0,0,0,0,0,0,0
550534,1,1,0,0,0,0,0,0,0,0,0,0
550534,2,1,0,0,0,0,0,0,0,0,0,0
550535,1,1,0,0,0,0,0,0,0,0,0,0
550535,2,1,0,0,0,0,0,0,0,0,0,13
550536,1,1,0,0,0,0,0,0,0,0,0,0
550536,2,1,0,0,0,0,0,0,0,0,0,0
550537,1,1,0,0,0,0,0,22,0,0,0,0
550537,2,1,0,0,0,0,0,0,0,0,0,0
550538,1,1,0,0,0,0,0,0,0,0,0,0
550538,2,1,0,0,0,0,0,0,0,0,0,0
550539,1,1,22,22,22,22,22,22,22,22,22,22
550540,1,1,0,0,0,0,0,0,0,0,0,0
550541,1,1,0,0,0,0,0,0,0,0,0,0
550542,1,1,0,0,0,0,0,0,0,0,0,0
550543,1,1,9,9,9,9,9,9,9,9,9,9
550544,0,1,0,0,0,0,0,0,0,0,0,0
550544,1,1,0,0,0,0,0,0,0,0,0,0
550545,1,1,0,0,0,0,0,0,0,0,0,0
550546,1,1,0,0,0,0,0,0,0,0,0,15
550547,1,1,0,0,0,0,0,0,0,0,0,0
550548,1,1,0,0,0,0,0,0,0,0,0,0
550548,2,1,0,0,0,0,0,0,0,0,0,0
550549,1,1,21,0,11,22,0,11,26,15,21,7
550550,1,1,27,27,27,27,27,27,27,27,27,27
550551,1,1,20,20,20,20,20,20,20,20,20,20
550552,1,1,9,0,0,26,0,0,18,0,18,0
550553,1,1,11,11,11,11,11,11,11,11,11,11
550554,1,1,4,4,4,4,4,4,4,4,4,4
550555,1,1,8,26,22,0,19,15,24,4,19,0
550556,1,1,0,0,0,0,19,0,0,0,0,0
550557,1,1,15,0,10,16,0,16,14,25,27,34
550558,1,1,16,25,15,15,22,29,37,12,14,28
550559,1,1,25,25,25,25,25,25,25,25,25,25
550560,1,1,4,17,19,6,15,0,16,0,16,25
550561,1,1,0,0,0,0,0,0,0,0,0,0
560001,1,1,37,37,37,37,37,37,37,37,37,37
560002,1,1,0,0,0,0,0,0,0,0,0,0
560002,2,1,14,15,25,15,16,22,0,28,21,0
560003,1,1,16,16,16,16,16,16,16,16,16,16
560003,2,1,0,0,0,0,0,0,0,0,0,0
560004,1,1,0,0,0,0,0,22,0,0,0,0
560005,1,1,0,0,0,0,0,0,0,0,0,0
560005,2,1,0,0,0,0,0,0,0,0,0,0
560005,3,1,0,0,0,0,0,0,0,11,0,0
560005,4,1,0,0,0,0,0,0,0,0,0,0
560006,1,1,0,0,0,0,0,0,0,0,0,0
560006,2,1,0,0,0,0,0,15,0,21,0,0
560007,1,1,0,0,0,0,0,21,0,0,0,0
560007,2,1,0,14,0,0,0,5,0,0,0,0
560008,1,1,18,18,18,18,18,18,18,18,18,18
560009,1,1,0,0,0,0,0,0,0,0,0,0
560010,1,1,0,0,0,0,0,0,0,0,0,0
560011,1,1,14,14,14,14,14,14,14,14,14,14
560012,0,1,0,0,0,0,0,0,0,0,0,0
560012,0,2,0,0,0,0,0,0,0,0,0,0
560012,0,3,0,0,0,0,0,0,0,0,0,0
560012,0,4,0,0,0,0,0,10,0,0,0,0
560012,1,1,0,0,0,0,0,0,0,0,0,0
560013,1,1,0,0,0,0,0,0,0,0,0,0
560014,1,1,0,0,0,0,0,0,0,0,0,0
560014,2,1,0,0,0,0,0,0,0,0,0,0
560015,1,1,0,0,0,0,0,0,0,0,0,0
560015,2,1,0,0,0,0,0,0,0,9,0,0
560016,1,1,16,0,19,15,11,7,14,3,8,23
560017,1,1,15,15,15,15,15,15,15,15,15,15
560018,1,1,0,0,0,0,0,0,0,0,0,0
560018,2,1,0,0,0,0,0,11,0,0,0,0
560019,1,1,24,24,24,24,24,24,24,24,24,24
560020,1,1,0,0,0,0,0,0,0,0,0,0
560021,1,1,14,14,14,14,14,14,14,14,14,14
560022,1,1,13,13,13,13,13,13,13,13,13,13
560023,1,1,16,16,16,16,16,16,16,16,16,16
560024,1,1,16,16,16,16,16,16,16,16,16,16
560025,1,1,0,0,0,0,0,0,0,3,0,0
560025,2,1,0,0,0,0,0,0,40,0,0,0
560026,1,1,7,0,11,0,0,0,0,0,0,0
560027,1,1,0,0,0,0,0,0,0,0,0,0
560027,2,1,0,0,0,0,0,0,0,0,0,0
560027,3,1,0,0,0,0,0,0,0,0,0,0
560028,0,1,15,15,15,15,15,15,15,15,15,15
560028,1,1,0,0,0,0,0,0,0,0,0,0
560028,2,1,0,0,0,0,0,0,0,0,0,0
560029,1,1,0,0,0,0,0,0,0,0,6,0
560030,1,1,20,20,20,20,20,20,20,20,20,20
560031,1,1,0,0,0,0,0,0,0,0,0,0
560032,1,1,0,0,0,0,0,0,0,0,0,1
560032,2,1,0,0,0,0,0,0,0,0,0,0
560033,1,1,0,0,0,0,0,22,23,0,0,0
560034,1,1,8,8,8,8,8,8,8,8,8,8
560035,1,1,25,25,25,25,25,25,25,25,25,25
560036,1,1,0,0,0,0,0,0,0,0,0,0
560037,1,1,20,20,20,20,20,20,20,20,20,20
560038,1,1,23,23,23,23,23,23,23,23,23,23
560039,1,1,16,16,16,16,16,16,16,16,16,16
560039,2,1,0,0,0,21,0,0,0,0,0,0
560040,1,1,0,0,0,0,0,0,0,0,0,0
560041,1,1,22,22,22,22,22,22,22,22,22,22
560042,1,1,0,0,0,0,0,0,0,0,0,0
560043,1,1,12,12,12,12,12,12,12,12,12,12
560044,1,1,0,0,0,0,0,0,0,0,0,0
560045,1,1,0,0,0,15,0,21,0,0,0,0
560045,2,1,0,0,0,0,0,0,0,0,0,0
560046,1,1,23,0,0,0,0,0,0,0,0,0
560047,1,1,0,0,0,0,0,0,0,0,0,0
560048,1,1,0,0,9,0,0,19,0,0,0,0
560049,1,1,0,0,0,5,10,15,0,0,0,0
560049,2,1,0,0,0,0,0,0,0,0,0,0
560050,1,1,20,20,20,20,20,20,20,20,20,20
560051,1,1,0,0,0,0,0,0,0,0,0,0
560051,2,1,0,0,0,0,0,0,0,0,0,0
560052,1,1,0,0,0,0,0,0,0,0,0,0
560052,2,1,0,0,0,0,0,0,0,0,0,0
560053,1,1,17,17,17,17,17,17,17,17,17,17
560053,2,1,7,7,7,7,7,7,7,7,7,7
560053,3,1,8,8,8,8,8,8,8,8,8,8
560054,1,1,0,0,0,0,0,0,0,25,0,0
560055,1,1,0,0,0,0,0,0,18,0,0,0
560056,1,1,0,0,0,0,0,0,0,0,0,0
560056,2,1,0,0,0,0,0,0,0,0,0,0
560057,1,1,28,28,28,28,28,28,28,28,28,28
560057,2,1,0,0,0,0,0,0,0,0,7,0
560058,1,1,0,0,0,0,0,17,0,0,0,0
560058,2,1,0,0,0,0,0,0,0,0,0,0
560059,1,1,23,0,11,2,0,9,0,0,0,0
560060,1,1,14,14,14,14,14,14,14,14,14,14
560060,2,1,0,12,0,0,0,0,0,0,19,0
560061,1,1,26,26,26,26,26,26,26,26,26,26
560062,1,1,29,29,29,29,29,29,29,29,29,29
560063,1,1,0,0,0,0,0,0,0,0,0,0
560063,2,1,0,0,0,0,0,0,0,0,0,0
560064,1,1,20,20,20,20,20,20,20,20,20,20
560064,2,1,0,0,0,0,0,0,0,0,0,0
560065,1,1,17,17,17,17,17,17,17,17,17,17
560066,1,1,0,0,0,0,0,0,0,0,0,0
560067,1,1,17,17,17,17,17,17,17,17,17,17
560068,1,1,18,18,18,18,18,18,18,18,18,18
560069,1,1,0,0,0,0,0,0,0,0,0,0
560069,2,1,0,0,0,0,0,0,0,0,0,0
560070,1,1,15,23,17,28,13,0,21,14,16,0
560071,1,1,0,0,0,0,0,0,0,0,0,0
560071,2,1,0,0,0,10,0,0,0,0,0,0
560072,1,1,0,0,0,0,0,0,0,0,0,0
560073,1,1,0,0,0,0,0,0,0,0,0,0
560074,1,1,0,18,15,0,0,0,0,0,0,0
560075,1,1,0,0,0,16,0,0,0,0,0,0
560076,1,1,21,0,0,0,0,0,0,18,0,0
560077,1,1,0,0,0,0,0,0,0,0,0,0
560077,2,1,0,0,0,0,0,0,0,0,0,0
560078,1,1,18,12,10,23,11,8,3,18,13,12
560079,1,1,0,0,0,0,0,0,0,0,0,0
560079,2,1,0,0,0,0,0,0,0,0,0,0
560080,1,1,0,0,0,0,0,0,0,0,0,0
560080,2,1,0,0,0,0,0,18,0,0,0,0
560081,1,1,0,0,0,0,0,0,22,0,0,0
560082,1,1,0,0,0,0,0,0,0,0,0,0
560082,2,1,0,0,0,0,0,0,0,0,0,0
560083,1,1,0,0,0,0,0,0,0,0,0,0
560083,2,1,48,0,0,0,0,0,0,0,0,0
560084,1,1,0,0,0,0,0,0,0,0,0,0
560085,0,1,0,0,0,0,0,0,32,0,0,0
560085,1,1,0,0,0,0,0,0,0,0,0,0
560086,1,1,0,0,0,0,0,0,0,0,0,0
560086,2,1,0,0,0,0,0,0,0,0,0,0
560087,1,1,21,21,21,21,21,21,21,21,21,21
560088,1,1,0,0,0,0,0,0,0,0,0,0
560089,1,1,0,0,0,0,0,0,23,0,0,0
560090,1,1,6,0,0,0,0,0,0,0,0,0
560091,1,1,0,22,0,0,0,0,8,9,0,0
560091,2,1,0,0,0,0,0,0,20,0,0,0
560092,1,1,0,0,0,0,43,0,0,0,0,32
560092,2,1,0,0,0,0,0,0,0,0,0,0
560093,1,1,14,0,0,0,0,0,0,0,0,0
560093,2,1,0,0,0,0,0,0,0,0,0,0
560094,1,1,14,20,0,0,0,0,0,21,0,0
560095,1,1,0,16,0,0,8,0,0,0,0,0
560096,0,1,24,18,0,0,0,0,0,0,0,0
560096,1,1,0,0,0,0,0,0,0,0,0,0
560097,1,1,0,0,0,0,0,0,0,0,0,0
560098,1,1,0,0,7,0,0,0,0,0,0,20
560099,1,1,0,0,0,0,0,0,0,0,0,0
560099,2,1,0,0,0,0,0,0,0,0,0,0
560100,1,1,0,0,0,0,0,0,0,0,0,0
560101,1,1,0,0,0,0,0,0,0,0,0,0
560102,1,1,18,18,18,18,18,18,18,18,18,18
560103,0,1,14,8,0,18,0,0,0,0,10,0
560103,0,2,0,0,0,0,0,0,0,0,0,0
560103,1,1,0,0,0,0,0,0,0,0,0,0
560104,1,1,0,0,0,0,0,0,0,0,0,0
560105,1,1,0,0,0,0,0,0,0,0,0,0