ST_CASE,VEH_NO,PER_NO,P1,P2,P3,P4,P5,P6,P7,P8,P9,P10
60001,1,1,41,41,41,41,41,41,41,41,41,41
60002,1,1,0,0,0,0,0,0,0,0,0,0
60003,1,1,0,0,0,0,0,0,0,0,0,0
60003,2,1,0,0,0,0,0,0,0,0,0,0
60004,1,1,7,7,7,7,7,7,7,7,7,7
60005,1,1,0,0,0,0,0,0,0,0,0,0
60006,0,1,1,1,1,1,1,1,1,1,1,1
60006,1,1,4,22,21,0,19,0,13,0,18,11
60007,1,1,16,16,16,16,16,16,16,16,16,16
60007,2,1,0,0,0,0,0,0,0,0,0,0
60008,1,1,0,0,0,0,0,0,0,0,0,0
60009,1,1,0,0,0,0,0,0,0,0,0,0
60010,1,1,0,0,0,0,0,0,0,0,0,0
60010,2,1,0,0,0,0,0,0,0,0,0,0
60011,1,1,0,0,0,0,0,0,0,0,0,0
60012,1,1,0,0,0,0,0,0,0,0,0,0
60012,2,1,0,0,0,0,0,0,0,0,0,0
60013,1,1,0,0,0,0,0,0,0,0,0,0
60014,0,1,0,0,0,0,0,0,0,0,0,0
60014,1,1,0,0,0,0,0,0,0,0,0,0
60015,1,1,28,28,28,28,28,28,28,28,28,28
60016,1,1,1,1,1,1,1,1,1,1,1,1
60017,1,1,14,14,14,14,14,14,14,14,14,14
60018,0,1,0,0,0,0,0,0,0,0,0,0
60018,1,1,0,0,0,25,0,0,0,0,0,0
60018,2,1,0,0,0,0,0,0,0,13,0,0
60018,3,1,0,0,0,0,0,0,0,0,0,0
60018,4,1,0,0,0,0,24,0,0,0,0,0
60018,5,1,0,0,0,0,0,0,0,0,0,0
60018,6,1,0,0,0,0,0,0,0,0,0,20
60019,1,1,0,0,0,0,0,0,0,0,0,0
60020,1,1,0,0,0,0,0,0,0,0,0,0
60021,1,1,23,23,23,23,23,23,23,23,23,23
60022,1,1,0,0,0,0,0,0,0,0,0,0
60024,1,1,25,25,25,25,25,25,25,25,25,25
60025,1,1,0,0,0,0,0,0,0,0,0,0
60025,2,1,0,0,0,0,0,0,0,17,0,0
60026,1,1,0,0,0,0,0,0,0,0,0,0
60026,2,1,0,0,0,0,0,0,0,0,0,0
60027,0,1,0,0,0,0,0,0,0,0,0,0
60027,1,1,0,0,0,0,0,0,0,0,0,0
60028,0,1,0,0,0,0,0,0,0,0,0,0
60028,1,1,0,0,0,0,0,0,0,0,0,0
60029,1,1,0,0,0,0,0,0,0,0,0,0
60030,1,1,0,0,0,0,0,0,0,0,0,0
60031,1,1,0,0,0,0,0,0,0,0,0,0
60031,2,1,0,0,0,0,15,0,0,0,0,0
60031,3,1,0,0,19,0,0,0,0,0,0,0
60032,1,1,0,0,0,0,0,0,0,0,0,0
60032,2,1,0,0,0,0,0,0,0,0,0,0
60033,0,1,0,0,0,0,0,0,0,0,0,0
60033,1,1,0,0,0,0,0,0,0,0,0,0
60034,1,1,0,0,0,0,0,0,0,0,0,0
60036,0,1,0,0,0,0,0,0,0,0,0,0
60036,1,1,0,0,0,0,0,0,0,0,0,0
60037,1,1,0,0,0,0,0,0,0,0,0,0
60038,1,1,13,13,13,13,13,13,13,13,13,13
60039,1,1,0,0,0,0,0,0,0,0,0,0
60039,2,1,0,0,0,0,0,0,0,0,0,0
60040,1,1,0,0,0,18,0,10,6,0,0,0
60041,1,1,0,0,0,0,0,0,0,0,0,0
60041,2,1,0,0,0,0,0,0,0,0,4,0
60042,0,1,0,0,0,0,0,0,0,0,0,0
60042,1,1,0,0,0,29,0,0,0,0,0,0
60043,1,1,12,12,12,12,12,12,12,12,12,12
60044,1,1,0,0,0,0,0,0,0,0,0,0
60045,1,1,7,7,7,7,7,7,7,7,7,7
60045,2,1,0,0,0,0,0,0,0,0,0,0
60045,3,1,0,0,0,0,0,0,0,0,0,0
60046,0,1,0,0,0,0,0,0,0,0,0,0
60046,1,1,0,0,0,0,0,0,0,0,0,0
60047,1,1,0,0,0,0,0,0,0,0,0,0
60048,1,1,6,6,6,6,6,6,6,6,6,6
60049,0,1,0,0,0,0,0,0,0,0,0,0
60049,0,2,0,0,0,20,0,0,0,0,0,0
60049,0,3,0,0,0,0,0,0,0,0,0,0
60049,1,1,23,23,23,23,23,23,23,23,23,23
60050,1,1,0,0,0,0,0,0,0,0,0,0
60050,2,1,6,0,0,0,16,0,0,0,0,0
60051,0,1,0,0,0,0,0,0,0,0,0,0
60051,1,1,0,0,0,0,0,0,0,0,0,0
60052,0,1,0,0,0,0,0,0,0,0,0,0
60052,0,2,35,0,5,0,43,0,0,0,0,0
60052,1,1,0,0,0,10,0,0,0,0,0,0
60053,1,1,0,0,0,0,0,0,0,0,0,0
60053,2,1,0,0,0,0,0,0,0,0,0,0
60054,1,1,0,0,0,0,0,0,0,0,0,0
60054,2,1,0,0,0,0,0,0,0,0,0,0
60055,1,1,11,11,11,11,11,11,11,11,11,11
60055,2,1,0,0,0,0,0,0,0,0,0,0
60056,0,1,22,22,22,22,22,22,22,22,22,22
60056,1,1,0,3,6,0,22,0,21,0,0,30
60058,1,1,0,0,0,0,0,0,0,0,0,0
60059,1,1,0,0,0,0,13,0,16,0,0,0
60059,2,1,0,0,0,0,0,0,0,0,0,0
60060,1,1,0,0,0,0,0,0,0,0,0,0
60060,2,1,0,0,0,32,0,0,0,0,0,0
60060,3,1,0,0,0,0,0,0,0,0,0,0
60060,4,1,0,0,0,0,0,0,0,0,0,0
60061,1,1,0,0,0,0,0,0,0,0,0,0
60062,1,1,0,0,0,0,0,0,0,0,0,0
60062,2,1,0,0,0,0,0,0,0,0,0,0
60063,0,1,0,0,0,0,0,0,0,0,0,0
60063,1,1,0,0,0,0,0,0,0,0,0,0
60064,0,1,0,0,0,0,0,0,0,0,0,0
60064,1,1,17,0,18,0,14,23,0,0,6,34
60065,1,1,0,0,0,0,0,0,0,0,0,0
60065,2,1,0,0,0,0,0,0,0,0,0,0
60066,0,1,5,5,5,5,5,5,5,5,5,5
60066,1,1,0,0,0,0,0,0,27,0,0,0
60067,1,1,0,0,0,0,0,0,0,0,0,0
60067,2,1,0,0,0,0,0,0,0,0,0,0
60068,1,1,0,16,0,0,0,0,0,0,0,0
60068,2,1,0,0,0,14,0,0,6,0,0,0
60069,1,1,0,0,17,0,0,0,0,0,0,30
60069,2,1,0,0,0,0,0,0,0,0,0,0
60069,3,1,0,0,0,0,0,0,0,0,0,0
60070,1,1,0,0,0,0,0,0,0,0,0,0
60071,1,1,0,0,0,0,0,0,0,0,0,0
60072,1,1,19,15,10,13,10,11,0,16,21,19
60073,0,1,0,0,0,0,0,0,0,0,0,0
60073,1,1,0,0,0,0,0,0,0,0,0,0
60074,1,1,0,16,0,0,0,0,0,0,0,0
60074,2,1,0,0,31,0,0,0,0,0,0,0
60074,3,1,9,0,0,0,0,0,0,0,27,0
60074,4,1,0,0,0,0,0,0,0,10,0,0
60074,5,1,0,0,0,0,0,24,0,0,0,0
60075,1,1,0,0,0,0,0,0,0,0,0,0
60075,2,1,0,0,0,0,0,0,0,0,0,0
60076,1,1,0,0,0,0,0,0,0,0,0,0
60077,1,1,0,0,0,0,0,0,0,0,0,0
60078,1,1,0,0,0,0,0,0,0,19,0,0
60079,1,1,12,12,12,12,12,12,12,12,12,12
60079,2,1,0,0,0,0,0,0,0,0,0,0
60080,1,1,26,26,26,26,26,26,26,26,26,26
60081,1,1,0,0,0,0,0,0,0,0,0,0
60081,2,1,0,0,0,0,0,0,0,0,0,0
60082,1,1,0,0,0,0,0,0,0,0,0,0
60082,2,1,0,0,0,0,0,3,0,0,0,11
60082,3,1,15,0,0,26,0,0,0,0,0,0
60083,0,1,0,0,0,0,0,0,0,0,0,0
60083,1,1,0,0,6,0,0,0,0,0,0,5
60084,1,1,0,0,0,0,0,0,0,0,0,0
60085,0,1,0,0,0,0,0,0,0,0,0,0
60085,1,1,0,0,0,0,0,0,0,0,0,0
60086,0,1,0,0,0,0,0,0,0,0,0,0
60086,1,1,0,0,0,0,0,0,0,0,0,0
60087,1,1,14,14,14,14,14,14,14,14,14,14
60087,2,1,0,0,0,0,0,0,0,0,0,0
60087,3,1,0,0,0,0,0,0,0,0,0,0
60088,1,1,19,19,19,19,19,19,19,19,19,19
60089,1,1,1,1,1,1,1,1,1,1,1,1
60089,2,1,0,0,0,0,0,0,0,0,0,0
60090,1,1,0,0,0,0,0,0,0,0,0,0
60090,2,1,0,0,0,0,0,0,0,0,0,0
60091,1,1,25,25,25,25,25,25,25,25,25,25
60092,1,1,0,0,0,0,0,0,0,0,0,0
60094,2,1,0,0,0,0,0,0,0,0,0,0
60095,1,1,0,0,0,0,0,0,0,0,0,0
60096,0,1,0,0,0,0,0,0,0,0,0,0
60096,1,1,0,14,0,0,0,0,0,0,0,0
60097,1,1,0,0,0,0,0,0,0,0,0,0
60098,1,1,7,7,7,7,7,7,7,7,7,7
60098,2,1,0,0,0,0,0,0,0,0,0,0
60098,3,1,0,0,0,0,0,0,0,0,0,0
60099,1,1,18,34,12,32,26,18,15,5,15,2
60100,1,1,0,0,0,0,0,0,0,0,0,0
60100,2,1,0,0,0,0,0,0,0,0,0,0
60101,1,1,0,0,0,0,0,0,0,0,0,0
60101,2,1,0,0,0,0,0,0,0,0,0,0
60101,3,1,0,0,0,0,0,0,0,0,0,0
60102,0,1,5,5,5,5,5,5,5,5,5,5
60102,1,1,0,0,0,0,0,0,0,0,0,0
60103,1,1,22,22,22,22,22,22,22,22,22,22
60104,1,1,0,0,0,0,0,0,0,0,0,0
60105,0,1,0,0,0,0,0,0,0,0,0,0
60105,1,1,19,0,0,0,0,4,0,12,0,0
60106,1,1,0,0,0,0,0,0,0,0,0,0
60107,1,1,0,0,0,0,0,0,0,0,0,0
60108,0,1,0,0,0,0,0,0,0,0,0,0
60108,1,1,0,0,0,0,0,23,0,0,0,0
60109,1,1,0,0,0,0,0,0,0,0,0,0
60110,1,1,21,21,21,21,21,21,21,21,21,21
60111,1,1,0,0,0,0,0,0,0,30,0,0
60112,1,1,0,0,0,0,0,0,0,0,0,0
60113,1,1,0,0,0,0,0,0,0,0,0,0
60113,2,1,0,0,0,0,0,0,0,0,0,0
60114,1,1,0,30,21,24,16,8,0,17,14,27
60114,2,1,0,0,0,0,0,0,0,0,0,0
60115,1,1,0,0,0,0,0,0,0,0,0,0
60116,1,1,11,11,11,11,11,11,11,11,11,11
60117,1,1,0,0,0,0,0,0,0,0,0,0
60117,2,1,0,0,0,0,0,0,0,0,0,0
60117,3,1,0,0,0,0,0,0,0,0,0,0
60118,1,1,17,17,17,17,17,17,17,17,17,17
60119,1,1,0,0,0,0,0,0,0,0,0,0
60120,1,1,15,0,0,0,0,15,31,0,20,0
60121,1,1,10,10,10,10,10,10,10,10,10,10
60121,2,1,0,0,0,0,0,0,0,0,0,0
60121,3,1,0,0,0,0,0,0,0,0,0,0
60122,1,1,11,11,11,11,11,11,11,11,11,11
60123,1,1,0,0,0,0,0,0,0,0,0,0
60124,1,1,0,0,0,0,0,0,0,0,0,0
60125,1,1,0,0,0,0,0,0,0,0,0,0
60125,2,1,0,0,0,0,0,0,0,0,0,0
60126,1,1,0,0,0,0,0,0,0,0,0,0
60126,2,1,0,21,0,0,0,0,0,0,0,0
60127,1,1,0,0,0,0,0,0,0,0,0,0
60127,2,1,0,0,0,0,0,0,0,0,0,0
60128,0,1,0,0,0,0,0,0,0,0,0,0
60128,1,1,0,0,0,0,0,0,0,0,0,0
60129,1,1,15,23,22,0,13,9,28,11,20,17
60130,1,1,14,14,14,14,14,14,14,14,14,14
60131,1,1,0,0,0,0,0,0,0,0,0,0
60132,1,1,0,0,0,0,0,0,0,0,0,0
60132,2,1,0,0,0,0,0,0,0,0,0,0
60132,3,1,0,0,0,0,0,0,0,0,0,0
60132,4,1,0,0,0,11,0,0,0,0,0,0
60132,6,1,0,0,0,0,0,0,0,0,0,17
60133,0,1,0,0,0,24,0,0,23,0,0,0
60133,1,1,0,0,0,0,0,0,0,0,0,0
60134,1,1,0,0,0,0,0,0,0,0,0,0
60134,2,1,0,0,0,0,0,0,0,0,0,0
60135,1,1,0,0,0,0,0,0,0,0,0,0
60135,2,1,0,0,0,0,0,0,0,0,0,0
60136,0,1,17,17,17,17,17,17,17,17,17,17
60136,1,1,0,0,0,0,0,9,0,10,0,0
60137,1,1,0,0,0,0,0,0,0,0,0,0
60138,0,1,0,0,0,0,0,0,0,0,0,0
60138,1,1,0,0,0,0,0,0,0,0,0,0
60139,1,1,0,0,0,0,0,0,0,0,0,0
60140,1,1,0,0,0,0,0,0,0,0,0,0
60140,2,1,0,0,0,0,0,0,0,0,0,0
60141,1,1,0,0,0,0,0,0,0,0,0,0
60142,1,1,13,13,13,13,13,13,13,13,13,13
60143,1,1,0,0,0,0,0,0,0,5,3,30
60144,1,1,24,24,24,24,24,24,24,24,24,24
60145,1,1,0,0,0,0,0,0,0,0,0,0
60146,1,1,0,0,0,0,0,0,0,0,0,0
60147,1,1,0,0,0,0,0,0,0,0,0,0
60147,2,1,0,0,0,0,0,0,0,0,0,0
60148,1,1,0,0,0,0,0,0,0,0,0,0
60148,2,1,0,0,0,0,0,0,0,0,0,0
60149,0,1,0,0,0,0,0,0,0,0,0,0
60149,1,1,0,0,27,0,0,0,0,0,0,0
60150,1,1,34,34,34,34,34,34,34,34,34,34
60150,2,1,0,0,0,0,0,0,0,0,0,0
60151,1,1,0,0,0,0,0,0,0,0,0,0
60152,1,1,19,19,19,19,19,19,19,19,19,19
60152,2,1,0,0,0,0,0,0,0,0,0,0
60153,1,1,0,0,0,0,0,0,0,0,0,0
60154,1,1,14,14,14,14,14,14,14,14,14,14
60154,2,1,3,3,3,3,3,3,3,3,3,3
60155,1,1,0,0,0,0,0,0,0,0,0,0
60156,1,1,7,7,7,7,7,7,7,7,7,7
60157,0,1,25,13,20,14,27,15,18,19,5,21
60157,1,1,0,0,0,0,0,4,0,0,0,0
60158,0,1,0,0,0,0,0,0,0,0,0,0
60158,1,1,0,0,0,0,0,0,0,0,0,0
60159,0,1,0,0,0,0,0,0,0,0,0,0
60159,1,1,0,0,0,0,0,7,0,0,0,5
60159,2,1,0,0,0,0,0,0,0,0,0,0
60160,0,1,0,0,0,0,0,0,0,0,0,0
60160,1,1,8,0,0,0,0,0,5,0,0,0
60161,1,1,0,0,0,0,0,0,0,0,0,0
60161,2,1,7,0,0,0,20,0,0,9,0,0
60162,1,1,0,0,0,0,0,0,0,0,0,0
60163,1,1,0,0,0,0,0,0,0,0,0,0
60163,2,1,0,0,0,0,23,15,0,0,0,0
60164,1,1,9,9,9,9,9,9,9,9,9,9
60164,2,1,0,0,0,0,0,0,0,0,8,0
60165,1,1,0,0,0,0,0,0,0,0,0,0
60165,2,1,0,0,0,0,0,0,0,0,0,0
60165,3,1,0,0,0,0,0,0,0,0,0,0
60165,4,1,0,0,0,0,17,0,0,17,0,0
60166,0,1,7,7,7,7,7,7,7,7,7,7
60166,1,1,0,0,0,0,0,0,0,0,0,0
60166,2,1,0,0,0,0,0,0,0,0,0,0
60166,3,1,0,0,0,0,0,0,0,0,0,0
60166,4,1,0,0,0,0,0,0,0,0,0,0
60167,1,1,0,0,0,0,0,0,29,0,0,0
60168,1,1,19,8,6,36,22,15,12,8,16,14
60169,1,1,7,0,0,23,20,2,21,13,28,11
60169,2,1,5,5,5,5,5,5,5,5,5,5
60169,3,1,0,0,0,0,0,0,0,0,0,0
60170,0,1,0,0,0,0,0,0,0,0,0,0
60170,1,1,0,0,0,0,0,0,0,0,0,0
60171,0,1,0,0,0,0,0,0,0,0,0,0
60172,0,1,0,0,0,0,0,0,0,0,0,0
60172,1,1,0,0,0,0,0,0,0,10,0,0
60174,1,1,20,20,20,20,20,20,20,20,20,20
60175,1,1,33,0,0,0,0,0,0,0,0,0
60175,2,1,0,0,0,0,0,0,0,0,0,0
60176,0,1,0,0,0,0,0,0,0,0,0,0
60176,1,1,0,0,0,0,0,0,0,0,0,16
60177,1,1,0,0,0,0,0,0,0,0,0,22
60177,2,1,0,0,0,0,0,0,0,0,0,0
60177,3,1,16,0,0,0,0,0,0,0,0,0
60178,1,1,23,23,23,23,23,23,23,23,23,23
60179,0,1,0,0,0,0,0,0,0,0,0,0
60179,1,1,0,0,0,0,0,0,0,0,0,0
60180,0,1,0,0,0,0,0,0,0,0,0,0
60180,1,1,0,0,0,0,0,0,0,0,0,0
60181,0,1,0,19,0,0,0,0,35,0,0,0
60181,1,1,0,20,0,0,0,0,0,0,0,0
60182,1,1,24,0,0,0,0,0,0,5,0,0
60183,1,1,0,0,0,0,0,0,0,0,0,0
60184,1,1,0,0,0,0,0,0,0,0,0,0
60184,2,1,0,0,0,0,0,0,0,0,0,0
60185,0,1,0,0,0,0,0,0,0,0,0,0
60185,1,1,0,0,0,0,0,0,0,0,0,0
60186,0,1,0,0,0,0,0,0,0,0,0,0
60186,1,1,0,0,0,12,0,0,0,0,0,0
60187,1,1,0,0,0,0,0,0,0,0,0,0
60187,2,1,0,0,0,0,0,0,0,0,0,0
60188,1,1,0,0,0,0,0,0,0,0,0,0
60188,2,1,0,0,0,0,0,0,0,0,0,0
60188,3,1,0,0,0,0,0,0,0,0,0,0
60189,1,1,0,0,0,0,0,0,0,0,29,0
60189,2,1,0,0,0,9,0,0,0,0,0,0
60190,1,1,4,4,4,4,4,4,4,4,4,4
60191,0,1,0,0,0,0,0,0,0,0,0,0
60191,1,1,0,25,0,0,0,0,0,0,0,0
60191,2,1,0,0,0,0,0,0,0,19,0,0
60192,0,1,0,0,0,0,0,0,0,0,0,0
60192,1,1,0,0,0,0,24,0,0,0,0,0
60192,2,1,0,0,0,0,0,0,0,0,0,0
60193,1,1,6,6,6,6,6,6,6,6,6,6
60194,1,1,0,0,0,9,0,0,0,0,0,0
60195,1,1,3,12,16,0,0,0,0,30,0,0
60196,1,1,0,0,0,0,0,0,0,0,0,0
60196,2,1,0,0,0,0,0,0,0,0,0,0
60196,3,1,0,0,0,0,0,0,0,0,0,0
60197,1,1,0,0,0,22,0,0,0,0,21,23
60197,2,1,0,0,0,0,0,0,0,0,0,0
60198,0,1,0,0,0,0,0,0,0,0,0,0
60198,1,1,0,13,0,0,0,0,0,0,0,0
60199,1,1,0,0,0,0,0,0,0,0,0,0
60199,2,1,0,0,0,0,0,0,0,0,0,0
60199,3,1,0,0,0,0,0,0,0,0,0,0
60199,4,1,0,0,0,0,0,0,0,0,0,0
60199,5,1,0,0,0,0,0,0,0,0,0,0
60199,6,1,0,0,0,0,0,0,0,0,0,0
60200,0,1,0,0,0,0,0,0,0,0,0,0
60200,1,1,0,0,0,0,21,0,0,0,0,0
60201,1,1,24,24,24,24,24,24,24,24,24,24
60201,2,1,0,0,0,0,0,0,0,0,0,0
60202,1,1,0,0,0,0,0,0,0,0,0,0
60203,1,1,0,0,0,0,0,0,0,0,0,0
60204,1,1,0,0,0,0,0,0,0,0,0,0
60205,1,1,0,0,0,0,0,0,0,0,0,0
60205,2,1,0,0,0,0,31,0,0,0,0,0
60206,0,1,0,0,0,0,0,0,0,0,0,0
60206,1,1,31,0,0,0,17,0,0,0,0,0
60207,1,1,0,0,0,0,0,0,0,0,0,0
60208,1,1,0,0,23,0,0,0,0,0,26,0
60209,1,1,11,19,0,0,39,16,0,21,0,0
60210,0,1,0,0,0,0,0,0,0,0,0,0
60210,0,2,0,0,0,0,0,0,0,0,0,0
60210,1,1,0,0,0,6,0,0,0,0,0,0
60211,1,1,0,0,0,0,0,0,14,0,0,0
60211,2,1,0,0,0,0,0,0,23,0,0,0
60212,1,1,0,0,0,0,0,0,0,0,0,0
60212,2,1,0,0,0,0,0,0,0,0,0,0
60213,1,1,0,0,0,0,0,0,0,0,0,0
60213,2,1,0,0,0,0,0,0,0,0,0,0
60214,1,1,3,3,3,3,3,3,3,3,3,3
60215,1,1,0,0,0,0,0,0,0,0,0,0
60215,2,1,0,0,0,0,0,0,0,0,17,19
60216,1,1,8,8,8,8,8,8,8,8,8,8
60216,2,1,0,0,0,0,0,0,26,0,0,0
60217,1,1,14,0,20,0,0,0,0,0,0,0
60218,1,1,24,24,24,24,24,24,24,24,24,24
60219,1,1,0,0,0,0,0,0,0,0,0,0
60219,2,1,0,0,0,0,0,0,0,0,0,0
60220,1,1,0,0,0,0,0,0,0,0,0,0
60221,1,1,0,0,0,0,0,0,0,0,0,0
60222,1,1,0,0,0,0,0,0,0,0,0,0
60222,2,1,0,0,0,0,0,0,0,0,0,0
60223,1,1,0,0,0,0,0,0,0,0,0,0
60223,2,1,0,0,0,0,0,0,0,0,0,0
60224,1,1,0,0,0,0,0,0,0,0,0,0
60225,1,1,0,0,0,0,0,0,0,0,0,0
60226,0,1,24,24,24,24,24,24,24,24,24,24
60226,1,1,0,0,0,0,0,0,0,0,6,0
60227,0,1,0,0,0,0,0,0,0,0,0,0
60227,1,1,0,0,0,0,0,0,0,0,0,0
60228,1,1,0,0,0,0,0,0,0,0,0,0
60229,0,1,0,0,0,0,0,0,0,0,0,0
60229,1,1,0,0,0,0,0,0,0,0,0,0
60229,2,1,0,0,0,0,0,0,0,0,0,0
60230,1,1,0,0,0,0,0,0,0,0,0,0
60230,2,1,0,0,0,0,0,0,0,0,0,0
60231,1,1,0,0,0,0,0,0,0,0,0,0
60231,2,1,0,0,0,0,0,0,0,0,0,0
60232,1,1,0,0,0,0,0,0,0,0,0,0
60233,1,1,0,0,0,0,0,0,0,0,0,0
60234,0,1,0,0,0,0,0,0,0,0,0,0
60234,1,1,0,0,0,0,0,0,0,0,0,0
60235,1,1,0,0,0,0,0,0,0,0,0,0
60235,2,1,0,0,0,0,0,0,0,0,0,0
60236,1,1,0,0,0,0,0,0,0,0,0,0
60237,0,1,0,0,0,0,0,0,0,0,0,0
60237,1,1,0,0,0,0,0,0,0,0,0,0
60238,1,1,0,0,0,0,0,0,0,0,0,0
60238,2,1,0,0,0,0,0,0,0,0,0,0
60239,0,1,15,15,15,15,15,15,15,15,15,15
60239,1,1,26,0,0,0,0,0,24,0,0,0
60240,1,1,0,0,0,0,0,0,0,0,0,0
60241,1,1,36,36,36,36,36,36,36,36,36,36
60242,1,1,0,0,0,0,0,0,0,0,0,0
60244,1,1,0,0,0,0,0,0,0,0,0,0
60244,2,1,0,0,0,0,0,0,0,0,0,0
60245,1,1,0,0,0,0,0,0,0,0,0,0
60245,2,1,0,0,0,0,23,0,24,0,0,0
60246,1,1,0,0,0,0,0,0,0,0,0,0
60246,2,1,0,0,0,0,0,0,0,0,0,0
60247,1,1,0,0,0,0,0,0,0,0,0,0
60248,1,1,0,0,0,0,0,0,0,0,0,0
60248,2,1,0,0,0,0,0,0,0,0,0,0
60249,1,1,12,12,12,12,12,12,12,12,12,12
60250,1,1,0,0,0,0,0,0,0,0,0,0
60250,2,1,0,0,0,0,0,0,0,0,0,0
60250,3,1,0,0,0,0,0,0,0,10,0,0
60251,1,1,0,0,0,0,0,0,0,0,0,0
60252,1,1,0,0,0,0,0,0,0,0,0,0
60252,2,1,0,0,0,0,0,0,0,0,0,0
60253,1,1,0,0,0,0,0,0,0,0,0,0
60254,0,1,0,0,0,0,0,0,0,0,0,0
60254,1,1,14,16,14,0,18,17,0,17,18,29
60255,1,1,0,0,0,0,0,0,0,0,0,0
60255,2,1,6,24,0,0,26,0,0,0,0,0
60256,0,1,37,19,0,3,24,26,0,34,15,31
60256,1,1,0,0,29,11,0,15,21,12,14,0
60257,1,1,17,20,18,9,5,25,14,16,25,19
60258,1,1,18,18,18,18,18,18,18,18,18,18
60258,2,1,0,12,0,0,0,0,0,0,0,0
60259,1,1,0,0,0,0,0,0,18,0,0,0
60259,2,1,0,0,0,0,0,0,0,0,0,0
60260,1,1,1,1,1,1,1,1,1,1,1,1
60261,1,1,0,0,0,0,0,0,0,0,0,0
60262,1,1,0,0,0,0,0,0,0,0,0,0
60262,2,1,0,0,0,0,0,0,0,0,0,0
60263,1,1,0,0,0,0,0,0,0,0,0,0
60264,1,1,13,7,2,0,0,38,15,0,0,0
60265,1,1,0,0,0,0,0,0,0,0,0,0
60266,1,1,0,0,0,0,0,0,0,0,0,0
60266,2,1,0,0,0,0,0,0,0,0,0,0
60267,1,1,0,0,0,0,0,0,0,0,0,0
60267,2,1,0,0,0,0,0,0,0,0,0,0
60268,1,1,0,0,0,0,0,0,0,0,0,0
60269,0,1,0,0,0,0,0,0,0,0,0,0
60269,1,1,37,11,11,10,0,24,0,0,23,7
60270,0,1,17,17,17,17,17,17,17,17,17,17
60270,1,1,0,0,0,17,0,0,0,0,13,8
60271,1,1,0,0,0,0,0,0,0,0,0,0
60271,2,1,0,0,0,0,0,0,0,0,0,0
60271,3,1,0,0,0,0,0,0,0,0,0,0
60272,1,1,9,9,9,9,9,9,9,9,9,9
60273,1,1,0,0,0,0,0,0,0,0,0,0
60274,1,1,17,17,17,17,17,17,17,17,17,17
60274,2,1,13,0,24,22,10,3,27,0,0,10
60275,1,1,0,0,13,23,19,0,13,9,12,23
60275,2,1,16,16,16,16,16,16,16,16,16,16
60276,1,1,0,0,0,0,0,0,0,0,0,0
60276,2,1,0,0,0,0,0,0,0,0,0,0
60277,1,1,19,19,19,19,19,19,19,19,19,19
60278,1,1,0,0,0,0,0,0,0,0,0,0
60279,1,1,0,0,0,0,0,0,0,0,0,0
60279,2,1,0,0,0,0,0,0,0,0,0,0
60280,1,1,23,23,23,23,23,23,23,23,23,23
60281,1,1,0,0,0,0,0,0,0,0,0,0
60282,1,1,0,0,0,0,0,0,0,0,0,0
60282,2,1,0,0,0,0,0,0,0,0,0,0
60282,3,1,0,0,0,0,0,0,0,0,0,0
60282,4,1,0,0,0,0,0,0,0,0,0,0
60283,1,1,25,25,25,25,25,25,25,25,25,25
60284,1,1,0,0,0,0,0,0,0,0,0,0
60284,2,1,0,0,0,0,0,0,0,0,0,0
60285,1,1,0,0,0,0,0,0,0,0,0,0
60286,0,1,0,0,0,0,0,0,0,0,0,0
60286,1,1,0,0,0,0,18,0,0,0,3,8
60288,1,1,0,0,0,0,0,0,0,0,0,0
60289,1,1,8,8,8,8,8,8,8,8,8,8
60289,3,1,0,0,0,0,0,0,0,0,0,0
60289,4,1,26,0,0,24,0,0,0,0,0,0
60290,1,1,0,0,0,0,0,0,0,23,4,0
60290,2,1,0,0,0,0,0,0,0,0,0,0
60291,1,1,0,0,0,0,0,0,0,0,0,0
60291,2,1,0,0,0,0,0,0,0,0,0,0
60292,0,1,24,24,24,24,24,24,24,24,24,24
60292,1,1,0,12,0,0,0,0,0,26,0,0
60293,1,1,0,0,0,0,0,0,0,0,0,0
60293,2,1,0,0,18,0,0,0,7,0,0,0
60293,3,1,0,0,0,0,0,0,0,0,0,0
60294,0,1,0,0,0,0,0,0,0,0,0,0
60294,1,1,0,0,0,0,0,0,0,0,0,0
60295,1,1,0,0,0,0,0,0,0,0,0,0
60295,2,1,0,0,0,0,0,0,0,0,0,0
60296,1,1,0,0,0,0,0,0,0,0,0,0
60296,2,1,0,0,0,0,0,0,0,0,0,0
60297,1,1,0,0,0,0,0,0,0,0,0,0
60298,1,1,0,0,0,0,0,0,0,0,0,0
60299,1,1,0,0,0,0,0,0,0,0,0,0
60299,2,1,0,0,0,13,10,0,0,0,0,0
60299,3,1,0,0,0,0,0,0,0,0,0,0
60299,4,1,0,0,0,0,0,0,0,0,0,0
60300,1,1,0,0,0,0,0,0,0,0,0,0
60300,2,1,0,0,0,0,0,0,0,0,0,0
60301,0,1,1,1,1,1,1,1,1,1,1,1
60301,1,1,0,8,0,0,0,0,0,0,0,0
60302,1,1,0,0,0,0,0,0,0,0,0,0
60302,2,1,0,0,0,0,0,0,0,0,0,0
60303,0,1,16,16,16,16,16,16,16,16,16,16
60303,1,1,0,0,0,19,0,0,14,0,18,0
60304,1,1,18,12,0,34,11,17,0,11,18,13
60304,2,1,0,0,0,0,0,0,0,0,0,0
60305,0,1,0,0,0,0,0,0,0,0,0,0
60305,1,1,0,0,0,0,0,0,0,0,0,0