ST_CASE,VEH_NO,PER_NO,P1,P2,P3,P4,P5,P6,P7,P8,P9,P10
60883,2,1,0,0,0,0,0,0,0,0,0,0
60884,1,1,34,34,34,34,34,34,34,34,34,34
60884,2,1,0,0,0,0,0,0,0,0,0,8
60885,1,1,24,24,24,24,24,24,24,24,24,24
60885,2,1,0,0,0,0,0,0,0,0,0,0
60886,1,1,0,0,0,0,0,0,0,0,0,0
60886,2,1,0,0,0,20,0,0,0,0,0,10
60887,1,1,6,10,34,25,17,16,21,0,0,12
60888,0,1,0,0,0,0,0,0,0,0,0,0
60888,1,1,29,12,24,13,13,0,21,10,0,43
60889,1,1,32,32,32,32,32,32,32,32,32,32
60890,1,1,0,0,0,0,0,0,0,0,0,0
60890,2,1,0,0,0,0,0,0,0,0,0,0
60891,0,1,3,3,3,3,3,3,3,3,3,3
60891,1,1,0,0,16,0,0,0,0,0,0,0
60892,1,1,38,38,38,38,38,38,38,38,38,38
60892,2,1,0,0,0,0,0,0,0,0,0,0
60893,1,1,22,22,22,22,22,22,22,22,22,22
60894,1,1,0,0,0,0,0,0,0,0,0,0
60894,2,1,0,0,0,0,0,0,0,0,0,0
60895,1,1,0,0,0,0,0,0,0,0,0,0
60895,2,1,0,0,0,0,23,0,0,0,0,0
60896,1,1,0,0,0,0,0,0,0,0,0,0
60896,2,1,0,0,0,22,0,0,0,0,0,0
60897,1,1,0,0,0,0,0,0,0,0,0,0
60897,2,1,0,8,0,20,0,0,0,0,0,0
60898,1,1,0,0,0,0,0,0,0,0,0,0
60898,2,1,0,0,0,0,0,0,0,0,0,0
60898,3,1,0,0,0,0,0,0,0,0,0,0
60900,1,1,0,0,0,0,0,0,0,0,0,0
60901,1,1,0,0,0,0,0,0,0,0,0,0
60901,2,1,0,0,0,0,0,0,0,0,0,0
60902,1,1,16,16,16,16,16,16,16,16,16,16
60903,1,1,0,0,0,0,0,0,0,0,0,0
60903,2,1,0,0,0,0,0,0,0,0,0,0
60904,1,1,21,0,19,20,7,0,0,0,19,20
60905,1,1,0,0,0,0,0,0,0,0,0,0
60906,1,1,0,0,0,0,0,0,0,0,0,0
60906,2,1,0,0,0,0,0,0,0,0,0,0
60907,1,1,0,0,0,0,0,0,0,0,0,0
60907,2,1,0,0,0,0,0,0,0,0,0,0
60908,1,1,0,0,0,0,0,0,0,0,0,0
60909,1,1,0,0,0,0,0,0,0,0,0,0
60909,2,1,0,0,0,0,0,0,0,0,0,0
60909,3,1,0,0,0,0,0,0,0,0,0,0
60910,1,1,6,6,6,6,6,6,6,6,6,6
60911,1,1,15,15,15,15,15,15,15,15,15,15
60912,1,1,0,0,0,0,0,0,0,0,0,0
60912,2,1,0,0,0,0,0,0,0,0,0,0
60913,1,1,12,12,12,12,12,12,12,12,12,12
60913,2,1,0,10,0,0,0,0,0,0,0,0
60914,1,1,0,0,0,0,0,0,0,0,0,0
60915,1,1,0,0,0,0,0,0,0,0,0,0
60916,1,1,0,0,0,0,0,0,0,0,0,0
60917,0,1,0,0,0,0,0,0,0,0,0,0
60917,2,1,0,0,0,0,0,0,0,0,0,26
60918,1,1,22,22,22,22,22,22,22,22,22,22
60919,1,1,0,0,0,0,0,0,0,0,0,0
60920,0,1,0,0,0,0,0,0,0,0,0,0
60920,1,1,0,0,0,0,0,0,0,0,0,0
60921,1,1,0,0,0,0,0,0,0,0,0,0
60922,0,1,19,19,19,19,19,19,19,19,19,19
60922,1,1,0,0,0,0,0,0,0,0,0,0
60923,0,1,33,33,33,33,33,33,33,33,33,33
60923,1,1,0,0,0,0,0,0,0,0,0,0
60924,1,1,26,26,26,26,26,26,26,26,26,26
60925,1,1,0,0,0,0,0,0,0,0,0,0
60926,1,1,25,25,25,25,25,25,25,25,25,25
60926,2,1,0,0,0,0,0,0,0,0,0,0
60927,1,1,0,0,0,0,0,0,0,0,0,0
60927,2,1,0,0,0,0,0,0,0,0,0,0
60928,0,1,20,20,20,20,20,20,20,20,20,20
60928,1,1,0,0,0,0,0,0,18,0,8,0
60928,2,1,0,0,0,0,17,0,0,10,6,0
60929,0,1,30,30,30,30,30,30,30,30,30,30
60929,1,1,0,0,10,8,0,0,0,0,0,0
60930,0,1,16,16,16,16,16,16,16,16,16,16
60930,1,1,0,0,0,0,0,0,0,0,0,0
60931,0,1,0,0,0,0,0,0,0,0,0,0
60931,1,1,0,0,0,0,0,0,0,0,0,43
60932,1,1,0,0,0,0,0,0,0,0,0,0
60933,1,1,0,0,0,0,0,0,0,0,0,0
60933,2,1,0,0,0,0,0,0,0,0,0,0
60934,1,1,28,28,28,28,28,28,28,28,28,28
60935,1,1,0,0,0,0,0,0,0,0,0,0
60935,2,1,0,0,0,0,0,0,0,0,0,0
60935,3,1,0,0,0,0,0,0,0,0,0,0
60935,4,1,0,17,0,9,0,0,0,0,0,0
60935,5,1,0,0,0,0,0,0,0,0,0,0
60935,6,1,0,0,0,0,0,0,0,0,0,0
60936,0,1,0,0,0,0,0,0,0,0,0,0
60936,1,1,11,0,26,0,18,13,0,29,0,20
60937,1,1,22,22,22,22,22,22,22,22,22,22
60937,2,1,0,0,0,0,0,0,0,0,0,0
60938,1,1,0,0,0,0,0,0,0,0,0,0
60938,2,1,0,0,0,0,0,0,0,0,0,0
60939,1,1,0,0,0,0,0,0,0,0,0,0
60940,1,1,0,0,0,0,0,0,0,0,0,0
60940,2,1,0,0,0,0,0,0,0,0,0,0
60941,1,1,0,0,0,0,0,0,0,0,0,0
60942,1,1,18,0,0,0,0,0,0,0,0,0
60942,2,1,0,0,0,0,0,0,0,0,0,0
60943,1,1,19,19,19,19,19,19,19,19,19,19
60944,0,1,7,7,7,7,7,7,7,7,7,7
60944,1,1,0,0,0,0,0,0,0,0,0,0
60945,0,1,0,0,0,0,0,0,0,0,0,0
60945,1,1,0,0,0,0,0,0,0,0,0,0
60946,1,1,0,0,0,0,0,0,0,0,0,0
60947,1,1,0,0,0,0,0,0,0,0,0,0
60948,1,1,16,16,16,16,16,16,16,16,16,16
60949,0,1,0,0,0,0,0,0,0,0,0,0
60949,1,1,0,0,0,0,0,0,0,0,0,0
60950,1,1,26,26,26,26,26,26,26,26,26,26
60951,0,1,13,13,13,13,13,13,13,13,13,13
60951,1,1,6,0,2,0,0,0,0,0,0,0
60952,0,1,0,0,0,0,0,0,0,0,0,0
60952,1,1,26,25,25,12,34,15,16,16,21,20
60953,0,1,0,0,0,0,0,0,0,0,0,0
60953,1,1,0,0,0,0,0,0,0,0,0,0
60954,1,1,21,21,21,21,21,21,21,21,21,21
60954,2,1,0,0,0,0,0,0,0,0,0,0
60955,1,1,0,0,0,0,0,0,0,0,0,0
60955,2,1,0,0,0,0,0,0,0,0,0,0
60956,1,1,0,0,0,0,0,0,0,0,0,0
60956,2,1,0,0,0,0,0,0,0,0,0,0
60957,1,1,0,0,0,0,0,0,0,0,0,0
60957,2,1,0,0,0,11,0,0,0,0,0,0
60958,1,1,22,22,22,22,22,22,22,22,22,22
60958,2,1,13,25,0,0,0,0,0,0,0,0
60959,0,1,21,21,21,21,21,21,21,21,21,21
60959,1,1,14,0,20,0,0,5,5,0,32,23
60960,1,1,0,0,0,0,0,0,0,0,0,0
60960,2,1,0,0,0,0,0,0,0,0,0,0
60961,1,1,0,0,0,0,0,0,0,0,0,0
60961,2,1,0,0,0,0,0,0,0,0,0,0
60961,3,1,0,0,0,0,0,0,0,0,0,0
60962,1,1,0,0,0,0,0,0,0,0,0,0
60963,1,1,29,29,29,29,29,29,29,29,29,29
60964,1,1,25,25,25,25,25,25,25,25,25,25
60965,1,1,11,11,11,11,11,11,11,11,11,11
60966,1,1,36,36,36,36,36,36,36,36,36,36
60967,1,1,0,0,0,0,0,0,0,0,0,0
60967,2,1,0,0,0,0,0,0,0,0,0,0
60968,0,1,0,0,0,0,0,0,0,0,0,0
60968,1,1,0,0,0,0,0,27,20,49,13,0
60969,0,1,0,0,0,0,0,0,0,0,0,0
60969,1,1,0,0,0,0,27,0,0,0,13,0
60970,1,1,0,0,0,0,0,0,0,0,0,0
60971,0,1,10,10,10,10,10,10,10,10,10,10
60971,1,1,0,0,0,0,0,0,0,0,0,0
60972,0,1,11,11,11,11,11,11,11,11,11,11
60972,1,1,0,0,0,0,0,0,0,0,0,0
60973,1,1,13,13,13,13,13,13,13,13,13,13
60974,1,1,0,0,0,0,0,0,0,0,0,0
60974,2,1,0,0,0,0,0,0,0,0,0,0
60974,3,1,0,0,0,0,0,0,22,0,0,0
60975,1,1,0,0,0,0,0,0,0,0,0,0
60975,2,1,0,0,0,0,0,0,0,0,0,0
60975,3,1,0,0,0,0,0,0,0,0,0,0
60976,1,1,11,11,11,11,11,11,11,11,11,11
60977,1,1,19,19,19,19,19,19,19,19,19,19
60978,0,1,25,25,25,25,25,25,25,25,25,25
60978,1,1,0,0,0,0,0,0,0,0,0,0
60979,1,1,0,0,0,0,0,0,0,0,0,24
60979,2,1,0,0,0,0,0,0,0,0,0,0
60980,1,1,13,13,13,13,13,13,13,13,13,13
60981,0,1,17,17,17,17,17,17,17,17,17,17
60981,1,1,0,0,0,0,0,0,0,0,0,0
60982,1,1,0,0,0,0,0,0,0,0,0,0
60983,1,1,0,0,0,0,0,0,0,0,0,0
60984,1,1,0,0,0,0,14,0,0,0,0,0
60984,2,1,0,0,0,0,0,0,0,0,0,0
60984,3,1,0,0,0,0,0,0,0,0,0,0
60985,1,1,20,20,20,20,20,20,20,20,20,20
60986,0,1,0,0,0,0,0,0,0,0,0,0
60986,1,1,0,0,0,0,0,0,0,0,0,0
60986,2,1,0,0,0,0,0,22,0,0,0,0
60986,3,1,0,0,0,0,0,0,0,0,0,0
60987,1,1,12,12,12,12,12,12,12,12,12,12
60987,2,1,0,0,0,25,0,0,0,0,0,0
60988,1,1,22,22,22,22,22,22,22,22,22,22
60989,1,1,0,0,0,0,0,0,0,0,0,0
60990,1,1,0,0,0,0,0,0,0,0,0,0
60990,2,1,0,0,0,0,0,7,0,17,0,0
60991,1,1,0,0,0,0,0,0,0,0,0,0
60992,1,1,6,6,6,6,6,6,6,6,6,6
60993,0,1,0,0,0,0,0,0,0,0,0,0
60993,1,1,0,0,0,10,0,26,0,0,0,0
60994,1,1,3,3,3,3,3,3,3,3,3,3
60995,0,1,0,0,0,0,0,0,0,26,0,15
60995,1,1,0,0,11,0,0,0,0,0,0,18
60996,1,1,0,0,0,0,0,0,0,0,0,0
60997,1,1,0,0,0,0,0,0,0,0,0,0
60998,1,1,0,0,0,0,0,0,0,0,0,0
60999,1,1,0,0,0,0,0,0,0,0,0,0
61000,1,1,0,0,0,0,0,0,0,0,0,0
61000,2,1,0,0,0,0,0,0,0,0,0,0
61001,1,1,0,0,0,0,0,0,0,0,0,0
61001,2,1,0,0,0,0,0,0,0,0,0,0
61002,1,1,8,8,8,8,8,8,8,8,8,8
61003,1,1,0,0,0,25,0,0,0,0,0,0
61004,0,1,0,0,0,0,0,0,0,0,0,0
61004,1,1,0,0,0,0,4,0,0,0,0,0
61005,1,1,26,26,26,26,26,26,26,26,26,26
61005,2,1,0,0,0,0,0,0,0,0,0,0
61006,1,1,0,0,0,0,0,0,0,0,0,0
61006,2,1,0,0,0,0,0,0,0,0,0,0
61007,1,1,0,0,0,0,0,0,0,0,0,0
61008,1,1,0,0,0,0,16,26,19,0,19,0
61009,0,1,0,0,0,0,0,0,0,0,0,0
61009,1,1,0,0,0,0,0,0,0,0,0,0
61010,0,1,22,22,22,22,22,22,22,22,22,22
61010,1,1,14,0,19,0,0,4,0,0,17,9
61011,0,1,0,0,0,0,0,0,0,0,0,0
61011,1,1,0,0,0,0,0,0,0,0,0,0
61012,1,1,11,11,11,11,11,11,11,11,11,11
61013,1,1,0,0,0,0,0,0,0,0,0,0
61014,1,1,3,3,3,3,3,3,3,3,3,3
61014,2,1,0,0,0,0,0,0,0,0,0,0
61014,3,1,0,0,0,0,0,0,0,0,0,0
61015,1,1,19,19,19,19,19,19,19,19,19,19
61016,0,1,0,0,0,0,0,0,0,0,0,0
61016,1,1,0,0,0,0,0,0,0,0,0,0
61017,1,1,0,0,0,0,0,0,0,0,0,0
61018,1,1,0,0,0,0,0,0,0,0,0,0
61018,2,1,0,0,0,0,0,0,0,0,0,0
61019,0,1,0,0,0,0,0,0,0,0,0,0
61019,1,1,0,0,0,0,0,27,0,0,0,0
61020,0,1,0,0,0,0,0,0,0,0,0,0
61020,1,1,0,0,0,0,0,0,0,0,0,0
61021,1,1,0,0,0,0,0,0,0,0,0,0
61021,2,1,15,11,20,17,5,25,12,3,19,14
61022,1,1,19,19,19,19,19,19,19,19,19,19
61022,2,1,0,0,0,0,0,0,0,0,0,0
61022,3,1,0,0,0,0,0,0,32,0,0,0
61023,0,1,0,0,0,0,0,0,0,0,0,0
61023,0,2,0,0,0,0,0,0,0,0,0,0
61023,1,1,0,13,0,0,0,0,0,0,13,0
61023,2,1,0,0,0,6,0,0,15,0,0,0
61024,0,1,34,34,34,34,34,34,34,34,34,34
61024,1,1,10,0,23,29,0,0,0,14,0,0
61025,0,1,27,27,27,27,27,27,27,27,27,27
61025,1,1,0,0,0,0,0,0,0,0,0,0
61026,1,1,0,0,0,0,0,0,0,0,0,0
61026,2,1,0,0,0,0,0,0,0,0,0,0
61027,0,1,0,0,0,0,0,0,0,0,0,0
61027,1,1,16,0,0,0,0,0,0,0,16,0
61028,0,1,0,0,0,0,0,0,0,0,0,0
61028,1,1,0,0,0,0,0,0,0,0,0,0
61029,0,1,0,0,0,0,0,0,0,0,0,0
61029,1,1,0,0,0,0,0,0,0,0,0,0
61030,1,1,16,17,14,16,27,7,15,14,16,9
61031,0,1,14,14,14,14,14,14,14,14,14,14
61031,1,1,19,10,28,6,0,0,0,13,12,0
61032,1,1,6,6,6,6,6,6,6,6,6,6
61033,0,1,0,0,0,0,0,0,0,0,0,0
61033,1,1,0,0,0,25,19,0,0,0,15,9
61034,0,1,0,0,0,0,0,0,0,0,0,0
61034,1,1,0,0,0,0,0,0,0,0,0,0
61035,1,1,0,0,0,0,0,0,0,0,0,0
61036,0,1,0,0,0,0,0,0,0,0,0,0
61036,1,1,0,0,0,0,0,0,0,0,0,0
61037,0,1,0,0,0,0,0,0,0,0,0,0
61037,1,1,0,0,0,0,0,0,0,0,0,0
61037,2,1,0,0,0,0,0,0,0,0,0,0
61038,1,1,9,9,9,9,9,9,9,9,9,9
61038,2,1,0,0,0,0,20,0,0,12,10,0
61038,3,1,0,0,0,0,0,0,0,0,0,11
61039,0,1,0,0,0,0,0,0,0,0,0,0
61039,1,1,0,0,0,0,9,0,0,0,0,0
61040,1,1,0,0,0,0,0,0,0,0,0,0
61041,1,1,0,0,0,0,0,16,0,0,0,0
61041,2,1,0,32,13,0,0,0,0,19,0,0
61042,1,1,10,10,10,10,10,10,10,10,10,10
61043,0,1,0,0,0,0,0,0,0,0,0,0
61043,1,1,0,0,0,0,0,0,0,0,0,0
61044,1,1,18,18,18,18,18,18,18,18,18,18
61045,1,1,4,4,4,4,4,4,4,4,4,4
61046,1,1,24,24,24,24,24,24,24,24,24,24
61047,1,1,0,0,0,0,0,0,0,0,0,0
61047,2,1,0,0,0,0,0,0,0,0,0,0
61048,1,1,0,0,0,0,0,0,0,0,0,0
61048,2,1,0,0,0,0,0,0,0,0,0,0
61048,3,1,0,0,0,0,0,0,0,0,0,0
61049,0,1,0,0,0,0,0,0,0,0,0,0
61049,1,1,0,0,0,0,0,0,0,0,0,3
61050,1,1,11,14,14,18,31,13,11,18,3,4
61051,0,1,0,0,0,0,0,0,0,0,0,0
61051,1,1,5,5,5,5,5,5,5,5,5,5
61052,0,1,45,45,45,45,45,45,45,45,45,45
61052,1,1,0,31,0,0,0,0,0,0,0,0
61053,1,1,1,1,1,1,1,1,1,1,1,1
61054,1,1,0,0,0,0,0,0,0,0,0,0
61054,2,1,0,0,0,0,9,0,0,0,0,0
61055,1,1,0,0,0,0,0,0,0,0,0,0
61055,2,1,0,0,0,0,0,0,0,0,0,0
61055,3,1,0,0,0,0,0,0,0,0,0,0
61056,1,1,8,0,0,0,0,0,11,0,18,18
61057,1,1,0,0,0,0,0,0,0,0,0,0
61057,2,1,0,0,0,0,0,0,0,0,0,0
61058,1,1,21,21,21,21,21,21,21,21,21,21
61058,2,1,0,0,0,0,0,0,0,0,0,0
61059,1,1,21,21,21,21,21,21,21,21,21,21
61059,2,1,0,0,0,0,0,0,0,0,0,0
61059,3,1,0,20,0,0,0,0,0,0,0,0
61059,4,1,0,0,0,0,0,0,0,0,0,0
61060,0,1,0,0,0,0,0,0,0,0,0,0
61060,1,1,0,0,0,0,0,0,0,0,0,0
61061,0,1,0,0,0,0,0,0,0,0,0,0
61061,1,1,19,7,0,12,9,0,0,0,0,0
61062,0,1,22,0,0,0,0,5,13,0,0,0
61062,1,1,0,0,0,0,0,0,0,0,0,0
61063,1,1,3,10,23,26,8,7,20,13,17,28
61063,2,1,0,0,0,20,0,0,0,5,18,0
61064,1,1,21,21,21,21,21,21,21,21,21,21
61064,2,1,0,0,0,0,0,0,0,0,0,0
61065,1,1,0,0,0,0,0,0,0,0,0,0
61066,1,1,0,0,0,0,0,0,0,0,0,0
61066,2,1,0,0,0,0,0,0,0,0,0,0
61067,1,1,2,2,2,2,2,2,2,2,2,2
61069,1,1,15,15,15,15,15,15,15,15,15,15
61069,2,1,8,8,8,8,8,8,8,8,8,8
61070,1,1,30,30,30,30,30,30,30,30,30,30
61070,2,1,0,0,0,0,0,0,0,0,0,0
61071,1,1,0,0,0,0,0,0,0,0,0,0
61071,2,1,0,0,0,0,0,0,0,0,0,0
61072,1,1,0,0,0,0,0,0,0,0,0,0
61072,2,1,0,0,0,0,0,0,0,0,0,0
61073,1,1,15,15,15,15,15,15,15,15,15,15
61073,2,1,0,0,0,0,0,0,0,0,0,0
61074,1,1,0,0,0,0,0,0,0,0,0,0
61074,2,1,0,0,0,0,0,0,0,0,0,0
61075,0,1,0,0,0,0,0,0,0,0,0,0
61075,1,1,0,0,0,0,0,0,15,0,0,0
61076,1,1,17,17,17,17,17,17,17,17,17,17
61077,1,1,0,0,0,0,0,0,0,0,0,0
61078,0,1,23,23,23,23,23,23,23,23,23,23
61078,1,1,0,0,0,0,0,0,0,0,0,0
61079,1,1,0,7,10,0,0,0,0,0,17,0
61080,1,1,0,0,0,0,0,0,0,0,0,0
61082,1,1,0,0,0,0,0,0,0,0,0,0
61082,2,1,0,0,0,0,0,0,0,0,0,0
61083,1,1,0,0,0,0,0,0,0,0,0,0
61083,2,1,0,0,0,0,0,0,0,0,0,0
61084,1,2,15,3,0,9,0,0,0,0,0,23
61085,1,1,0,0,0,0,25,0,0,0,0,0
61085,2,1,0,0,0,0,0,0,0,0,0,0
61085,3,1,0,0,0,0,0,0,0,0,0,0
61086,1,1,19,19,19,19,19,19,19,19,19,19
61087,0,1,0,0,0,0,0,0,0,0,0,0
61087,1,1,0,0,0,0,0,0,0,0,0,0
61088,0,1,0,0,0,0,0,0,0,0,0,0
61088,1,1,0,0,0,0,0,0,0,40,39,0
61089,1,1,0,0,0,0,0,0,0,0,0,0
61090,1,1,0,0,0,0,0,0,0,0,0,0
61091,1,1,12,12,12,12,12,12,12,12,12,12
61092,1,1,0,0,0,0,0,0,0,0,0,0
61092,2,1,0,0,0,0,0,0,0,0,0,0
61093,1,1,21,21,21,21,21,21,21,21,21,21
61094,1,1,0,0,0,0,0,0,0,0,0,0
61095,1,1,7,7,7,7,7,7,7,7,7,7
61095,2,1,0,0,0,0,0,0,0,0,0,0
61095,3,1,0,0,0,0,0,0,0,0,0,6
61096,1,1,0,0,0,0,19,0,0,0,0,0
61096,2,1,0,0,0,0,0,0,0,0,0,0
61096,3,1,18,0,0,0,0,0,0,0,0,0
61097,1,1,8,31,34,8,14,11,25,30,25,19
61098,0,1,26,0,0,29,0,0,0,0,0,0
61098,1,1,0,0,0,0,0,0,0,0,0,0
61099,0,1,0,0,0,0,0,0,0,0,0,0
61099,1,1,9,0,0,0,0,0,0,0,0,0
61100,0,1,0,0,29,0,27,0,14,0,13,32
61100,1,1,0,0,0,0,0,0,0,0,19,0
61101,0,1,0,0,0,0,0,0,0,0,0,0
61101,1,1,0,0,15,0,0,0,0,0,0,0
61102,0,1,20,20,20,20,20,20,20,20,20,20
61102,1,1,9,0,0,0,0,0,0,0,0,0
61103,1,1,0,0,0,0,0,0,0,0,0,0
61104,1,1,0,0,0,0,0,0,0,0,0,0
61104,2,1,0,0,9,0,0,8,0,0,0,14
61105,1,1,0,0,0,0,0,0,0,37,0,0
61106,1,1,0,0,0,0,0,0,0,0,0,0
61107,1,1,28,28,28,28,28,28,28,28,28,28
61107,2,1,0,0,0,0,0,0,0,0,0,6
61107,3,1,0,0,0,0,0,0,0,0,0,0
61108,1,1,5,5,5,5,5,5,5,5,5,5
61108,2,1,0,0,0,0,0,0,0,0,0,0
61109,0,1,14,14,14,14,14,14,14,14,14,14
61109,1,1,17,0,0,0,0,0,0,0,0,0
61110,1,1,0,0,0,0,0,17,0,0,0,0
61110,3,1,0,9,20,0,0,0,0,0,0,0
61111,1,1,0,0,0,0,0,0,0,0,0,0
61111,2,1,16,16,16,16,16,16,16,16,16,16
61112,1,1,0,0,0,0,0,0,0,0,0,0
61112,2,1,0,0,0,0,0,0,0,0,0,0
61112,3,1,0,0,11,0,0,0,0,0,43,0
61113,1,1,0,0,0,0,0,0,0,0,0,0
61113,2,1,0,0,0,0,0,0,0,0,0,0
61114,1,1,0,0,0,0,0,0,0,0,0,0
61114,2,1,0,0,0,0,0,0,0,0,0,0
61115,1,1,0,0,0,0,0,0,0,0,0,0
61115,2,1,0,0,0,0,0,0,0,6,0,0
61116,0,1,0,0,0,19,0,0,8,0,0,16
61116,1,1,0,0,0,0,0,0,0,0,0,0
61117,1,1,0,0,0,0,0,0,0,0,0,0
61118,1,1,13,13,13,13,13,13,13,13,13,13
61118,2,1,0,0,0,0,0,0,0,0,0,0
61119,1,1,0,0,0,0,0,0,0,0,0,0
61119,2,1,0,0,0,0,0,0,0,0,0,0
61120,1,1,0,0,0,0,0,0,0,0,0,0
61121,1,1,0,0,0,0,0,0,0,0,0,0
61121,2,1,0,0,0,0,0,0,0,0,0,0
61122,1,1,12,12,12,12,12,12,12,12,12,12
61122,2,1,0,0,0,0,0,0,0,0,0,12
61124,0,1,0,0,0,0,0,0,0,0,0,0
61124,1,1,0,0,0,0,0,0,0,5,0,0
61125,1,1,17,17,17,17,17,17,17,17,17,17
61125,2,1,0,0,0,0,0,0,0,0,0,18
61125,3,1,0,0,0,0,0,0,5,0,0,0
61125,4,1,0,0,0,0,0,0,0,0,0,0
61125,5,1,0,0,0,0,0,0,0,0,0,10
61126,1,1,0,0,0,0,0,0,0,0,0,0
61126,2,1,18,18,18,18,18,18,18,18,18,18
61127,1,1,25,0,0,0,0,0,0,0,0,0
61128,1,1,0,0,0,0,28,0,0,0,0,0
61128,2,1,0,0,0,0,0,0,0,0,0,0
61129,0,1,0,0,0,0,0,0,0,0,0,0
61129,1,1,0,0,0,0,0,0,0,0,0,0
61130,0,1,0,0,0,0,10,16,0,12,25,4
61130,1,1,19,0,0,0,0,0,0,0,0,0
61131,0,1,6,6,6,6,6,6,6,6,6,6
61131,1,1,0,0,0,0,0,0,0,0,0,0
61132,1,1,0,0,0,0,0,0,0,0,0,0
61132,2,1,0,0,0,0,0,0,0,0,0,0
61133,1,1,0,0,0,0,0,0,0,0,0,0
61133,2,1,0,0,0,0,0,0,0,0,0,0
61134,1,1,17,13,28,4,11,20,18,7,19,33
61135,1,1,0,0,0,0,0,0,0,0,0,0
61135,2,1,0,0,0,0,0,0,0,0,0,0
61136,1,1,0,0,0,0,0,0,0,0,0,0
61136,2,1,0,0,15,0,0,0,0,0,21,0
61137,1,1,0,0,0,0,0,0,8,0,0,0
61137,2,1,0,0,0,0,0,0,0,0,0,0
61138,1,1,0,0,0,0,0,0,0,0,0,0
61138,2,1,0,0,0,0,0,0,24,0,0,0
61139,1,1,0,0,0,0,0,0,0,0,0,0
61140,1,1,0,0,0,0,0,0,0,0,0,0
61141,1,1,0,0,0,0,0,0,0,0,0,0
61141,2,1,0,0,0,0,0,0,0,0,0,0
61142,1,1,18,18,18,18,18,18,18,18,18,18
61142,2,1,0,0,0,0,0,0,0,0,0,0
61143,1,1,18,18,18,18,18,18,18,18,18,18
61144,0,1,0,0,0,0,0,0,0,0,0,0
61144,1,1,13,13,13,13,13,13,13,13,13,13
61145,1,1,0,0,0,0,0,0,0,0,0,0
61145,2,1,0,0,0,0,0,0,0,0,0,0
61146,1,1,0,0,0,0,0,0,0,0,0,0
61146,2,1,0,0,0,0,0,0,0,0,0,0
61147,1,1,1,1,1,1,1,1,1,1,1,1
61148,1,1,0,0,0,0,0,0,0,0,0,0
61148,2,1,0,0,0,0,0,0,0,0,0,0
61148,3,1,0,0,0,0,0,0,0,0,0,0
61148,4,1,0,0,0,0,0,0,0,0,0,0
61149,1,1,35,35,35,35,35,35,35,35,35,35
61150,1,1,27,27,27,27,27,27,27,27,27,27
61151,0,1,0,0,0,0,0,0,0,0,0,0
61151,0,2,0,0,25,0,0,0,0,0,23,0
61151,1,1,0,0,0,0,0,0,12,31,0,5
61152,1,1,0,0,0,0,0,0,0,0,0,0
61153,0,1,22,22,22,22,22,22,22,22,22,22
61153,1,1,18,0,0,0,0,0,0,0,0,5
61154,0,1,0,0,0,0,0,0,0,0,0,0
61154,1,1,0,0,0,0,0,0,0,0,0,0
61155,1,1,0,0,15,0,21,0,0,11,0,0
61156,1,1,0,0,0,0,0,0,0,0,0,0
61156,2,1,0,0,0,0,0,0,0,0,0,0
61157,1,1,0,0,0,0,0,0,0,0,0,0
61158,1,1,27,27,27,27,27,27,27,27,27,27
61158,2,1,0,0,0,0,0,0,0,0,0,0
61159,1,1,18,18,18,18,18,18,18,18,18,18
61160,0,1,0,0,0,0,0,0,0,0,0,0
61160,1,1,0,22,0,0,0,0,0,0,0,0
61161,1,1,0,0,0,0,0,0,0,0,0,0
61161,2,1,0,0,0,0,0,0,25,0,0,0
61161,3,1,0,0,0,0,0,0,0,0,0,0
61161,4,1,0,0,0,0,0,0,0,0,0,0
61162,1,1,0,0,0,0,0,0,0,0,0,0
61162,2,1,0,0,0,0,0,0,0,0,0,0
61163,1,1,0,0,0,0,0,0,0,0,0,0
61164,1,1,20,20,20,20,20,20,20,20,20,20
61165,0,1,0,0,0,0,0,0,0,0,0,0
61165,1,1,0,14,0,0,0,0,0,0,0,0
61166,0,1,0,0,0,0,0,0,0,0,0,0
61166,1,1,0,0,0,0,0,0,0,0,0,0
61166,2,1,0,0,0,0,0,0,0,0,0,0
61167,1,1,0,0,0,0,0,0,0,0,0,0
61167,2,1,0,0,0,0,0,0,0,0,0,0
61168,1,1,0,0,0,0,0,0,0,0,0,0
61168,2,1,0,0,0,0,0,0,0,0,0,0
61168,3,1,0,0,0,0,0,0,0,0,0,0
61169,1,1,0,0,10,8,14,0,0,38,9,22
61170,1,1,0,0,0,0,0,0,0,0,0,0
61170,2,1,0,0,0,0,0,0,0,0,0,0
61171,1,1,0,0,0,0,0,0,0,0,0,0
61172,1,1,19,19,19,19,19,19,19,19,19,19
61172,2,1,0,0,11,0,0,23,0,0,0,0
61173,1,1,0,0,0,0,0,0,0,0,0,0
61174,1,1,19,19,19,19,19,19,19,19,19,19