ST_CASE,VEH_NO,PER_NO,P1,P2,P3,P4,P5,P6,P7,P8,P9,P10
61470,0,1,0,0,0,0,0,0,0,0,0,0
61470,1,1,0,0,0,0,0,0,0,0,0,0
61471,0,1,0,0,0,0,0,0,0,0,0,0
61471,1,1,0,0,0,0,0,0,0,0,0,0
61472,0,1,0,0,0,0,0,0,0,0,0,0
61472,1,1,0,0,0,0,0,0,0,0,0,0
61473,1,1,27,27,27,27,27,27,27,27,27,27
61474,0,1,0,0,0,0,0,0,0,0,0,0
61474,1,1,0,0,0,0,0,0,0,0,0,0
61475,0,1,29,29,29,29,29,29,29,29,29,29
61475,1,1,11,0,0,0,0,9,0,0,0,0
61476,0,1,0,0,0,0,0,0,0,0,0,0
61476,1,1,14,0,19,0,0,0,0,22,23,30
61477,1,1,5,5,5,5,5,5,5,5,5,5
61477,2,1,0,0,0,0,0,0,0,0,0,0
61478,1,1,0,0,0,0,0,0,0,0,0,0
61479,1,1,24,24,24,24,24,24,24,24,24,24
61480,0,1,0,0,0,0,0,0,0,0,0,0
61480,1,1,0,0,0,0,0,0,0,0,0,0
61481,0,1,0,0,0,0,0,0,0,0,0,0
61481,1,1,0,0,0,0,0,0,0,0,0,0
61482,1,1,0,0,0,0,0,0,0,0,0,0
61483,1,1,0,0,0,0,0,0,0,0,0,0
61483,2,1,0,0,0,0,0,0,0,0,0,0
61483,3,1,0,0,0,0,0,0,0,0,0,0
61484,0,1,0,0,0,0,0,0,0,0,0,0
61484,1,1,0,0,0,0,0,0,0,0,0,0
61485,1,1,0,0,0,0,0,0,0,0,0,0
61485,2,1,7,7,7,7,7,7,7,7,7,7
61486,1,1,0,0,0,0,0,0,0,0,0,0
61486,2,1,0,0,0,0,0,0,0,0,0,0
61487,1,1,24,24,24,24,24,24,24,24,24,24
61488,1,1,14,14,14,14,14,14,14,14,14,14
61488,2,1,0,0,0,0,0,0,0,0,0,0
61489,1,1,43,43,43,43,43,43,43,43,43,43
61490,1,1,0,0,0,12,0,0,0,0,0,0
61490,2,1,0,0,0,0,0,0,0,0,0,0
61490,3,1,0,0,0,0,0,0,0,0,0,0
61490,4,1,0,0,0,0,0,0,0,0,0,0
61490,5,1,0,0,0,0,0,0,0,0,0,0
61490,6,1,11,0,0,0,0,0,0,0,0,0
61491,1,1,3,3,3,3,3,3,3,3,3,3
61492,1,1,26,26,26,26,26,26,26,26,26,26
61492,2,1,0,0,0,0,0,0,0,0,0,0
61493,1,1,0,0,0,0,0,0,0,0,0,0
61493,2,1,0,0,0,0,0,0,0,0,0,0
61493,3,1,0,0,0,0,0,0,0,0,0,0
61494,1,1,16,16,16,16,16,16,16,16,16,16
61495,0,1,30,30,30,30,30,30,30,30,30,30
61495,1,1,0,0,0,0,0,0,0,0,0,0
61496,0,1,0,0,0,0,0,0,0,0,0,0
61496,1,1,8,0,0,0,0,0,0,0,0,0
61497,1,1,0,0,0,0,0,0,0,0,0,23
61497,2,1,0,0,0,0,0,0,0,0,0,0
61498,1,1,0,0,0,0,0,0,0,0,0,0
61499,1,1,24,24,24,24,24,24,24,24,24,24
61500,1,1,0,0,0,0,0,0,0,0,0,0
61501,0,1,17,17,17,17,17,17,17,17,17,17
61501,1,1,0,5,0,36,0,0,0,0,0,0
61502,1,1,22,0,0,0,7,0,0,0,0,0
61503,1,1,0,0,0,0,0,0,0,0,0,0
61504,1,1,0,0,0,0,0,0,0,0,0,0
61505,1,1,26,16,10,16,15,17,27,26,11,6
61506,1,1,0,0,0,0,0,0,0,0,0,0
61507,1,1,10,0,6,16,16,6,0,4,14,8
61507,2,1,0,0,0,0,0,0,0,0,0,0
61508,1,1,0,0,0,0,0,0,0,0,0,0
61509,1,1,0,0,0,0,0,0,0,8,0,0
61509,2,1,0,0,0,0,0,0,30,0,0,0
61510,1,1,0,0,0,0,0,0,0,0,0,0
61510,2,1,0,0,0,0,0,0,0,0,0,18
61511,1,1,0,0,0,0,0,0,0,0,0,0
61512,1,1,0,0,0,0,0,0,0,0,0,0
61513,0,1,20,20,20,20,20,20,20,20,20,20
61513,1,1,16,0,0,0,0,0,0,0,24,10
61514,1,1,19,19,19,19,19,19,19,19,19,19
61514,2,1,0,0,0,0,0,0,0,0,0,16
61515,1,1,0,0,0,0,0,0,0,0,0,0
61515,2,1,0,0,0,0,0,0,0,22,0,0
61516,1,1,13,13,13,13,13,13,13,13,13,13
61517,1,1,19,19,19,19,19,19,19,19,19,19
61518,1,1,0,0,0,0,0,0,0,0,0,0
61519,1,1,18,18,18,18,18,18,18,18,18,18
61520,1,1,0,0,0,0,0,0,0,19,0,0
61521,0,1,26,26,26,26,26,26,26,26,26,26
61521,1,1,0,0,0,0,0,23,0,0,0,29
61522,0,1,0,0,0,0,0,0,0,0,0,0
61522,1,1,14,14,14,14,14,14,14,14,14,14
61523,0,1,0,0,0,0,0,0,0,0,0,0
61523,1,1,0,0,0,0,0,0,0,0,0,0
61524,1,1,0,0,0,0,0,0,0,0,0,0
61525,0,1,0,0,0,0,0,0,0,0,0,0
61525,1,1,0,19,0,0,27,16,0,0,11,35
61526,1,1,16,16,16,16,16,16,16,16,16,16
61526,2,1,0,0,0,0,0,0,0,0,0,0
61527,1,1,0,0,0,0,0,0,0,0,0,0
61528,1,1,18,18,18,18,18,18,18,18,18,18
61528,2,1,0,0,0,0,0,0,0,0,0,0
61529,1,1,17,17,17,17,17,17,17,17,17,17
61529,2,1,0,0,0,0,0,0,6,0,0,0
61530,1,1,32,32,32,32,32,32,32,32,32,32
61531,1,1,19,19,19,19,19,19,19,19,19,19
61532,1,1,0,0,0,0,0,0,0,0,0,0
61533,1,1,0,0,0,0,0,0,0,0,0,0
61533,2,1,0,0,0,0,0,0,0,0,0,0
61534,1,1,19,0,0,0,0,10,0,0,0,0
61534,2,1,0,0,0,0,0,0,0,0,0,0
61535,1,1,0,0,0,0,0,0,0,0,0,0
61535,2,1,0,0,0,0,0,0,0,0,0,0
61536,0,1,34,34,34,34,34,34,34,34,34,34
61536,1,1,0,0,0,0,0,0,0,0,0,0
61536,2,1,0,0,36,0,0,0,0,24,0,0
61537,0,1,0,0,0,0,0,0,0,0,0,0
61537,1,1,0,0,0,0,0,0,0,0,0,0
61538,0,1,0,0,0,0,0,0,0,0,0,0
61538,0,2,0,0,6,0,0,32,0,0,11,0
61538,1,1,0,0,0,0,0,0,0,0,0,0
61539,1,1,0,0,0,0,0,0,0,0,0,0
61539,2,1,0,0,0,0,0,0,0,0,0,0
61540,1,1,18,18,18,18,18,18,18,18,18,18
61540,2,1,9,9,9,9,9,9,9,9,9,9
61541,1,1,10,10,10,10,10,10,10,10,10,10
61541,2,1,0,0,12,0,40,0,16,0,0,0
61542,1,1,0,0,0,0,0,0,0,0,0,0
61542,2,1,0,0,0,0,0,0,0,0,0,0
61543,1,1,0,0,0,0,0,5,0,0,0,0
61544,1,1,5,5,5,5,5,5,5,5,5,5
61545,1,1,0,0,0,0,0,0,0,0,0,0
61546,0,1,12,37,0,12,29,12,0,0,0,15
61546,1,1,16,13,15,0,0,0,29,0,15,0
61547,1,1,26,26,26,26,26,26,26,26,26,26
61548,1,1,0,0,0,0,0,0,0,0,0,0
61548,2,1,0,0,0,0,0,0,0,0,0,0
61549,1,1,0,0,0,0,0,0,0,0,0,0
61549,2,1,0,0,0,0,0,0,0,0,0,0
61549,3,1,0,0,0,0,0,0,0,0,0,0
61550,1,1,0,0,0,0,0,0,0,0,0,0
61552,1,1,9,9,9,9,9,9,9,9,9,9
61553,0,1,42,42,42,42,42,42,42,42,42,42
61553,1,1,0,0,0,0,0,0,0,0,0,0
61553,2,1,0,0,0,0,0,0,0,0,0,0
61554,1,1,13,13,13,13,13,13,13,13,13,13
61554,2,1,0,0,0,0,0,0,15,0,0,0
61555,1,1,0,0,0,0,0,19,0,0,0,0
61555,2,1,0,0,20,0,0,0,0,0,0,0
61556,1,1,0,0,0,0,0,0,0,0,0,0
61556,2,1,0,0,0,0,0,0,0,0,0,0
61556,3,1,0,0,0,0,0,0,0,0,0,0
61557,1,1,0,0,0,0,0,0,0,0,0,0
61558,0,1,0,0,0,0,0,0,0,0,0,0
61558,1,1,0,6,0,0,0,10,0,0,11,36
61559,1,1,0,0,0,0,0,0,0,0,0,0
61559,2,1,6,0,0,0,0,0,0,0,0,0
61560,1,1,12,12,12,12,12,12,12,12,12,12
61561,1,1,0,0,0,0,0,0,0,0,0,0
61561,2,1,0,0,0,0,0,0,0,0,0,0
61562,0,1,0,21,14,30,0,16,0,0,0,19
61562,1,1,0,0,0,0,0,0,0,4,0,0
61563,1,1,14,14,14,14,14,14,14,14,14,14
61564,1,1,31,31,31,31,31,31,31,31,31,31
61564,2,1,0,0,0,0,0,0,0,0,0,0
61565,1,1,22,22,22,22,22,22,22,22,22,22
61566,0,1,0,0,0,0,0,0,0,0,0,0
61566,0,2,0,0,0,0,0,0,0,0,0,0
61566,1,1,0,0,28,0,0,0,0,0,11,0
61567,1,1,0,0,0,0,0,0,0,0,0,0
61567,2,1,8,0,0,0,0,0,0,0,0,18
61568,0,1,29,0,0,0,25,19,0,19,38,0
61568,1,1,10,9,22,27,14,19,20,39,17,28
61569,1,1,0,0,0,0,0,0,0,0,0,0
61569,2,1,32,0,0,0,0,0,0,0,0,0
61570,0,1,0,0,0,0,0,0,0,0,0,0
61570,1,1,0,0,0,0,0,12,0,0,0,11
61570,2,1,0,0,0,0,0,0,0,0,0,0
61571,1,1,0,0,0,0,0,0,0,0,0,0
61572,1,1,0,0,0,0,0,0,0,0,0,0
61572,2,1,9,0,0,0,0,0,0,0,0,0
61573,1,1,0,0,0,0,0,0,0,0,0,0
61573,2,1,0,0,23,0,0,0,0,0,0,0
61574,1,1,0,0,0,0,0,0,0,0,0,10
61574,2,1,0,0,0,0,0,0,0,0,0,0
61574,3,1,0,17,0,0,0,0,0,0,0,0
61574,4,1,0,0,0,0,0,0,0,0,0,0
61575,0,1,0,0,0,0,0,0,0,0,0,0
61575,1,1,0,0,0,0,0,0,0,0,0,0
61576,0,1,0,0,0,0,0,0,0,0,0,0
61576,1,1,0,0,0,0,0,0,0,0,0,0
61577,0,1,0,0,0,0,0,0,0,0,0,0
61577,1,1,0,0,0,0,0,0,0,0,0,0
61578,0,1,0,0,0,0,0,0,0,0,0,0
61578,1,1,0,0,17,0,0,0,0,0,0,0
61579,0,1,0,0,0,0,22,25,0,0,0,17
61579,1,1,0,0,0,0,0,0,0,0,0,0
61580,0,1,0,0,0,0,0,0,0,0,0,0
61580,1,1,0,0,0,0,0,0,0,0,0,0
61581,1,1,15,15,15,15,15,15,15,15,15,15
61581,2,1,0,0,0,0,0,0,0,0,0,0
61582,0,1,0,0,0,0,0,0,0,0,0,0
61582,1,1,0,0,0,4,9,0,0,0,0,0
61583,1,1,0,0,0,0,0,0,0,0,0,0
61584,1,1,0,0,0,0,0,0,21,0,0,0
61584,2,1,0,0,0,0,0,0,0,0,0,0
61584,3,1,0,0,0,0,0,0,0,0,0,0
61585,1,1,5,5,5,5,5,5,5,5,5,5
61585,2,1,0,20,0,0,0,12,0,0,14,0
61586,1,1,0,0,0,0,0,0,0,0,0,0
61586,2,1,0,0,0,14,0,7,0,0,0,0
61586,3,1,0,0,0,0,0,0,0,0,0,0
61587,0,1,11,11,11,11,11,11,11,11,11,11
61587,1,1,0,0,0,0,0,0,0,0,0,0
61588,0,1,0,0,0,0,0,0,0,0,0,0
61588,1,1,0,0,0,0,0,0,0,0,0,0
61589,0,1,0,0,0,0,0,0,0,0,0,0
61589,1,1,21,11,22,0,0,18,18,20,16,21
61590,1,1,0,0,0,0,0,0,0,0,0,0
61590,2,1,0,0,0,0,0,0,0,0,0,0
61591,1,1,0,0,0,0,0,0,0,0,0,0
61591,2,1,15,0,0,0,0,17,0,0,0,23
61592,1,1,23,23,23,23,23,23,23,23,23,23
61593,1,1,0,0,0,0,0,0,0,12,0,0
61593,2,1,0,0,0,0,0,0,0,0,0,0
61593,3,1,0,0,0,0,0,0,0,0,0,0
61594,1,1,0,0,0,0,0,0,0,0,0,0
61594,2,1,0,0,0,0,0,0,0,0,0,0
61594,3,1,0,0,0,0,0,0,0,0,0,0
61595,1,1,0,0,0,0,0,0,0,0,0,0
61595,2,1,0,0,0,0,0,0,0,0,0,0
61596,0,1,0,0,0,0,0,0,0,0,0,0
61596,1,1,0,0,0,0,0,0,0,0,0,0
61597,1,1,15,15,15,15,15,15,15,15,15,15
61598,1,1,0,0,0,0,0,0,0,0,0,0
61599,1,1,20,20,20,20,20,20,20,20,20,20
61600,0,1,0,0,0,0,0,0,0,0,0,0
61600,1,1,0,0,0,0,0,0,0,0,0,0
61601,1,1,30,30,30,30,30,30,30,30,30,30
61602,0,1,0,0,0,0,0,0,0,0,0,0
61602,1,1,0,0,0,0,0,0,0,0,0,0
61602,2,1,0,0,0,0,0,0,0,0,0,0
61603,1,1,14,14,14,14,14,14,14,14,14,14
61604,1,1,0,0,0,0,0,0,0,0,0,0
61605,1,1,9,9,9,9,9,9,9,9,9,9
61606,0,1,0,0,0,0,0,0,0,0,0,0
61606,1,1,0,0,9,0,0,0,0,0,0,0
61607,1,1,15,15,15,15,15,15,15,15,15,15
61608,1,1,21,21,21,21,21,21,21,21,21,21
61608,2,1,0,0,0,0,0,0,0,0,0,0
61609,0,1,0,0,0,0,0,0,0,0,0,0
61609,0,2,0,0,0,0,0,0,0,0,0,0
61609,1,1,0,0,0,0,0,0,0,0,28,0
61610,0,1,0,0,0,0,0,0,0,37,0,0
61610,1,1,0,0,14,0,15,0,0,0,0,16
61610,2,1,0,0,0,27,0,0,0,0,0,0
61611,1,1,0,0,0,0,0,0,0,0,0,0
61611,2,1,0,0,0,0,0,0,0,12,0,0
61612,1,1,5,5,5,5,5,5,5,5,5,5
61612,2,1,10,10,10,10,10,10,10,10,10,10
61613,1,1,15,15,15,15,15,15,15,15,15,15
61613,2,1,0,23,0,0,21,0,0,12,0,0
61614,1,1,25,25,25,25,25,25,25,25,25,25
61615,0,1,0,0,0,32,0,0,0,3,18,0
61615,1,1,0,0,0,0,0,0,0,0,0,16
61616,1,1,0,0,0,0,0,0,0,0,0,0
61617,1,1,16,16,16,16,16,16,16,16,16,16
61617,2,1,0,0,0,0,0,0,0,0,0,0
61618,1,1,0,0,0,0,0,0,0,0,0,0
61619,0,1,16,16,16,16,16,16,16,16,16,16
61619,1,1,0,17,0,0,0,0,0,0,0,0
61620,1,1,0,0,0,0,0,0,0,0,0,0
61621,0,1,0,0,0,0,0,0,0,0,0,0
61621,1,1,11,0,0,0,0,0,0,0,0,0
61622,0,1,11,14,0,0,0,0,0,0,0,0
61622,1,1,0,0,0,0,0,0,0,0,0,0
61623,0,1,23,0,0,0,42,7,0,0,0,16
61624,0,1,19,19,19,19,19,19,19,19,19,19
61624,1,1,0,0,0,0,0,0,0,0,0,0
61625,1,1,0,0,0,0,0,0,0,0,11,0
61626,1,1,0,0,0,0,0,0,0,0,0,0
61626,2,1,0,0,17,0,0,0,0,0,0,0
61627,1,1,17,17,17,17,17,17,17,17,17,17
61628,1,1,0,0,0,0,0,0,0,0,0,0
61628,2,1,0,0,0,0,0,0,0,0,0,0
61629,1,1,19,19,19,19,19,19,19,19,19,19
61630,1,1,20,20,20,20,20,20,20,20,20,20
61631,0,1,0,0,0,0,0,0,0,0,0,0
61631,1,1,0,0,0,0,0,32,0,0,7,0
61632,1,1,0,0,0,0,0,0,0,0,12,16
61632,2,1,7,16,0,15,11,6,0,10,0,15
61633,1,1,3,3,3,3,3,3,3,3,3,3
61634,1,1,0,0,0,0,0,0,0,0,0,0
61634,2,1,0,0,0,0,0,0,0,0,0,0
61635,1,1,16,16,16,16,16,16,16,16,16,16
61636,1,1,0,0,0,0,0,0,0,0,0,0
61637,0,1,0,0,0,0,0,0,0,0,0,0
61637,1,1,0,0,0,0,0,0,0,0,0,0
61638,0,1,0,0,0,0,0,0,0,0,0,0
61638,1,1,0,0,0,0,0,0,0,0,0,0
61639,1,1,14,14,14,14,14,14,14,14,14,14
61641,1,1,0,0,0,0,0,0,0,0,0,0
61641,2,1,0,0,0,0,0,0,0,0,0,0
61641,3,1,0,0,0,0,0,0,0,0,0,0
61641,4,1,0,0,0,0,0,0,0,0,0,0
61642,0,1,21,21,21,21,21,21,21,21,21,21
61642,1,1,0,0,0,0,0,0,0,0,0,0
61643,1,1,15,15,15,15,15,15,15,15,15,15
61643,2,1,0,0,0,0,0,23,0,0,16,0
61643,3,1,0,0,0,0,0,0,0,4,3,0
61644,1,1,0,0,0,0,0,0,0,0,0,0
61645,0,1,0,0,0,0,0,0,0,0,0,0
61645,1,1,0,0,0,0,0,0,0,0,0,0
61645,2,1,0,0,0,0,0,0,0,0,0,0
61646,1,1,0,0,0,0,0,0,0,0,0,0
61646,2,1,0,0,0,0,0,0,0,0,0,0
61647,0,1,0,11,0,0,25,0,21,21,0,0
61647,1,1,0,11,0,0,0,0,0,27,0,27
61648,0,1,0,0,0,0,0,0,0,0,0,0
61648,1,1,0,0,0,0,0,0,0,0,0,0
61649,1,1,0,0,0,0,0,0,0,0,0,0
61649,2,1,0,0,0,0,0,0,0,0,0,0
61650,1,1,0,0,0,0,0,0,0,0,0,0
61651,0,1,0,0,0,0,0,0,0,0,0,0
61651,1,1,13,0,0,0,0,20,0,0,0,0
61652,0,1,0,0,0,0,0,0,0,0,0,0
61652,1,1,0,0,0,0,0,0,0,0,0,0
61653,1,1,0,0,0,0,0,0,0,0,0,0
61654,0,1,0,0,0,0,0,0,0,0,0,0
61654,1,1,0,0,0,0,0,0,0,0,0,0
61655,0,1,0,3,0,0,0,0,17,0,9,0
61655,1,1,0,0,0,0,0,0,0,0,0,0
61656,0,1,0,0,0,0,0,0,0,0,0,0
61656,1,1,0,0,35,0,0,0,0,0,0,0
61656,2,1,0,0,0,0,0,0,0,0,0,0
61657,1,1,0,0,0,0,0,0,0,0,0,0
61657,2,1,0,0,0,0,0,0,0,0,0,0
61658,1,1,0,0,0,0,0,0,0,0,0,0
61659,1,1,0,0,0,0,0,0,0,0,0,0
61660,0,1,0,0,0,0,0,0,0,0,0,0
61660,0,2,0,0,0,0,0,0,0,0,0,0
61660,1,1,0,0,0,0,0,0,0,0,0,0
61661,1,1,0,0,0,0,0,0,0,15,0,0
61661,2,1,0,0,0,0,0,0,0,0,0,0
61662,0,1,0,0,0,0,0,0,0,0,0,0
61662,1,1,0,0,0,0,0,0,0,0,0,0
61662,2,1,0,0,0,0,0,0,0,0,0,0
61662,3,1,0,0,0,0,0,0,0,0,0,0
61663,1,1,0,0,0,0,0,0,0,0,0,0
61663,2,1,0,0,0,0,0,0,0,0,0,0
61664,1,1,0,0,0,0,0,0,0,0,0,0
61664,2,1,0,0,0,0,0,0,0,0,0,0
61665,1,1,0,0,0,0,0,0,0,0,0,0
61665,2,1,0,0,0,0,0,0,0,0,0,0
61665,3,1,0,0,0,0,0,0,0,0,0,0
61666,0,1,0,0,0,0,0,0,0,0,0,0
61666,1,1,0,0,0,0,0,0,0,0,0,0
61667,0,1,0,0,0,0,0,0,0,0,0,0
61667,1,1,1,1,1,1,1,1,1,1,1,1
61668,1,1,0,0,0,0,0,0,0,0,0,0
61669,1,1,0,0,0,0,0,0,0,0,0,0
61669,2,1,0,0,0,0,0,0,0,0,0,0
61670,1,1,0,0,0,0,0,0,0,0,0,0
61671,1,1,38,38,38,38,38,38,38,38,38,38
61672,0,1,1,1,1,1,1,1,1,1,1,1
61672,1,1,0,13,0,18,13,0,32,0,23,11
61673,1,1,0,0,0,0,0,0,0,0,0,0
61673,2,1,0,0,0,0,0,0,0,0,0,0
61674,1,1,28,28,28,28,28,28,28,28,28,28
61674,2,1,0,0,0,0,0,0,12,0,0,0
61675,1,1,25,25,25,25,25,25,25,25,25,25
61675,2,1,10,21,21,19,19,0,14,3,0,7
61676,0,1,0,0,0,0,0,0,0,0,0,0
61676,1,1,0,0,0,0,0,0,0,0,0,0
61677,0,1,0,0,0,0,0,0,0,0,0,0
61677,1,1,0,0,0,0,0,0,0,0,0,0
61678,1,1,0,0,0,0,0,0,0,0,0,0
61678,2,1,12,0,0,0,0,0,0,0,0,0
61679,1,1,7,17,15,33,14,0,20,0,24,0
61679,2,1,0,0,0,0,0,0,0,0,0,0
61680,1,1,0,0,0,0,0,0,0,0,0,0
61681,1,1,0,0,0,0,0,0,0,0,0,0
61681,2,1,0,0,0,0,0,0,0,0,0,0
61681,3,1,0,0,0,0,0,0,0,0,0,6
61682,0,1,2,2,2,2,2,2,2,2,2,2
61682,1,1,12,12,12,12,12,12,12,12,12,12
61683,1,1,11,11,11,11,11,11,11,11,11,11
61683,2,1,7,7,7,7,7,7,7,7,7,7
61684,0,1,11,11,11,11,11,11,11,11,11,11
61684,1,1,22,24,3,0,12,23,15,36,12,11
61685,1,1,0,0,0,0,0,0,0,0,0,0
61685,2,1,0,0,0,0,0,0,0,0,0,8
61686,1,1,0,0,0,0,0,0,0,0,0,0
61686,2,1,0,0,0,0,0,0,0,0,0,0
61687,0,1,22,22,22,22,22,22,22,22,22,22
61687,2,1,10,10,10,10,10,10,10,10,10,10
61687,3,1,0,0,0,0,0,0,0,0,0,0
61688,0,1,17,17,17,17,17,17,17,17,17,17
61688,1,1,23,5,10,34,0,0,23,3,8,0
61689,1,1,0,0,0,0,0,0,0,0,0,0
61689,2,1,0,0,0,0,0,0,0,0,0,0
61690,1,1,0,0,0,0,0,0,0,0,0,0
61690,2,1,0,0,0,0,0,0,0,0,0,0
61691,0,1,0,0,0,0,0,0,0,0,0,0
61691,1,1,0,0,0,0,0,0,0,0,0,0
61692,0,1,0,0,0,0,0,0,0,0,0,0
61692,1,1,0,0,0,0,0,0,0,0,0,0
61693,1,1,0,0,0,0,0,0,0,0,0,0
61693,2,1,0,0,0,0,0,0,0,0,0,0
61693,3,1,0,0,0,0,0,0,19,0,0,0
61693,4,1,0,0,0,0,0,0,0,0,0,0
61694,0,1,0,0,0,0,0,0,0,0,0,0
61694,1,1,0,25,0,0,0,0,0,0,0,0
61695,1,1,0,35,0,10,0,0,24,23,0,0
61696,1,1,0,0,0,0,0,0,0,0,0,0
61697,1,1,0,0,0,0,0,0,0,0,0,0
61698,0,1,5,5,5,5,5,5,5,5,5,5
61698,1,1,0,0,0,0,0,0,0,0,0,0
61698,2,1,0,0,0,17,0,4,0,0,0,0
61698,3,1,8,0,0,31,0,8,0,0,0,22
61699,0,1,0,0,0,0,17,18,33,0,0,11
61699,1,1,0,0,0,5,0,0,0,0,0,0
61701,1,1,0,0,0,0,0,0,0,0,0,0
61701,2,1,0,0,0,0,0,0,0,0,0,0
61702,1,1,0,0,0,0,0,0,0,0,0,0
61703,1,1,0,0,0,0,10,0,0,0,0,0
61703,2,1,0,0,0,0,0,0,0,0,0,0
61704,1,1,0,14,10,28,0,12,19,0,0,13
61705,1,1,22,22,22,22,22,22,22,22,22,22
61705,2,1,0,0,0,0,0,0,0,0,0,0
61706,0,1,0,0,0,0,0,0,0,0,0,0
61706,1,1,0,0,0,6,24,0,0,0,20,0
61707,0,1,11,0,0,0,0,22,24,14,8,0
61707,1,1,22,22,22,22,22,22,22,22,22,22
61707,2,1,12,0,3,3,12,15,14,0,11,0
61708,0,1,36,36,36,36,36,36,36,36,36,36
61708,1,1,0,0,0,0,0,0,0,0,0,0
61709,1,1,0,0,0,0,0,0,0,0,0,0
61710,1,1,23,23,23,23,23,23,23,23,23,23
61711,0,1,26,26,26,26,26,26,26,26,26,26
61711,1,1,6,0,0,22,0,0,0,0,0,17
61712,0,1,29,29,29,29,29,29,29,29,29,29
61712,1,1,0,0,11,0,0,0,0,0,0,0
61713,1,1,0,0,0,0,0,0,0,0,0,0
61714,1,1,15,15,15,15,15,15,15,15,15,15
61714,2,1,0,13,0,12,0,0,0,0,0,0
61714,3,1,0,0,0,0,0,0,18,0,0,0
61715,1,1,25,25,25,25,25,25,25,25,25,25
61716,0,1,20,0,12,0,0,32,22,10,9,18
61716,1,1,0,0,15,0,0,0,21,0,0,24
61717,1,1,0,0,0,0,0,0,0,0,0,0
61717,2,1,0,0,0,0,0,0,0,0,0,0
61718,1,1,13,13,13,13,13,13,13,13,13,13
61719,1,1,0,0,0,0,0,0,0,0,0,0
61719,2,1,0,0,0,0,0,0,0,0,0,0
61719,3,1,0,0,0,0,0,0,0,0,0,0
61720,1,1,17,17,17,17,17,17,17,17,17,17
61721,1,1,0,0,0,0,0,0,0,0,0,0
61722,1,1,13,13,13,13,13,13,13,13,13,13
61722,2,1,0,0,0,0,0,0,0,0,0,0
61723,1,1,0,0,0,0,0,0,0,0,0,0
61723,2,1,0,0,0,0,0,0,0,0,0,0
61724,1,1,14,14,14,14,14,14,14,14,14,14
61725,1,1,0,0,0,0,0,0,0,0,0,0
61725,2,1,0,0,0,0,0,0,0,0,0,0
61726,1,1,0,0,0,0,0,0,0,0,0,12
61726,2,1,0,0,0,0,0,0,0,0,0,0
61727,1,1,0,0,0,0,0,0,0,0,0,0
61727,2,1,0,0,0,0,0,0,0,0,0,0
61728,1,1,27,27,27,27,27,27,27,27,27,27
61729,1,1,0,9,0,0,0,0,0,0,0,0
61729,2,1,0,0,0,0,0,0,0,0,0,0
61729,3,1,0,0,0,0,0,0,0,0,0,0
61730,1,1,0,0,0,0,0,0,0,0,0,0
61731,1,1,13,13,13,13,13,13,13,13,13,13
61732,1,1,0,0,0,0,0,0,0,0,0,0
61732,2,1,0,0,0,0,0,0,0,0,0,0
61733,1,1,0,0,0,0,0,0,0,0,0,0
61733,2,1,0,0,0,0,0,0,0,0,0,0
61734,0,1,0,0,0,0,0,0,0,0,0,0
61734,1,1,31,0,13,0,0,0,19,0,0,0
61735,1,1,0,0,0,0,0,0,0,0,0,0
61735,2,1,0,0,0,0,0,12,15,0,0,0
61736,1,1,0,0,0,0,0,0,0,0,0,0
61737,1,1,0,0,0,0,0,0,0,0,0,0
61738,1,1,0,0,0,0,0,0,0,0,0,0
61738,2,1,0,0,0,0,0,0,0,0,0,0
61739,1,1,0,0,0,0,0,0,0,0,0,0
61739,2,1,21,21,21,21,21,21,21,21,21,21
61740,1,1,0,0,0,0,0,0,0,0,0,0
61740,2,1,0,0,0,0,0,0,0,0,0,0
61741,1,1,0,0,0,0,0,0,0,0,0,0
61742,0,1,0,0,0,0,0,0,0,0,0,0
61742,1,1,0,0,0,0,0,0,0,0,0,0
61743,0,1,0,0,0,0,0,0,0,0,0,0
61743,1,1,0,0,0,0,0,0,0,0,0,0
61744,1,1,0,0,0,0,0,0,0,0,0,0
61744,2,1,0,0,0,0,0,0,0,0,0,0
61744,3,1,0,0,0,0,0,0,0,0,0,0
61745,1,1,9,9,9,9,9,9,9,9,9,9
61745,2,1,0,0,0,0,0,0,0,0,0,0
61746,1,1,13,11,44,23,11,9,19,24,17,23
61746,2,1,0,0,0,0,0,0,0,0,0,0
61746,3,1,9,17,8,0,0,0,11,0,0,4
61747,1,1,22,22,22,22,22,22,22,22,22,22
61748,1,1,22,22,22,22,22,22,22,22,22,22
61749,1,1,15,15,15,15,15,15,15,15,15,15
61750,1,1,0,0,0,0,0,0,0,0,0,0
61750,2,1,0,15,0,0,0,0,0,0,0,0
61750,3,1,0,0,0,0,0,0,0,0,0,0
61751,1,1,22,22,22,22,22,22,22,22,22,22