ST_CASE,VEH_NO,PER_NO,P1,P2,P3,P4,P5,P6,P7,P8,P9,P10
62037,1,1,0,0,27,0,0,0,0,0,0,0
62038,0,1,0,0,0,0,0,0,0,0,0,0
62038,1,1,13,20,0,25,16,14,0,0,0,31
62039,1,1,0,0,0,0,0,0,0,0,0,0
62039,2,1,0,0,0,0,0,0,0,0,0,0
62040,0,1,0,0,0,0,0,0,0,0,0,0
62040,1,1,0,0,0,0,0,0,0,0,22,0
62041,1,1,0,0,0,0,0,0,0,0,0,0
62042,1,1,26,26,26,26,26,26,26,26,26,26
62042,2,1,0,0,0,0,0,0,0,0,0,0
62043,1,1,0,0,0,0,0,0,0,0,0,0
62044,0,1,0,0,0,0,0,0,0,0,0,0
62044,1,1,0,0,0,0,0,0,0,0,0,0
62045,1,1,0,0,0,0,0,21,0,19,0,15
62045,2,1,0,0,0,0,0,0,0,0,8,0
62046,1,1,0,0,0,0,0,0,0,0,0,0
62047,0,1,0,0,0,0,0,0,0,0,0,0
62047,1,1,0,0,0,0,0,0,0,0,0,0
62048,1,1,0,0,0,0,0,0,0,0,0,0
62049,0,1,0,0,0,20,27,0,0,38,25,20
62049,1,1,0,0,0,0,0,0,0,0,0,0
62050,0,1,28,28,28,28,28,28,28,28,28,28
62050,1,1,0,0,0,0,0,0,0,0,0,0
62051,0,1,0,0,0,0,0,0,14,0,0,0
62051,1,1,0,0,0,0,0,0,0,0,0,0
62052,1,1,0,0,0,0,0,0,0,0,0,0
62052,2,1,0,0,0,0,0,0,0,0,0,0
62053,1,1,0,0,0,0,0,0,0,0,0,0
62053,2,1,0,0,0,0,0,0,0,0,0,0
62053,3,1,0,0,0,0,0,0,0,0,0,0
62054,1,1,27,27,27,27,27,27,27,27,27,27
62055,1,1,0,0,0,0,0,0,0,0,0,0
62055,2,1,0,0,0,0,0,0,0,0,0,0
62056,1,1,0,0,0,0,0,0,0,0,0,0
62057,0,1,0,0,13,31,0,30,15,17,13,0
62057,1,1,0,0,0,0,0,0,0,0,0,0
62058,1,1,16,16,16,16,16,16,16,16,16,16
62058,2,1,0,0,0,0,0,0,0,0,0,0
62059,0,1,0,0,0,0,0,0,0,0,0,0
62059,1,1,0,0,0,0,0,0,0,0,0,0
62060,0,1,0,0,0,0,0,0,0,0,0,0
62060,1,1,0,0,0,0,0,0,0,0,0,0
62061,0,1,8,15,18,0,0,40,19,0,0,0
62061,1,1,0,0,0,0,0,0,0,0,0,0
62062,1,1,17,17,17,17,17,17,17,17,17,17
62063,1,1,0,0,25,0,0,0,0,0,0,0
62064,1,1,7,7,7,7,7,7,7,7,7,7
62064,2,1,0,0,0,0,0,0,0,0,0,0
62065,0,1,22,22,22,22,22,22,22,22,22,22
62065,1,1,0,0,0,0,0,0,0,0,0,0
62065,2,1,27,25,22,5,8,14,13,0,15,22
62065,3,1,0,0,0,9,9,4,19,0,0,4
62066,1,1,12,12,12,12,12,12,12,12,12,12
62067,0,1,27,0,0,0,0,0,0,0,0,0
62067,1,1,0,0,0,0,0,0,0,0,0,0
62068,1,1,0,0,0,0,0,0,0,0,0,0
62069,1,1,24,24,24,24,24,24,24,24,24,24
62069,2,1,0,0,0,0,13,0,0,0,0,0
62070,1,1,12,12,12,12,12,12,12,12,12,12
62071,0,1,0,0,0,0,0,0,0,0,0,0
62071,1,1,0,0,0,0,0,0,0,0,0,0
62072,1,1,18,18,18,18,18,18,18,18,18,18
62073,1,1,21,21,21,21,21,21,21,21,21,21
62074,1,1,40,40,40,40,40,40,40,40,40,40
62074,2,1,0,0,0,0,0,0,0,0,0,0
62075,1,1,34,34,34,34,34,34,34,34,34,34
62076,1,1,14,14,14,14,14,14,14,14,14,14
62077,1,1,0,0,0,0,0,0,0,0,0,0
62077,2,1,0,0,7,0,0,0,0,0,0,0
62077,3,1,0,0,0,0,0,0,0,0,0,0
62077,4,1,0,0,0,0,0,0,0,0,0,0
62078,1,1,0,0,0,0,0,0,0,0,0,0
62078,2,1,0,0,0,0,0,0,0,0,0,0
62079,1,1,0,0,0,0,0,0,0,0,0,0
62079,2,1,0,0,0,0,0,0,0,0,0,0
62080,1,1,0,0,0,0,0,0,0,0,0,0
62081,1,1,0,0,0,0,0,0,0,0,0,17
62081,2,1,0,0,0,0,0,0,0,0,0,0
62082,0,1,0,0,0,0,0,0,0,0,0,0
62082,1,1,0,0,0,0,0,0,0,0,0,0
62083,1,1,0,0,0,0,0,0,0,0,0,0
62083,2,1,0,0,0,0,0,0,0,0,0,0
62084,1,1,7,7,7,7,7,7,7,7,7,7
62084,2,1,0,0,0,0,0,0,0,0,0,0
62085,0,1,0,0,0,0,0,0,0,0,0,0
62085,1,1,0,0,0,0,0,0,0,0,0,0
62086,0,1,0,0,0,0,0,0,0,0,0,0
62086,0,2,0,0,0,0,0,0,0,0,0,0
62086,1,1,9,9,9,9,9,9,9,9,9,9
62086,2,1,0,0,0,0,0,0,0,0,0,0
62086,3,1,0,0,0,0,0,17,0,0,0,0
62086,4,1,0,0,0,0,0,0,0,0,0,0
62087,1,1,14,14,14,14,14,14,14,14,14,14
62088,0,1,0,0,0,0,0,0,0,0,0,0
62088,1,1,0,0,0,15,0,0,0,0,0,0
62089,1,1,0,0,0,0,0,0,0,0,0,0
62089,2,1,0,0,0,0,0,0,0,0,0,0
62090,1,1,0,0,0,0,0,0,0,0,0,0
62091,0,1,0,0,0,0,0,0,0,0,0,0
62091,1,1,0,0,0,0,0,0,22,0,0,0
62092,0,1,0,0,0,0,0,0,0,0,0,0
62092,1,1,0,19,0,0,0,0,15,0,0,0
62093,1,1,12,12,12,12,12,12,12,12,12,12
62093,2,1,0,0,0,0,0,0,0,0,0,0
62094,1,1,0,9,6,0,0,0,0,16,0,0
62095,1,1,0,0,0,0,0,0,0,0,0,0
62095,2,1,0,0,0,0,0,0,0,0,0,0
62096,1,1,29,29,29,29,29,29,29,29,29,29
62097,1,1,0,0,0,0,0,0,0,0,0,0
62097,2,1,0,0,0,0,0,0,0,0,0,0
62098,0,1,0,0,0,0,0,0,0,0,0,0
62098,1,1,0,0,0,0,0,0,0,0,0,0
62099,1,1,15,15,15,15,15,15,15,15,15,15
62100,1,1,0,0,0,0,0,0,0,0,0,0
62100,2,1,0,0,0,0,0,0,0,0,0,0
62100,3,1,0,0,0,0,0,0,0,0,0,0
62100,4,1,0,0,0,0,0,0,0,0,0,0
62100,5,1,0,0,0,0,10,0,0,0,0,0
62101,0,1,0,0,0,0,0,0,0,0,0,0
62101,1,1,0,0,0,0,0,0,0,0,0,0
62102,1,1,4,0,0,0,0,0,0,0,0,0
62103,1,1,0,0,0,0,0,0,0,0,0,0
62104,1,1,0,0,0,0,0,0,0,0,0,0
62105,1,1,0,0,0,0,0,0,0,0,0,0
62106,1,1,0,0,0,0,0,0,0,0,0,0
62107,1,1,0,0,0,0,0,0,0,0,0,0
62107,2,1,0,0,0,0,24,0,0,0,0,0
62108,1,1,27,0,0,0,0,0,0,0,0,0
62108,2,1,0,0,0,0,0,0,0,0,0,0
62109,1,1,0,0,0,0,0,0,0,0,0,0
62110,1,1,0,0,0,0,0,0,0,0,0,0
62111,1,1,3,3,3,3,3,3,3,3,3,3
62112,0,1,7,7,7,7,7,7,7,7,7,7
62112,1,1,11,0,22,16,0,14,0,0,0,19
62113,1,1,0,0,0,10,0,0,0,0,0,0
62114,0,1,0,0,0,0,0,0,0,0,0,0
62114,1,1,4,0,0,0,0,0,0,21,10,0
62114,2,1,17,14,22,0,0,0,0,0,0,0
62115,0,1,21,21,21,21,21,21,21,21,21,21
62115,1,1,0,0,0,0,0,0,0,0,0,0
62116,1,1,17,17,17,17,17,17,17,17,17,17
62117,1,1,0,0,0,0,0,0,0,0,0,0
62117,2,1,21,0,0,0,0,0,0,0,0,0
62118,1,1,0,0,0,0,0,0,0,0,0,0
62118,2,1,0,23,0,0,0,0,0,0,0,0
62118,3,1,0,0,0,0,0,0,0,0,0,0
62118,4,1,0,0,0,0,0,0,0,0,0,0
62119,1,1,0,0,0,0,0,0,0,0,0,0
62119,2,2,0,0,0,0,0,0,0,0,0,0
62120,1,1,26,26,26,26,26,26,26,26,26,26
62121,1,1,0,0,0,0,0,0,0,0,0,0
62121,2,1,0,0,0,0,0,0,0,0,0,0
62121,3,1,0,0,13,0,0,0,0,0,0,0
62122,1,1,0,0,0,0,0,0,0,0,0,0
62122,2,1,0,0,0,33,0,0,0,0,0,0
62122,3,1,0,0,0,0,0,0,0,0,0,0
62123,1,1,0,0,0,0,0,0,0,0,0,0
62124,1,1,0,19,0,0,0,0,0,0,12,30
62125,1,1,0,0,0,0,0,0,0,0,0,0
62126,1,1,0,0,0,0,0,0,0,0,0,0
62127,0,1,3,3,3,3,3,3,3,3,3,3
62127,1,1,0,0,0,0,0,0,0,16,0,0
62127,2,1,19,19,19,19,19,19,19,19,19,19
62128,1,1,23,23,23,23,23,23,23,23,23,23
62129,1,1,15,15,15,15,15,15,15,15,15,15
62130,1,1,0,0,0,0,0,0,0,0,0,0
62130,2,1,0,0,0,0,0,0,0,0,0,0
62131,1,1,0,0,0,10,0,0,0,0,0,0
62132,0,1,0,0,0,0,0,0,0,0,0,0
62132,1,1,0,0,21,0,0,0,0,0,0,0
62133,0,1,34,34,34,34,34,34,34,34,34,34
62133,1,1,9,0,0,0,0,0,0,0,0,0
62134,0,1,0,0,0,0,0,0,0,0,0,0
62134,1,1,0,0,0,0,0,0,0,0,0,0
62135,1,1,0,0,0,0,0,0,0,0,0,0
62135,2,1,0,0,0,0,0,0,0,0,0,0
62136,1,1,30,30,30,30,30,30,30,30,30,30
62136,2,1,0,14,0,0,0,0,0,25,0,0
62136,3,1,0,0,0,17,0,0,0,0,0,0
62136,4,1,0,0,0,0,0,0,0,0,0,0
62137,0,1,0,0,0,0,0,0,0,0,0,0
62137,0,2,25,0,0,23,0,0,0,0,0,12
62137,1,1,0,0,0,0,0,0,0,0,0,0
62138,1,1,0,0,0,0,0,0,0,0,0,0
62138,2,1,0,19,0,0,0,0,0,0,0,0
62139,1,1,8,8,8,8,8,8,8,8,8,8
62140,1,1,12,0,17,0,0,16,0,0,0,0
62141,0,1,0,0,0,0,0,0,0,0,0,0
62141,0,2,0,0,0,0,0,0,0,0,0,0
62141,1,1,0,0,0,0,0,0,0,0,0,0
62142,1,1,16,16,16,16,16,16,16,16,16,16
62143,1,1,11,11,11,11,11,11,11,11,11,11
62143,2,1,8,8,8,8,8,8,8,8,8,8
62144,1,1,23,23,23,23,23,23,23,23,23,23
62144,2,1,0,0,0,0,0,0,0,0,0,0
62145,0,1,4,4,4,4,4,4,4,4,4,4
62145,1,1,0,0,0,0,0,0,0,0,0,0
62146,1,1,0,0,0,0,0,0,0,0,0,0
62146,2,1,0,10,39,0,9,0,22,0,0,0
62146,3,1,0,0,0,0,0,23,0,0,0,0
62146,4,1,0,0,24,0,0,0,0,0,0,0
62147,1,1,0,0,0,0,0,0,0,0,0,0
62148,1,1,0,0,0,0,0,0,0,0,0,0
62149,1,1,0,0,0,0,0,0,0,0,0,0
62150,0,1,0,0,0,8,0,0,24,4,0,0
62150,1,1,0,0,0,0,0,11,0,0,7,0
62151,0,1,0,0,0,0,0,0,0,0,0,0
62151,1,1,0,0,0,0,0,0,0,0,0,0
62152,0,1,0,0,0,0,0,0,0,0,0,0
62152,1,1,6,16,14,9,9,12,7,0,14,7
62153,0,1,21,21,21,21,21,21,21,21,21,21
62153,1,1,0,0,0,0,0,0,0,0,0,0
62154,1,1,0,41,15,0,0,38,0,15,34,0
62155,1,1,0,0,0,0,0,0,0,0,0,0
62155,2,1,0,0,0,0,8,0,0,0,0,6
62156,0,1,35,35,35,35,35,35,35,35,35,35
62156,1,1,0,0,13,6,0,0,0,0,0,0
62157,0,1,0,0,0,0,0,0,0,0,0,0
62157,1,1,0,0,0,0,0,0,0,0,0,0
62158,1,1,10,10,10,10,10,10,10,10,10,10
62159,0,1,23,23,23,23,23,23,23,23,23,23
62159,1,1,0,0,0,0,0,0,0,0,0,0
62160,1,1,0,0,0,0,0,0,0,0,0,0
62160,2,1,0,0,0,0,0,0,0,0,0,8
62161,1,1,0,0,0,0,0,0,0,0,0,0
62162,1,1,0,0,0,0,0,0,0,0,0,0
62162,2,1,0,0,0,0,0,0,0,0,0,0
62162,3,1,0,0,0,0,0,0,0,0,0,0
62163,1,1,0,0,0,0,0,0,0,0,0,0
62163,2,1,0,0,0,0,0,0,0,0,0,0
62164,1,1,0,0,0,0,0,0,0,0,0,0
62164,2,1,0,0,0,0,0,0,0,0,0,0
62165,1,1,0,0,0,0,0,0,0,0,0,0
62165,2,1,0,0,0,0,0,0,0,0,0,0
62165,3,1,0,0,0,0,20,16,0,0,0,0
62165,4,1,0,0,0,0,0,0,0,0,0,0
62166,1,1,0,0,0,0,0,0,0,0,0,0
62166,2,1,0,0,0,10,0,20,0,19,0,39
62166,3,1,0,0,0,0,0,0,0,0,0,0
62167,1,1,0,0,0,0,0,0,0,0,0,0
62167,2,1,7,0,0,0,0,0,0,0,0,0
62167,3,1,0,0,0,0,6,0,0,0,0,0
62168,1,1,0,0,0,0,0,0,0,0,0,0
62168,2,1,0,0,0,0,0,0,0,0,0,0
62168,3,1,0,0,0,0,0,0,0,0,0,0
62169,1,1,0,0,0,0,0,0,0,21,0,0
62170,1,1,16,16,16,16,16,16,16,16,16,16
62171,1,1,0,0,0,0,0,49,18,0,0,10
62171,2,1,0,0,0,0,0,0,10,0,0,0
62172,0,1,0,0,0,0,0,0,0,0,0,0
62172,1,1,0,12,0,0,0,0,0,0,0,0
62173,1,1,10,10,10,10,10,10,10,10,10,10
62173,2,1,0,0,0,0,0,0,0,0,0,0
62173,3,1,0,0,0,0,0,0,0,0,0,0
62174,1,1,0,0,0,0,0,0,0,0,0,0
62174,2,1,0,0,0,21,0,0,16,0,0,0
62175,1,1,0,0,0,0,0,0,0,0,0,0
62175,2,1,0,0,0,0,0,0,0,0,0,0
62176,1,1,0,0,0,0,0,0,0,0,0,0
62176,2,1,0,0,0,0,0,0,8,0,0,0
62177,1,1,9,9,9,9,9,9,9,9,9,9
62178,0,1,0,0,0,0,0,0,0,0,0,0
62178,1,1,0,0,0,0,0,0,0,0,0,0
62179,1,1,35,35,35,35,35,35,35,35,35,35
62179,2,1,0,0,0,0,0,0,0,0,0,0
62180,0,1,0,0,0,0,0,0,0,0,0,0
62180,1,1,0,0,0,0,0,0,0,0,0,0
62180,2,1,25,0,0,0,0,0,0,0,0,0
62181,1,1,25,25,25,25,25,25,25,25,25,25
62182,1,1,0,0,0,0,0,0,0,0,0,0
62182,2,1,0,0,0,0,0,0,0,0,0,0
62183,1,1,0,0,0,0,0,0,0,0,0,0
62183,2,1,0,0,0,0,0,0,0,0,0,5
62183,3,1,0,0,0,0,0,0,0,0,0,0
62183,4,1,0,0,0,0,0,0,0,0,0,0
62184,1,1,9,9,9,9,9,9,9,9,9,9
62185,1,1,0,0,0,0,0,0,0,0,0,0
62185,2,1,0,0,0,0,0,0,0,0,0,0
62186,1,1,26,26,26,26,26,26,26,26,26,26
62187,1,1,19,19,19,19,19,19,19,19,19,19
62188,1,1,17,17,17,17,17,17,17,17,17,17
62189,0,1,14,24,9,0,15,3,8,15,17,5
62189,1,1,0,0,8,0,4,17,0,0,0,0
62190,0,1,0,0,0,0,0,0,0,0,0,0
62190,0,2,0,0,0,0,0,0,0,0,0,0
62190,1,1,0,30,0,0,0,0,0,0,0,0
62191,1,1,6,6,6,6,6,6,6,6,6,6
62192,0,1,26,2,14,27,33,35,35,7,0,32
62192,1,1,0,0,0,0,0,0,0,0,0,0
62193,1,1,22,22,22,22,22,22,22,22,22,22
62194,1,1,0,0,0,0,0,0,0,0,0,0
62195,0,1,0,0,0,0,0,0,0,0,0,0
62195,1,1,0,0,0,0,25,19,0,0,0,23
62196,0,1,0,0,0,8,0,0,0,0,34,0
62196,1,1,0,0,0,0,0,0,0,0,0,0
62197,0,1,0,0,0,0,0,0,0,0,0,0
62197,1,1,0,0,0,0,11,0,0,0,0,0
62198,0,1,0,20,0,0,25,0,0,0,0,22
62199,1,1,0,0,0,0,0,0,0,0,0,0
62199,2,1,0,0,0,0,0,0,0,0,11,0
62200,1,1,34,34,34,34,34,34,34,34,34,34
62200,2,1,0,0,0,0,0,0,0,0,0,0
62201,1,1,21,21,21,21,21,21,21,21,21,21
62201,2,1,0,0,0,0,0,0,0,0,0,0
62202,1,1,0,0,0,0,0,0,0,0,0,0
62202,2,1,0,0,0,0,0,0,0,21,0,0
62203,0,1,0,0,0,0,0,0,0,0,0,0
62203,1,1,0,0,0,0,0,0,0,0,0,0
62204,0,1,0,0,0,0,0,0,0,0,0,0
62204,0,2,0,0,0,0,0,0,0,0,0,0
62204,1,1,0,0,0,0,0,0,0,0,10,0
62205,1,1,11,11,11,11,11,11,11,11,11,11
62205,2,1,0,0,0,0,0,0,0,0,0,0
62205,3,1,0,0,0,0,0,0,0,0,0,0
62206,0,1,2,2,2,2,2,2,2,2,2,2
62206,1,1,0,0,0,0,0,0,0,0,0,0
62207,1,1,13,5,15,11,13,27,20,37,12,15
62207,2,1,0,0,0,0,0,0,0,0,0,0
62207,3,1,0,0,0,0,0,0,0,0,24,0
62207,4,1,0,0,0,0,0,0,0,0,0,0
62207,5,1,0,0,0,0,0,0,0,0,6,0
62207,6,1,0,0,0,0,0,0,0,15,0,0
62207,7,1,0,0,0,0,0,0,0,0,0,0
62208,0,1,0,0,0,0,0,0,0,0,0,0
62208,1,1,0,0,0,0,0,0,0,0,0,0
62209,1,1,15,15,15,15,15,15,15,15,15,15
62210,0,1,0,0,0,0,0,0,0,0,0,0
62210,1,1,16,17,0,0,0,0,0,0,0,0
62211,0,1,0,0,0,0,0,0,0,0,0,0
62211,1,1,0,0,0,0,0,0,0,0,0,0
62212,1,1,0,0,0,0,0,0,0,0,0,0
62212,2,1,0,0,0,0,0,0,0,0,0,0
62213,0,1,0,0,0,0,17,0,17,11,0,17
62213,1,1,0,27,0,0,32,0,0,19,0,0
62214,1,1,0,0,0,0,0,0,0,0,0,0
62214,2,1,13,13,13,13,13,13,13,13,13,13
62215,1,1,0,0,0,14,0,0,0,0,0,0
62215,2,1,0,0,0,0,0,0,0,0,0,0
62215,3,1,0,0,0,0,0,0,8,14,0,0
62216,1,1,15,0,0,0,0,0,0,0,0,0
62216,2,1,0,0,0,0,0,0,0,0,0,0
62217,0,1,0,0,0,0,0,0,0,0,0,0
62217,1,1,0,0,0,0,0,0,0,0,0,0
62218,1,1,14,14,14,14,14,14,14,14,14,14
62219,1,1,0,0,0,0,0,0,0,0,0,0
62219,2,1,0,0,0,0,0,0,0,0,0,0
62220,1,1,19,19,19,19,19,19,19,19,19,19
62220,2,1,0,0,0,0,0,0,7,0,0,0
62221,0,1,0,0,0,0,0,0,0,0,0,0
62221,1,1,0,0,12,0,0,0,0,0,0,0
62222,1,1,14,14,14,14,14,14,14,14,14,14
62223,1,1,16,16,16,16,16,16,16,16,16,16
62223,2,1,0,0,0,0,0,0,0,0,0,0
62224,1,1,0,0,0,0,0,0,0,0,0,0
62224,2,1,0,0,0,0,0,0,0,0,0,0
62225,0,1,3,3,3,3,3,3,3,3,3,3
62225,1,1,6,6,6,6,6,6,6,6,6,6
62226,1,1,0,32,23,27,2,14,11,31,16,15
62226,2,1,0,0,0,26,18,13,0,0,0,0
62226,3,1,0,0,0,0,0,0,4,0,0,0
62227,0,1,14,14,14,14,14,14,14,14,14,14
62227,1,1,0,0,0,0,0,0,0,0,10,15
62228,0,1,0,38,11,0,0,0,11,0,0,0
62228,1,1,0,0,0,0,0,0,0,0,0,0
62229,1,1,0,17,5,24,21,9,0,24,0,15
62230,1,1,0,0,0,0,0,0,0,0,0,0
62230,2,1,0,0,0,0,0,0,0,0,0,0
62231,1,1,14,14,14,14,14,14,14,14,14,14
62231,2,1,0,0,0,0,0,0,0,0,11,0
62231,3,1,10,0,0,0,0,0,8,0,0,0
62231,4,1,0,0,0,12,0,0,0,0,0,0
62232,1,1,8,8,8,8,8,8,8,8,8,8
62232,2,1,0,0,0,0,0,0,0,0,0,0
62233,1,1,0,0,0,0,0,0,0,0,0,0
62233,2,1,0,0,0,0,0,0,0,0,0,0
62234,1,1,18,18,18,18,18,18,18,18,18,18
62235,1,1,0,0,0,0,0,0,0,0,0,0
62236,0,1,39,39,39,39,39,39,39,39,39,39
62236,1,1,0,0,0,0,0,0,0,0,0,0
62237,0,1,0,0,0,0,0,0,0,0,0,0
62237,1,1,0,0,0,0,0,0,0,0,0,0
62238,1,1,0,0,0,0,0,0,0,0,0,0
62239,1,1,0,0,0,0,0,0,0,0,0,8
62240,1,1,11,11,11,11,11,11,11,11,11,11
62241,0,1,13,0,18,11,29,13,30,0,10,23
62241,1,1,27,0,8,15,15,0,5,12,19,4
62242,0,1,0,0,0,0,0,0,0,0,0,0
62242,1,1,0,0,0,0,0,0,0,0,0,0
62243,0,1,0,0,0,0,0,0,0,0,0,0
62243,1,1,0,8,0,0,0,0,11,0,0,0
62244,0,1,0,0,0,0,0,0,0,0,0,0
62244,1,1,0,0,0,25,0,0,11,0,0,0
62246,0,1,0,0,0,0,0,0,0,0,0,0
62246,1,1,0,0,0,0,0,0,0,0,0,0
62247,0,1,0,0,0,0,0,0,0,0,0,0
62247,1,1,0,0,0,0,17,0,0,0,34,0
62248,1,1,23,23,23,23,23,23,23,23,23,23
62249,1,1,11,11,11,11,11,11,11,11,11,11
62249,2,1,0,0,0,0,0,0,0,0,0,0
62250,0,1,38,38,38,38,38,38,38,38,38,38
62250,1,1,0,0,0,0,0,0,0,0,0,0
62251,0,1,0,0,0,0,0,0,0,0,0,0
62251,1,1,0,0,0,0,0,0,0,0,0,0
62252,1,1,0,0,0,0,0,0,0,0,0,0
62253,1,1,8,8,8,8,8,8,8,8,8,8
62254,1,1,0,11,0,0,0,0,0,0,0,0
62254,2,1,0,0,0,7,12,0,0,0,0,0
62255,1,1,22,8,22,26,5,24,13,18,11,17
62255,2,1,0,0,0,0,0,0,0,0,0,13
62256,1,1,5,5,5,5,5,5,5,5,5,5
62257,1,1,0,0,0,0,0,0,0,0,0,0
62257,2,1,29,0,0,0,0,0,0,0,0,0
62258,0,1,0,0,0,0,0,0,0,0,0,0
62258,1,1,0,0,0,0,0,0,0,0,0,0
62258,2,1,0,0,0,0,0,0,0,0,0,0
62259,1,1,0,0,0,0,11,0,0,0,0,0
62260,1,1,0,0,15,0,0,0,0,0,8,14
62261,1,1,0,0,0,0,0,0,0,0,0,0
62261,2,1,0,0,0,0,0,0,0,0,0,0
62262,1,1,0,0,0,0,0,0,0,0,0,0
62263,1,1,0,0,0,0,0,0,0,0,0,0
62264,0,1,0,0,0,0,0,0,0,13,0,0
62264,1,1,0,0,0,0,7,5,0,19,0,0
62265,1,1,0,0,6,0,3,0,0,0,5,0
62265,2,1,0,0,0,0,0,0,0,0,0,0
62266,1,1,0,0,0,0,0,0,0,0,0,0
62267,1,1,0,0,0,0,0,0,0,0,0,0
62268,1,1,24,9,13,40,25,9,5,15,20,20
62268,2,1,15,0,24,0,0,20,0,0,0,0
62269,1,1,0,0,0,0,0,0,0,0,0,0
62270,1,1,15,17,26,7,23,19,19,27,28,36
62271,1,1,0,0,0,0,0,0,0,0,0,0
62271,2,1,0,0,0,0,0,0,0,0,0,0
62271,3,1,0,0,0,0,0,0,0,0,0,0
62271,4,1,0,0,0,0,0,0,0,0,0,0
62271,5,1,0,0,0,0,0,0,0,0,0,0
62271,6,1,0,0,0,0,0,0,9,0,0,0
62271,7,1,0,0,0,0,0,0,0,0,0,0
62272,0,1,8,8,8,8,8,8,8,8,8,8
62272,1,1,0,0,0,0,0,0,0,0,0,0
62273,0,1,0,24,0,0,18,0,0,0,23,0
62273,1,1,0,0,0,0,0,0,0,0,0,0
62274,1,1,0,0,0,0,0,0,0,0,0,0
62275,1,1,7,7,7,7,7,7,7,7,7,7
62275,2,1,0,0,0,11,0,0,0,0,0,0
62276,0,1,18,0,0,34,0,0,0,0,0,0
62276,1,1,0,0,0,0,0,0,0,0,0,0
62277,0,1,0,0,0,24,0,0,32,0,0,0
62277,1,1,0,0,0,0,0,0,0,0,0,0
62278,1,1,0,0,0,0,0,4,0,17,11,14
62278,2,1,0,0,0,0,0,0,0,0,0,0
62278,3,1,0,23,0,0,0,0,0,0,0,0
62279,0,1,14,33,16,12,0,14,29,0,0,0
62279,1,1,0,14,0,0,0,0,20,0,0,0
62280,1,1,0,0,0,0,0,0,0,0,0,0
62280,2,1,0,0,0,0,0,0,0,0,0,20
62281,1,1,0,0,26,0,0,0,0,0,0,0
62281,2,1,0,0,0,0,0,0,0,0,0,0
62281,3,1,0,0,0,0,0,0,0,0,0,0
62281,4,1,15,0,0,0,0,0,15,0,9,0
62281,5,1,0,0,0,0,0,0,0,0,0,0
62282,1,1,5,5,5,5,5,5,5,5,5,5
62282,2,1,0,0,0,0,0,0,0,0,0,0
62283,0,1,0,0,0,0,0,0,0,0,0,0
62283,2,1,0,19,26,13,23,32,7,20,35,0
62284,0,1,0,0,0,0,0,0,0,0,0,0
62284,1,1,0,0,0,0,0,0,0,0,0,0
62285,0,1,0,0,0,0,0,0,0,0,0,0
62285,1,1,0,0,0,0,0,0,0,0,0,0
62286,1,1,12,0,0,0,0,23,0,8,13,16
62287,1,1,23,23,23,23,23,23,23,23,23,23
62287,2,1,0,0,0,0,0,0,0,0,0,0
62288,1,1,0,0,0,0,0,0,0,0,0,0
62289,1,1,17,17,17,17,17,17,17,17,17,17
62291,1,1,19,19,19,19,19,19,19,19,19,19
62291,2,1,0,0,0,0,0,0,21,0,0,0
62291,3,1,0,0,0,0,0,0,0,0,0,0
62291,4,1,0,0,0,0,0,0,0,0,0,0
62292,1,1,21,21,21,21,21,21,21,21,21,21
62293,1,1,9,9,9,9,9,9,9,9,9,9
62294,1,1,0,0,0,0,0,0,0,0,0,0
62294,2,1,0,0,0,0,0,0,0,0,0,0
62295,1,1,4,4,4,4,4,4,4,4,4,4
62296,1,1,18,18,18,18,18,18,18,18,18,18
62296,2,1,0,0,0,0,7,0,0,0,0,0
62297,1,1,17,17,17,17,17,17,17,17,17,17
62297,2,1,0,0,0,0,0,0,0,0,0,0
62298,1,1,19,19,19,19,19,19,19,19,19,19
62298,2,1,0,0,0,0,0,0,0,0,0,0
62299,1,1,0,0,0,0,0,0,0,0,0,0
62299,2,1,0,0,0,0,16,0,0,0,0,0
62300,0,1,0,0,0,0,0,0,0,0,0,0
62300,1,1,33,0,15,0,0,0,0,0,0,0
62301,0,1,0,0,0,0,0,0,0,0,0,0
62301,1,1,10,22,0,19,12,24,9,22,32,24
62302,1,1,7,7,7,7,7,7,7,7,7,7
62303,1,1,16,16,16,16,16,16,16,16,16,16
62304,1,1,27,27,27,27,27,27,27,27,27,27
62304,2,1,0,9,20,0,0,0,32,0,0,0
62304,3,1,0,0,0,0,0,0,0,0,19,0
62304,4,1,3,7,0,0,0,0,0,0,0,0
62305,1,1,0,0,0,0,0,0,0,0,0,0
62306,0,1,0,0,0,0,0,0,0,0,0,0
62306,1,1,0,0,0,0,0,0,0,0,0,0
62307,0,1,23,23,23,23,23,23,23,23,23,23
62307,1,1,0,0,0,0,11,0,0,0,0,0
62308,0,1,0,0,0,0,0,0,0,0,0,0
62308,1,1,0,0,0,0,0,0,0,0,0,0
62309,1,1,0,0,0,0,0,0,0,0,0,0
62309,2,1,0,0,0,0,0,0,0,0,0,0
62310,1,1,0,0,0,0,0,0,0,0,0,0