ST_CASE,VEH_NO,PER_NO,P1,P2,P3,P4,P5,P6,P7,P8,P9,P10
62599,1,1,0,0,11,0,33,0,22,0,0,35
62600,0,1,16,16,16,16,16,16,16,16,16,16
62600,1,1,0,24,0,0,0,0,0,0,0,0
62600,2,1,0,0,0,0,0,0,0,0,0,0
62601,1,1,0,0,0,0,0,0,16,0,0,0
62601,2,1,0,0,0,0,0,0,0,0,0,0
62602,1,1,0,0,0,0,0,0,0,0,0,0
62602,2,1,0,0,0,0,0,0,0,0,0,0
62603,1,1,0,0,0,0,0,0,0,0,0,0
62604,1,1,5,16,15,27,30,19,19,9,31,11
62604,2,1,0,0,0,0,0,0,0,0,0,0
62605,1,1,0,0,0,0,0,0,0,0,0,0
62606,0,1,0,0,0,0,0,0,0,0,0,0
62606,1,1,0,0,0,0,0,0,0,0,0,0
62607,1,1,0,0,0,0,0,0,0,0,0,0
62607,2,1,15,0,0,0,0,0,0,0,0,0
62608,0,1,0,0,0,0,0,0,0,0,0,0
62608,1,1,0,0,0,0,0,0,0,0,0,0
62609,1,1,0,0,8,5,5,15,0,0,6,7
62609,2,1,0,0,0,0,0,0,0,0,0,0
62610,0,1,16,16,16,16,16,16,16,16,16,16
62610,1,1,0,0,0,0,0,0,0,0,0,0
62611,1,1,0,0,0,0,0,0,0,0,0,0
62611,2,1,10,10,10,10,10,10,10,10,10,10
62612,0,1,0,0,0,0,0,0,0,0,0,0
62612,1,1,0,0,0,0,0,0,0,0,0,0
62613,1,1,0,0,0,0,0,0,0,0,0,0
62613,2,1,0,0,0,0,0,0,0,0,0,0
62613,3,1,0,0,0,0,0,0,0,0,0,0
62614,0,1,0,0,0,0,0,0,0,0,0,0
62614,1,1,0,0,0,0,0,0,0,0,0,0
62614,2,1,0,0,0,0,0,0,12,0,0,0
62615,0,1,9,9,9,9,9,9,9,9,9,9
62615,1,1,31,0,0,0,0,0,0,0,0,0
62616,1,1,19,19,19,19,19,19,19,19,19,19
62616,2,1,0,0,0,0,0,0,0,0,0,0
62617,1,1,15,15,15,15,15,15,15,15,15,15
62617,2,1,0,0,0,0,0,0,0,0,0,0
62618,1,1,19,19,19,19,19,19,19,19,19,19
62618,2,1,0,0,0,0,0,0,0,0,0,0
62619,0,1,0,0,0,0,0,0,0,0,0,0
62619,1,1,0,0,0,0,0,0,26,0,0,0
62620,1,1,0,0,0,0,0,0,0,0,0,0
62620,2,1,0,0,0,0,0,0,0,0,0,0
62621,1,1,9,9,9,9,9,9,9,9,9,9
62622,0,1,0,0,0,0,0,0,0,0,0,0
62622,1,1,0,0,0,0,0,0,0,0,0,0
62623,0,1,0,0,0,0,0,0,0,0,0,0
62623,1,1,2,0,11,0,24,0,23,0,0,0
62624,0,1,0,0,0,0,0,0,0,0,0,0
62624,1,1,0,0,0,0,0,0,0,0,0,0
62625,0,1,0,0,8,0,0,0,0,0,30,0
62625,1,1,0,0,0,0,0,0,0,0,0,0
62626,0,1,0,36,0,18,29,37,15,0,0,0
62626,1,1,0,0,0,0,0,0,0,18,0,0
62627,0,1,0,0,0,0,0,0,0,0,0,0
62627,1,1,0,0,14,0,0,0,0,0,7,0
62628,0,1,0,0,0,0,0,0,0,0,0,0
62628,1,1,0,0,0,0,0,0,0,0,0,0
62629,1,1,0,0,0,0,0,0,0,0,0,0
62629,2,1,0,0,0,0,0,0,0,0,0,0
62630,0,1,0,0,0,0,0,0,0,0,0,0
62630,1,1,0,0,0,0,0,0,0,0,0,0
62631,0,1,0,0,0,0,0,0,0,0,0,0
62631,0,2,0,40,0,0,0,0,0,0,0,0
62631,0,3,0,0,0,20,0,8,0,0,0,0
62631,0,4,0,0,0,0,0,0,0,0,0,0
62631,0,5,0,0,0,0,0,0,0,0,20,0
62631,1,1,0,0,0,0,0,0,0,0,0,0
62632,1,1,13,13,13,13,13,13,13,13,13,13
62633,1,1,0,0,0,0,0,0,0,0,0,0
62633,2,1,0,0,0,0,0,0,0,0,0,0
62634,1,1,0,0,0,0,0,0,0,0,0,0
62634,2,1,0,0,0,0,0,0,0,0,0,0
62634,3,1,0,0,0,0,0,0,0,0,0,0
62634,4,1,0,0,0,0,0,0,7,0,0,0
62634,5,1,0,0,0,0,0,0,0,0,0,0
62634,6,1,0,0,0,0,0,0,0,0,0,0
62635,0,1,5,5,5,5,5,5,5,5,5,5
62635,1,1,0,0,0,0,0,0,0,0,22,0
62636,1,1,14,14,14,14,14,14,14,14,14,14
62637,0,1,0,0,0,0,0,0,0,0,0,0
62637,1,1,0,0,0,0,0,0,0,0,0,0
62638,1,1,0,0,0,0,0,0,0,0,0,0
62638,2,1,0,0,0,0,0,0,0,0,0,0
62638,3,1,0,0,0,0,0,0,0,0,0,0
62639,1,1,0,0,0,0,0,0,0,0,0,0
62639,2,1,0,0,0,0,0,0,0,0,0,0
62640,1,1,22,22,22,22,22,22,22,22,22,22
62641,0,1,24,24,24,24,24,24,24,24,24,24
62641,1,1,14,14,14,14,14,14,14,14,14,14
62642,1,1,4,4,4,4,4,4,4,4,4,4
62643,0,1,3,3,3,3,3,3,3,3,3,3
62643,1,1,19,0,0,0,0,0,0,0,0,0
62644,1,1,0,0,0,0,0,0,0,0,0,0
62644,2,1,8,8,8,8,8,8,8,8,8,8
62645,0,1,14,14,14,14,14,14,14,14,14,14
62645,1,1,21,0,0,0,20,0,7,0,21,0
62645,2,1,0,0,0,0,10,0,0,31,0,0
62646,0,1,0,0,0,0,0,0,0,0,0,0
62646,1,1,0,0,0,0,0,0,0,0,0,0
62647,1,1,0,0,0,0,0,0,0,0,0,0
62647,2,1,0,12,0,0,0,0,0,0,0,0
62648,0,1,0,0,0,0,0,0,0,0,0,0
62648,1,1,0,0,0,0,0,0,0,0,0,0
62649,0,1,0,0,0,0,0,0,0,0,0,0
62649,0,2,0,0,0,0,0,0,0,0,0,0
62649,1,1,0,0,0,0,0,0,0,0,0,0
62650,1,1,0,0,0,0,0,0,0,0,0,0
62650,2,1,0,0,0,0,0,0,0,0,0,0
62651,1,1,7,7,7,7,7,7,7,7,7,7
62651,2,1,0,0,0,0,0,0,0,0,0,0
62651,3,1,0,0,0,0,0,0,0,0,0,0
62652,1,1,0,0,0,0,0,0,0,0,0,0
62652,2,1,0,0,0,0,0,0,0,0,0,0
62652,3,1,0,0,0,0,0,0,0,0,0,0
62653,1,1,13,13,13,13,13,13,13,13,13,13
62653,2,1,0,0,0,0,0,0,0,0,0,0
62654,0,1,33,33,33,33,33,33,33,33,33,33
62654,1,1,0,0,0,0,0,0,0,0,0,0
62655,0,1,20,20,20,20,20,20,20,20,20,20
62655,1,1,0,0,0,0,29,0,0,0,0,0
62656,0,1,0,0,0,0,0,0,0,0,0,0
62656,1,1,0,0,0,24,0,0,0,0,0,21
62657,1,1,25,25,25,25,25,25,25,25,25,25
62658,0,1,26,26,26,26,26,26,26,26,26,26
62658,1,1,0,0,0,0,0,0,0,0,0,0
62659,0,1,0,0,0,0,0,0,0,0,0,0
62659,1,1,0,0,0,0,0,0,0,0,0,0
62659,2,1,0,0,0,0,0,0,0,0,0,0
62660,0,1,11,11,11,11,11,11,11,11,11,11
62660,1,1,0,0,0,0,0,0,0,0,0,0
62661,0,1,14,14,14,14,14,14,14,14,14,14
62661,1,1,39,0,26,0,0,0,0,14,0,0
62662,0,1,0,0,0,0,0,0,0,0,0,0
62662,1,1,0,0,0,0,0,0,0,0,0,0
62663,0,1,0,0,0,0,0,0,0,0,0,0
62663,1,1,0,0,0,0,0,0,0,0,0,0
62664,0,1,2,2,2,2,2,2,2,2,2,2
62664,1,1,0,7,15,0,0,0,0,10,0,0
62665,0,1,17,17,17,17,17,17,17,17,17,17
62665,1,1,38,0,0,0,25,0,0,0,0,0
62666,0,1,0,0,0,0,0,0,0,0,0,0
62666,1,1,0,0,0,0,0,0,0,0,0,0
62667,0,1,0,0,0,0,0,0,0,0,0,0
62667,0,2,0,0,0,0,0,0,0,0,33,0
62667,1,1,0,0,0,0,0,0,0,0,0,0
62668,1,1,0,0,0,0,0,0,0,0,0,0
62668,2,1,0,0,0,0,0,0,0,0,0,0
62669,0,1,14,0,19,11,0,20,16,0,0,0
62669,1,1,0,0,0,0,0,0,0,0,0,0
62670,1,1,0,0,0,0,0,0,0,0,0,0
62670,2,1,0,0,22,0,0,0,0,0,0,0
62671,0,1,20,20,20,20,20,20,20,20,20,20
62671,1,1,6,4,17,0,11,31,0,8,0,0
62672,0,1,0,0,0,0,0,0,0,0,0,0
62672,1,1,0,0,0,0,0,0,0,0,0,0
62673,1,1,19,19,19,19,19,19,19,19,19,19
62673,2,1,0,0,0,0,0,0,0,0,0,0
62674,0,1,0,0,0,0,0,0,0,0,0,0
62674,1,1,0,0,0,0,0,0,0,0,0,0
62675,0,1,17,17,17,17,17,17,17,17,17,17
62675,0,2,0,0,0,0,0,0,0,0,0,0
62675,1,1,20,20,22,4,8,16,25,29,20,27
62676,0,1,0,0,0,0,0,0,0,0,0,0
62676,1,1,2,2,2,2,2,2,2,2,2,2
62677,0,1,0,0,0,0,0,0,0,0,0,0
62677,1,1,0,0,0,0,0,0,0,0,0,0
62678,0,1,0,0,0,0,0,0,0,0,0,0
62678,1,1,0,0,0,0,0,0,0,0,0,0
62679,1,1,38,38,38,38,38,38,38,38,38,38
62679,2,1,10,21,15,0,0,0,10,0,0,0
62679,3,1,0,0,0,0,0,0,0,0,0,0
62680,1,1,21,21,21,21,21,21,21,21,21,21
62681,1,1,7,7,7,7,7,7,7,7,7,7
62682,1,1,0,0,0,10,0,0,0,0,0,0
62682,2,1,0,0,0,15,0,0,0,0,0,0
62683,1,1,0,10,0,0,0,0,0,0,0,27
62684,0,1,0,0,0,0,0,0,0,0,0,0
62684,1,1,0,0,0,0,0,0,0,0,0,0
62685,0,1,0,0,0,0,0,0,0,0,0,0
62685,1,1,11,9,9,25,8,14,27,32,21,14
62686,1,1,28,28,28,28,28,28,28,28,28,28
62687,1,1,0,0,0,0,0,0,0,0,0,0
62688,1,1,20,20,20,20,20,20,20,20,20,20
62689,0,1,0,0,0,0,0,0,0,0,0,0
62689,1,1,0,0,17,27,14,0,0,0,27,0
62690,1,1,0,0,0,0,0,0,0,0,0,0
62690,2,1,0,0,0,0,0,0,0,0,0,0
62691,1,1,0,0,0,0,0,0,0,0,0,0
62691,2,1,0,0,0,0,0,0,0,0,0,0
62692,0,1,0,0,0,0,0,0,0,0,0,0
62692,1,1,0,0,0,0,0,0,0,0,0,0
62693,0,1,2,2,2,2,2,2,2,2,2,2
62693,0,2,0,15,0,0,0,0,0,15,0,0
62693,1,1,0,0,0,0,0,0,0,0,0,0
62693,2,1,0,0,0,0,10,0,0,0,0,0
62694,1,1,0,10,0,0,0,0,0,7,0,0
62694,2,1,15,15,15,15,15,15,15,15,15,15
62695,0,1,0,0,0,0,0,0,0,0,0,0
62695,1,1,0,0,0,0,0,0,0,0,0,0
62696,0,1,0,0,0,17,38,0,0,0,0,0
62696,1,1,0,0,0,0,0,0,0,0,0,0
62697,0,1,0,0,0,0,0,0,0,0,0,0
62697,1,1,0,12,0,0,15,0,18,0,3,0
62698,0,1,0,0,0,0,0,0,0,0,0,0
62698,1,1,0,0,0,0,0,0,0,0,30,0
62699,0,1,0,0,0,0,0,0,0,0,0,0
62699,1,1,0,0,0,0,0,0,0,0,0,0
62700,0,1,0,0,0,9,0,23,0,0,16,45
62700,1,1,0,0,19,20,0,0,0,23,0,10
62701,0,1,0,0,0,0,0,0,0,0,0,0
62701,1,1,0,0,0,0,0,0,0,0,0,0
62702,0,1,0,0,0,0,0,0,0,0,0,0
62702,1,1,0,0,0,0,0,0,0,28,0,0
62703,1,1,0,0,0,0,0,0,0,0,0,0
62703,2,1,0,0,0,0,0,0,0,0,0,0
62704,0,1,26,26,26,26,26,26,26,26,26,26
62704,1,1,0,0,0,0,0,0,0,0,0,0
62705,0,1,0,0,0,0,0,0,0,0,0,0
62705,1,1,0,0,0,0,0,0,0,0,0,0
62706,0,1,0,0,0,0,0,0,0,0,0,0
62706,1,1,0,0,0,0,0,0,0,0,0,0
62707,1,1,16,16,16,16,16,16,16,16,16,16
62707,2,1,0,0,0,0,0,0,0,0,0,0
62708,0,1,0,0,0,0,0,0,0,0,0,0
62708,1,1,0,0,0,0,0,0,0,0,0,0
62709,1,1,0,0,0,0,0,0,0,0,0,0
62709,2,1,0,0,0,0,0,0,0,0,0,0
62710,0,1,23,23,23,23,23,23,23,23,23,23
62710,1,1,0,0,0,0,0,0,0,0,0,0
62711,1,1,0,0,0,0,0,0,0,0,0,0
62712,0,1,0,0,0,0,0,0,0,0,0,0
62712,1,1,0,0,0,0,0,0,0,0,0,0
62713,0,1,0,0,0,0,0,0,0,0,0,0
62713,1,1,10,10,37,8,33,8,0,0,24,27
62714,0,1,0,0,0,0,0,0,0,0,0,0
62714,1,1,0,0,0,0,0,0,0,0,0,0
62715,1,1,0,0,0,0,0,0,0,0,0,0
62715,2,1,0,0,0,0,0,0,0,0,0,0
62716,0,1,0,0,0,0,0,0,0,0,0,0
62716,1,1,0,0,0,0,0,0,0,0,0,0
62717,1,1,26,26,26,26,26,26,26,26,26,26
62718,1,1,14,13,0,0,13,0,0,0,0,0
62718,2,1,0,0,0,0,0,0,0,0,0,0
62719,1,1,6,6,6,6,6,6,6,6,6,6
62720,1,1,0,0,0,0,0,0,0,0,0,0
62720,2,1,0,0,0,0,0,0,0,0,0,0
62721,1,1,0,0,0,0,0,0,0,0,0,0
62721,2,1,0,0,0,0,0,0,0,0,0,0
62721,3,1,31,0,0,0,11,15,0,18,4,0
62722,1,1,17,17,17,17,17,17,17,17,17,17
62722,2,1,22,22,24,25,5,8,19,13,20,32
62722,3,1,0,0,0,0,0,0,2,0,0,0
62722,4,1,0,6,0,0,0,14,0,3,0,0
62722,5,1,12,0,21,0,0,0,0,0,0,22
62723,1,1,15,15,15,15,15,15,15,15,15,15
62723,2,1,0,0,0,0,0,0,0,0,0,0
62724,1,1,0,0,0,0,0,0,0,0,0,0
62725,1,1,8,8,8,8,8,8,8,8,8,8
62725,2,1,4,9,0,10,0,0,0,12,0,33
62726,0,1,0,0,0,0,0,0,0,0,0,0
62726,1,1,0,0,0,0,0,0,0,0,17,0
62727,0,1,0,0,0,0,0,0,0,0,0,0
62727,1,1,0,0,0,0,0,0,0,0,0,0
62728,0,1,18,18,18,18,18,18,18,18,18,18
62728,1,1,0,0,0,0,0,0,0,0,0,0
62729,0,1,0,0,0,29,0,0,0,0,9,25
62729,0,2,0,22,0,9,23,4,9,23,32,11
62729,0,3,26,0,0,0,42,13,23,20,0,0
62729,0,4,0,0,14,0,0,0,0,34,0,36
62729,0,5,0,0,0,0,0,0,18,0,0,25
62729,0,6,0,13,0,0,0,0,0,0,0,0
62729,1,1,5,5,5,5,5,5,5,5,5,5
62730,1,1,0,0,0,0,0,0,0,0,0,0
62730,2,1,0,0,0,0,0,0,0,0,0,0
62731,1,1,26,26,26,26,26,26,26,26,26,26
62731,2,1,0,14,13,0,0,19,7,16,0,0
62731,3,1,0,0,0,0,0,0,0,0,0,31
62732,1,1,16,16,16,16,16,16,16,16,16,16
62732,2,1,0,0,0,0,0,17,0,0,0,0
62733,1,1,13,13,13,13,13,13,13,13,13,13
62733,2,1,0,0,0,0,0,0,0,0,0,0
62734,0,1,27,16,0,0,18,0,0,0,0,12
62734,1,1,18,18,18,18,18,18,18,18,18,18
62735,0,1,0,0,0,0,0,0,0,0,0,0
62735,1,1,0,0,0,0,0,0,0,0,0,0
62736,0,1,0,0,0,0,0,0,0,0,0,0
62736,1,1,0,0,0,0,0,0,0,0,0,0
62737,1,1,11,35,17,17,33,12,27,20,15,25
62738,1,1,0,0,0,0,0,0,0,0,0,0
62738,2,1,0,0,0,0,0,0,0,0,0,0
62739,1,1,0,0,0,0,0,0,0,0,0,0
62740,1,1,0,0,0,0,0,0,0,0,15,0
62740,2,1,0,0,0,0,0,0,0,0,0,0
62741,1,1,13,13,13,13,13,13,13,13,13,13
62742,1,1,0,0,0,0,0,0,0,0,0,0
62743,0,1,6,6,6,6,6,6,6,6,6,6
62743,1,1,0,0,0,21,0,0,0,0,0,0
62743,2,1,0,0,0,0,0,0,0,0,0,0
62744,1,1,13,9,17,9,35,24,9,17,16,23
62745,1,1,36,36,36,36,36,36,36,36,36,36
62746,1,1,0,0,0,0,0,0,0,0,0,0
62746,2,1,0,0,0,0,0,0,0,0,0,0
62746,3,1,0,0,0,0,0,0,0,0,0,0
62747,1,1,19,19,19,19,19,19,19,19,19,19
62748,0,1,0,0,0,0,0,0,0,0,0,0
62748,1,1,35,6,24,15,22,0,0,0,6,19
62749,0,1,0,0,0,0,0,0,0,0,0,0
62749,1,1,0,0,0,0,0,0,0,0,0,0
62749,2,1,0,0,30,0,0,0,10,20,13,9
62749,3,1,0,16,0,0,0,11,15,0,0,0
62750,1,1,18,18,18,18,18,18,18,18,18,18
62750,2,1,0,0,0,0,0,0,8,0,0,0
62750,3,1,4,0,0,8,0,27,0,0,0,0
62751,1,1,0,0,0,0,0,0,0,0,0,0
62751,2,1,0,0,0,0,0,0,0,0,0,0
62752,1,1,0,0,0,0,0,0,0,0,0,0
62753,0,1,0,0,0,0,0,0,0,0,0,0
62753,1,1,0,0,0,0,0,0,0,0,0,0
62753,5,1,0,0,0,0,0,0,0,0,0,0
62754,0,1,0,0,0,0,0,0,0,0,0,0
62754,1,1,0,0,0,0,0,0,0,0,0,0
62755,1,1,25,25,25,25,25,25,25,25,25,25
62755,2,1,0,0,0,0,0,0,0,0,0,8
62756,1,1,0,0,0,0,0,0,0,0,0,0
62757,0,1,11,11,11,11,11,11,11,11,11,11
62757,1,1,0,0,0,0,0,0,0,0,0,0
62758,0,1,23,23,23,23,23,23,23,23,23,23
62758,1,1,0,0,0,0,0,0,0,0,0,0
62759,1,1,0,0,0,0,0,0,0,0,0,0
62759,2,1,0,0,0,0,0,0,0,0,0,0
62760,0,1,22,22,22,22,22,22,22,22,22,22
62760,1,1,19,12,14,16,12,2,22,21,11,8
62760,2,1,0,0,0,0,0,0,0,0,0,0
62761,1,1,0,0,0,0,0,0,0,0,0,0
62761,2,1,0,0,0,0,0,0,0,0,0,0
62762,1,1,20,28,0,0,19,23,16,25,12,7
62763,0,1,23,23,23,23,23,23,23,23,23,23
62763,1,1,12,0,17,8,0,0,0,0,0,0
62764,0,1,0,16,0,0,8,0,10,0,0,0
62764,1,1,24,29,0,7,0,20,0,17,0,0
62765,1,1,26,26,26,26,26,26,26,26,26,26
62766,0,1,0,0,0,0,0,0,0,0,0,0
62766,1,1,0,0,0,0,0,0,0,0,0,11
62767,0,1,37,37,37,37,37,37,37,37,37,37
62767,1,1,0,0,0,0,12,22,0,0,0,0
62767,2,1,0,0,0,0,0,0,31,0,0,0
62768,0,1,0,0,0,0,0,0,0,0,0,0
62768,1,1,0,0,0,0,0,0,0,0,0,0
62769,0,1,0,0,0,27,0,0,19,0,0,0
62769,1,1,0,0,0,0,0,0,0,0,0,0
62770,1,1,5,5,5,5,5,5,5,5,5,5
62771,0,1,0,0,0,0,0,0,0,0,0,0
62771,1,1,0,0,0,6,0,0,0,0,0,0
62772,1,1,0,0,0,0,0,0,0,0,0,0
62772,2,1,26,26,26,26,26,26,26,26,26,26
62772,3,1,0,0,0,0,0,12,0,0,0,0
62773,1,1,0,0,0,0,0,0,0,0,0,0
62773,2,1,0,0,0,0,0,0,0,0,0,0
62773,3,1,0,0,0,0,9,0,0,0,0,0
62774,1,1,0,0,0,0,0,0,0,0,0,0
62775,1,1,0,0,11,0,0,0,0,0,0,0
62776,1,1,0,0,0,0,28,0,0,0,0,0
62776,2,1,0,0,0,0,0,0,0,0,0,0
62776,3,1,0,0,0,0,0,0,0,0,0,0
62776,4,1,0,0,0,0,0,0,0,0,0,6
62776,5,1,0,0,0,0,0,0,0,0,0,0
62776,6,1,0,0,0,0,0,0,0,0,0,0
62776,7,1,0,0,0,0,0,0,0,19,0,0
62777,1,1,0,0,0,0,0,0,0,0,0,0
62777,2,1,0,0,0,0,0,0,0,0,0,0
62778,1,1,0,0,0,0,0,0,0,0,0,0
62778,2,1,0,0,0,0,0,0,0,0,0,0
62779,0,1,0,0,0,0,0,0,0,0,0,0
62779,1,1,0,0,0,0,0,0,0,0,0,0
62780,0,1,6,6,6,6,6,6,6,6,6,6
62780,1,1,0,0,0,0,0,0,0,0,0,0
62780,2,1,0,0,0,0,0,0,0,0,0,0
62781,0,1,0,0,0,0,0,0,0,0,0,0
62781,1,1,0,0,6,0,0,0,0,0,0,0
62782,1,1,0,0,0,0,0,0,0,0,0,0
62783,1,1,0,0,0,0,0,0,0,0,0,0
62783,2,1,1,1,1,1,1,1,1,1,1,1
62784,1,1,0,0,0,0,0,0,0,0,0,0
62784,2,1,0,0,0,0,0,0,0,0,0,0
62785,1,1,0,0,0,0,0,0,0,0,0,0
62785,2,1,0,0,0,0,0,0,0,0,0,0
62786,0,1,12,12,12,12,12,12,12,12,12,12
62786,1,1,0,0,0,0,0,0,0,0,0,0
62787,0,1,0,0,0,0,0,0,0,0,0,24
62787,0,2,0,0,0,0,0,0,0,0,0,0
62787,1,1,0,0,0,0,0,0,0,0,0,0
62788,0,1,0,0,0,0,0,0,0,0,0,0
62788,1,1,0,0,0,0,13,0,0,0,0,0
62789,1,1,8,0,26,8,0,28,0,11,0,16
62790,1,1,0,0,0,0,0,0,0,0,0,0
62790,2,1,0,0,0,0,0,0,0,0,0,0
62791,0,1,0,0,0,0,0,0,0,0,0,0
62791,1,1,0,0,0,0,0,0,0,0,0,0
62792,0,1,0,0,0,0,0,0,0,0,0,0
62792,1,1,33,33,33,33,33,33,33,33,33,33
62794,1,1,0,0,0,0,0,0,0,0,0,0
62794,2,1,0,0,0,0,0,0,0,0,0,12
62795,1,1,0,0,0,0,0,0,0,0,0,0
62795,2,1,0,0,0,0,0,0,0,0,0,0
62796,1,1,3,3,3,3,3,3,3,3,3,3
62796,2,1,14,28,23,26,0,16,10,19,22,19
62797,1,1,16,16,16,16,16,16,16,16,16,16
62797,2,1,0,0,0,0,0,0,0,0,0,0
62798,1,1,24,24,24,24,24,24,24,24,24,24
62799,0,1,0,0,0,0,0,0,0,0,0,0
62799,1,1,0,0,0,0,0,0,0,0,0,0
62800,1,1,0,0,0,0,0,0,0,0,0,0
62801,1,1,0,0,0,0,0,0,0,0,0,0
62802,0,1,0,0,0,0,0,0,0,0,0,0
62802,0,2,0,0,0,0,15,0,0,0,19,15
62802,1,1,0,0,0,0,0,0,0,0,0,0
62803,1,1,0,0,0,0,0,0,0,0,0,0
62803,2,1,0,0,0,0,0,0,0,0,0,0
62804,1,1,0,0,0,0,0,0,19,0,0,0
62804,2,1,0,0,0,0,0,0,0,0,0,0
62805,1,1,12,12,12,12,12,12,12,12,12,12
62805,2,1,0,0,0,0,0,0,0,0,0,0
62806,1,1,10,30,16,0,10,13,43,17,13,26
62807,1,1,12,7,14,28,19,21,23,11,18,27
62808,1,1,0,0,0,0,0,0,0,0,0,0
62810,1,1,13,13,13,13,13,13,13,13,13,13
62810,2,1,6,0,0,0,0,0,0,0,0,0
62811,0,1,0,0,0,0,0,14,26,0,5,14
62811,1,1,7,0,0,0,0,0,0,0,0,28
62812,0,1,0,0,0,0,0,0,0,0,0,0
62812,1,1,0,0,0,0,0,0,0,0,0,0
62813,0,1,0,0,0,0,0,0,0,0,0,0
62813,1,1,0,0,0,10,0,0,0,23,10,0
62814,1,1,0,0,0,0,0,0,0,0,0,0
62815,1,1,27,41,0,0,0,33,0,0,0,0
62816,1,1,0,24,0,20,0,0,0,0,0,28
62817,0,1,0,0,0,0,0,0,0,0,0,0
62817,1,1,0,0,0,0,0,0,0,0,0,0
62818,0,1,0,0,0,0,0,0,0,0,0,0
62818,1,1,0,0,0,0,0,0,0,0,0,0
62819,1,1,34,34,34,34,34,34,34,34,34,34
62820,1,1,0,0,0,0,0,0,0,0,8,0
62820,2,1,0,0,0,0,0,0,0,0,0,0
62821,1,1,0,0,0,19,0,0,14,0,0,0
62821,2,1,0,0,0,0,0,0,0,0,0,0
62821,3,1,0,0,0,0,0,0,0,0,0,0
62822,1,1,0,0,0,0,0,0,0,0,0,0
62823,0,1,0,0,0,31,15,0,0,0,0,0
62823,1,1,0,0,0,0,0,0,0,0,0,0
62824,1,1,0,0,0,0,0,0,0,0,0,0
62825,0,1,33,33,33,33,33,33,33,33,33,33
62825,1,1,0,0,0,0,0,0,0,0,0,0
62826,1,1,10,10,10,10,10,10,10,10,10,10
62827,0,1,0,0,21,0,0,0,0,0,0,0
62827,1,1,0,0,0,0,0,0,0,16,0,0
62828,1,1,0,0,0,0,0,0,0,0,0,0
62828,2,1,0,0,0,0,0,0,0,0,0,0
62828,3,1,10,0,0,0,0,0,0,0,0,0
62829,0,1,0,8,0,0,38,0,0,0,0,0
62829,1,1,0,0,0,0,0,0,0,0,0,0
62830,1,1,0,0,0,0,0,0,0,0,0,0
62831,1,1,0,0,0,0,0,0,0,0,0,0
62831,2,1,0,0,0,0,0,0,0,0,0,0
62831,3,1,0,0,0,0,0,0,0,0,0,0
62832,0,1,0,0,0,0,0,0,0,0,0,0
62832,1,1,10,0,14,0,0,0,0,0,21,0
62833,1,1,0,0,0,0,0,0,0,0,0,0
62833,2,1,0,0,0,0,0,0,0,0,0,0
62834,0,1,0,0,0,0,0,0,0,0,0,0
62834,0,2,26,26,26,26,26,26,26,26,26,26
62834,1,1,18,0,0,0,0,5,0,0,0,0
62835,1,1,0,0,0,0,0,0,0,0,0,0
62835,2,1,0,0,0,0,0,0,0,0,0,0
62836,1,1,0,0,0,0,0,0,22,0,0,0
62836,2,1,2,2,2,2,2,2,2,2,2,2
62836,3,1,0,0,0,0,0,0,31,0,0,0
62837,1,1,0,0,0,0,0,0,0,0,0,0
62837,2,1,0,0,0,0,0,0,0,0,0,0
62838,0,1,23,23,23,23,23,23,23,23,23,23
62838,1,1,0,0,0,0,0,0,0,0,0,0
62839,1,1,7,7,7,7,7,7,7,7,7,7
62840,1,1,0,0,0,0,0,0,0,0,0,0
62840,2,1,0,0,0,0,0,0,0,0,0,0
62841,0,1,0,0,0,0,0,0,0,0,0,0
62841,1,1,0,0,0,0,0,0,0,0,0,0
62842,0,1,0,0,0,0,0,0,0,0,0,0
62842,1,1,0,0,0,0,0,0,0,0,0,0
62843,0,1,0,0,0,0,0,0,0,0,0,0
62843,1,1,0,0,0,0,35,0,0,0,0,0
62844,0,1,0,0,0,0,0,0,0,0,0,0
62844,1,1,0,0,0,0,0,0,0,0,0,0
62845,0,1,6,6,6,6,6,6,6,6,6,6
62845,1,1,0,0,0,0,0,0,0,0,0,0
62846,1,1,20,20,20,20,20,20,20,20,20,20
62847,0,1,0,0,0,0,0,0,0,0,0,0
62847,1,1,0,0,0,0,0,0,0,0,0,0
62848,1,1,2,2,2,2,2,2,2,2,2,2
62848,2,1,0,0,0,0,0,0,0,0,0,0
62849,0,1,0,0,0,0,0,0,0,0,0,0
62849,1,1,0,0,9,0,0,7,0,0,0,3
62850,1,1,0,0,0,0,0,0,0,0,0,0
62850,2,1,0,0,0,0,0,0,0,0,0,0
62850,3,1,0,21,0,27,0,0,0,0,0,0
62851,1,1,11,17,5,11,12,26,10,5,26,15
62852,1,1,0,0,0,0,0,0,15,0,0,0
62852,2,1,0,0,0,0,0,0,0,0,0,0
62852,3,1,0,0,0,0,0,0,0,0,0,0
62853,1,1,2,2,2,2,2,2,2,2,2,2
62854,1,1,0,0,0,0,0,0,0,0,0,0
62854,2,1,7,0,14,0,10,0,0,0,0,0