ST_CASE,VEH_NO,PER_NO,P1,P2,P3,P4,P5,P6,P7,P8,P9,P10
62855,1,1,19,19,19,19,19,19,19,19,19,19
62855,2,1,0,0,0,0,0,0,0,0,0,0
62856,1,1,14,14,14,14,14,14,14,14,14,14
62857,1,1,0,0,22,0,0,13,0,0,0,0
62857,2,1,0,0,0,0,0,0,0,0,0,0
62857,3,1,0,22,11,0,0,0,6,0,0,0
62858,0,1,0,0,0,0,0,0,0,0,0,0
62858,1,1,15,15,15,15,15,15,15,15,15,15
62859,0,1,7,7,7,7,7,7,7,7,7,7
62859,1,1,0,0,0,0,0,0,0,0,0,0
62860,1,1,28,28,28,28,28,28,28,28,28,28
62861,0,1,31,31,31,31,31,31,31,31,31,31
62861,1,1,0,0,0,0,0,0,0,0,0,0
62862,1,1,0,0,0,16,0,0,0,0,0,0
62863,0,1,0,0,0,0,0,0,0,0,0,0
62863,1,1,0,0,0,0,16,0,0,19,0,0
62864,1,1,0,0,0,0,0,0,0,0,0,0
62864,2,1,6,6,6,6,6,6,6,6,6,6
62865,1,1,13,13,13,13,13,13,13,13,13,13
62866,1,1,0,0,0,0,0,0,0,0,0,0
62866,2,1,0,0,0,0,0,0,0,0,0,0
62867,1,1,0,0,0,0,0,0,0,0,0,0
62868,0,1,0,0,6,16,36,16,0,10,13,0
62868,1,1,25,0,10,0,12,14,0,0,0,0
62868,2,1,0,0,0,0,0,0,9,0,0,0
62868,3,1,0,0,0,0,0,0,0,0,0,0
62868,4,1,4,4,14,4,6,15,14,7,18,7
62868,5,1,0,0,0,23,27,0,0,0,25,0
62869,1,1,6,6,6,6,6,6,6,6,6,6
62869,2,1,0,0,0,0,0,0,0,0,0,0
62870,0,1,0,4,0,21,9,0,17,5,7,0
62870,1,1,22,27,23,25,21,16,13,11,0,0
62871,1,1,25,25,25,25,25,25,25,25,25,25
62871,2,1,11,0,0,0,0,0,0,0,0,0
62871,3,1,0,0,0,0,0,0,0,0,0,0
62872,0,1,13,13,13,13,13,13,13,13,13,13
62872,1,1,0,0,13,0,24,0,18,0,26,13
62873,1,1,0,0,0,0,0,0,0,0,0,0
62873,2,1,0,30,0,0,0,0,0,0,0,5
62874,0,1,12,12,12,12,12,12,12,12,12,12
62874,1,1,0,0,0,0,0,0,0,0,0,0
62875,1,1,9,32,9,19,15,28,11,22,27,3
62875,2,1,0,0,0,0,0,0,0,0,0,0
62876,0,1,0,0,0,0,0,0,0,0,0,0
62876,1,1,0,0,0,0,0,0,0,0,0,0
62877,1,1,19,19,19,19,19,19,19,19,19,19
62877,2,1,0,0,0,0,0,0,0,0,0,0
62878,0,1,2,2,2,2,2,2,2,2,2,2
62878,1,1,0,0,0,3,0,0,9,0,0,13
62879,1,1,0,0,0,0,0,0,0,0,0,0
62879,2,1,0,0,0,0,0,0,0,0,0,0
62880,1,1,22,22,22,22,22,22,22,22,22,22
62880,2,1,0,0,0,0,0,0,0,0,0,0
62881,1,1,0,0,0,0,0,0,0,0,0,0
62882,0,1,18,0,0,0,27,11,9,0,0,0
62882,1,1,6,6,6,6,6,6,6,6,6,6
62883,1,1,12,12,12,12,12,12,12,12,12,12
62883,2,1,15,22,28,7,21,18,20,30,23,9
62884,1,1,0,0,0,0,0,0,0,0,0,0
62884,2,1,0,0,0,0,0,0,60,0,0,0
62885,0,1,0,0,0,0,0,0,0,0,0,0
62885,1,1,12,0,0,0,0,29,0,0,0,0
62886,0,1,20,20,20,20,20,20,20,20,20,20
62886,1,1,0,0,0,0,0,0,0,0,0,0
62887,0,1,0,0,0,0,0,0,0,0,0,0
62887,1,1,11,11,11,11,11,11,11,11,11,11
62888,1,1,0,0,0,0,0,0,0,0,0,0
62888,2,1,0,0,0,0,0,0,0,0,0,0
62889,1,1,6,6,6,6,6,6,6,6,6,6
62889,3,1,12,0,0,0,9,0,0,16,0,0
62890,1,1,0,0,0,0,0,0,0,0,0,0
62890,2,1,0,0,0,0,0,0,0,0,0,0
62890,3,1,0,0,0,0,0,0,0,0,0,0
62890,4,1,0,0,0,0,0,0,0,0,0,0
62891,0,1,0,0,0,0,0,0,0,0,0,0
62891,1,1,0,0,0,0,0,0,0,0,0,0
62892,1,1,3,3,3,3,3,3,3,3,3,3
62893,1,1,0,0,0,0,0,0,0,0,0,0
62894,1,1,0,0,18,4,0,0,0,14,0,0
62894,2,1,16,16,16,16,16,16,16,16,16,16
62895,1,1,0,0,0,0,0,0,0,0,0,0
62895,2,1,0,0,0,0,20,0,0,0,0,0
62896,0,1,0,0,0,0,0,0,0,0,0,0
62896,0,2,0,0,0,0,0,0,0,0,0,0
62896,1,1,0,0,0,0,0,0,0,0,0,0
62896,2,1,0,24,0,28,0,0,0,0,0,0
62896,3,1,27,0,0,0,0,0,31,21,0,0
62896,4,1,0,0,0,0,0,0,0,0,0,0
62897,0,1,0,0,0,0,0,0,0,0,0,0
62897,1,1,0,0,0,0,0,0,0,0,0,0
62898,0,1,0,0,0,0,0,0,0,0,0,0
62898,1,1,0,0,0,0,0,0,0,8,0,0
62899,0,1,17,17,17,17,17,17,17,17,17,17
62899,1,1,0,0,0,0,0,0,0,0,0,0
62900,1,1,0,0,0,0,0,0,0,0,0,0
62901,1,1,0,0,0,0,0,0,0,0,0,0
62901,2,1,0,0,0,0,0,0,0,0,0,0
62901,3,1,0,0,0,0,0,0,0,0,0,0
62902,0,1,0,0,0,0,0,0,0,0,0,0
62902,1,1,0,0,0,0,0,0,0,0,0,0
62903,1,1,0,0,0,0,0,0,0,0,0,0
62903,2,1,0,0,0,0,0,0,0,0,0,0
62904,1,1,0,0,0,0,0,0,0,0,0,0
62904,2,1,0,0,0,0,0,0,0,0,0,0
62905,1,1,0,0,0,0,0,0,0,0,0,0
62905,2,1,29,0,0,0,0,0,0,0,0,0
62906,0,1,0,0,0,0,0,0,0,0,0,0
62906,1,1,0,0,0,0,0,0,0,0,0,0
62907,1,1,24,24,24,24,24,24,24,24,24,24
62908,0,1,0,0,0,0,0,0,0,0,0,0
62908,1,1,21,8,25,0,0,0,7,25,21,23
62909,1,1,0,0,0,0,0,0,0,0,0,0
62909,2,1,0,0,0,0,0,0,0,0,0,0
62910,0,1,0,0,0,0,0,0,0,0,0,0
62910,1,1,0,0,0,0,0,0,0,0,0,0
62911,1,1,9,20,0,0,0,5,0,0,0,14
62912,1,1,0,0,0,0,0,0,0,0,0,0
62912,2,1,0,0,0,0,0,0,0,0,0,0
62913,0,1,0,0,0,0,0,0,0,0,0,0
62914,1,1,0,0,0,0,0,0,0,0,0,0
62914,2,1,0,0,0,0,0,0,0,0,0,0
62914,3,1,0,0,0,0,0,0,0,0,0,0
62915,1,1,0,25,16,0,0,8,0,0,0,0
62915,2,1,0,0,0,0,0,0,0,0,0,0
62916,0,1,0,0,0,0,0,0,0,0,0,0
62916,1,1,0,0,0,0,0,0,0,0,0,0
62917,1,1,17,17,17,17,17,17,17,17,17,17
62918,0,1,2,2,2,2,2,2,2,2,2,2
62918,1,1,0,0,5,0,0,25,0,0,17,0
62919,1,1,0,0,0,0,0,0,0,0,0,0
62919,2,1,0,0,0,0,0,0,0,0,0,0
62920,0,1,0,0,0,0,0,0,0,0,10,0
62920,1,1,1,1,1,1,1,1,1,1,1,1
62921,0,1,0,0,0,0,0,0,0,0,0,0
62921,1,1,0,0,0,0,0,0,0,0,0,0
62922,1,1,0,0,0,0,0,0,0,0,0,0
62922,2,1,0,0,0,0,0,0,0,0,0,0
62924,0,1,23,23,23,23,23,23,23,23,23,23
62924,1,1,0,0,0,0,0,0,0,0,0,0
62925,0,1,0,0,0,0,0,0,0,0,0,0
62925,1,1,0,0,0,0,0,0,0,0,0,0
62926,1,1,20,20,20,20,20,20,20,20,20,20
62926,2,1,0,0,0,0,16,0,0,0,0,0
62928,0,1,0,0,0,0,0,0,0,0,0,0
62928,1,1,0,18,18,8,0,0,0,15,0,0
62929,1,1,19,19,19,19,19,19,19,19,19,19
62929,2,1,7,7,7,7,7,7,7,7,7,7
62929,3,1,0,0,0,0,0,0,0,0,0,0
62930,0,1,0,0,0,0,0,0,0,0,0,0
62930,1,1,22,22,22,22,22,22,22,22,22,22
62931,1,1,31,31,31,31,31,31,31,31,31,31
62931,2,1,19,0,0,0,0,0,0,0,0,0
62932,1,1,0,0,0,0,8,0,0,0,0,0
62932,2,1,0,0,0,0,0,0,0,0,0,0
62933,1,1,16,0,0,0,0,27,0,0,0,0
62933,2,1,0,0,0,0,0,0,0,0,0,0
62934,0,1,0,0,0,0,0,20,0,0,0,0
62934,0,2,14,15,29,0,0,0,0,0,0,0
62934,1,1,0,0,0,0,0,0,0,0,0,21
62935,1,1,0,0,0,0,0,0,0,0,0,0
62936,1,1,12,12,12,12,12,12,12,12,12,12
62936,2,1,0,0,27,0,0,0,13,11,21,0
62936,3,1,0,22,0,0,10,0,0,25,27,20
62937,1,1,0,0,0,0,0,0,0,0,0,0
62937,2,1,0,0,0,0,0,0,0,0,0,0
62938,0,1,34,34,34,34,34,34,34,34,34,34
62938,1,1,0,0,0,0,0,0,0,0,0,0
62939,1,1,0,0,0,0,0,0,0,0,0,0
62940,1,1,0,0,0,0,0,0,0,0,0,0
62940,2,1,0,0,0,0,0,0,0,0,0,0
62941,0,1,24,24,24,24,24,24,24,24,24,24
62941,1,1,0,9,0,0,0,5,25,0,12,0
62942,1,1,17,17,17,17,17,17,17,17,17,17
62943,1,1,0,0,0,0,0,0,0,0,0,0
62943,2,1,0,0,0,0,0,0,0,0,0,0
62944,0,1,0,0,0,0,0,0,0,0,0,0
62945,1,1,0,0,0,0,0,6,0,0,0,0
62945,2,1,43,0,0,0,0,18,0,0,0,0
62946,1,1,16,16,16,16,16,16,16,16,16,16
62946,2,1,0,0,0,0,0,0,0,0,0,0
62947,1,1,0,0,0,0,0,0,0,0,0,0
62947,2,1,0,0,0,0,0,0,0,0,0,0
62949,1,1,20,20,20,20,20,20,20,20,20,20
62949,2,1,0,0,0,0,0,0,0,0,0,0
62950,0,1,0,0,0,0,0,0,0,0,0,0
62950,1,1,0,0,0,0,0,0,0,0,0,0
62951,0,1,3,3,3,3,3,3,3,3,3,3
62951,1,1,0,0,0,0,0,0,0,0,0,0
62952,1,1,17,17,17,17,17,17,17,17,17,17
62952,2,1,19,19,19,19,19,19,19,19,19,19
62953,0,1,0,0,0,0,0,0,0,0,0,0
62953,1,1,0,0,0,0,0,0,0,0,0,0
62954,0,1,0,0,0,0,0,0,0,0,0,0
62954,1,1,0,0,0,0,0,0,0,0,0,0
62955,0,1,16,16,16,16,16,16,16,16,16,16
62955,1,1,0,0,0,0,0,0,0,0,0,0
62956,0,1,31,31,31,31,31,31,31,31,31,31
62956,1,1,0,0,0,0,0,0,0,0,19,0
62957,1,1,0,0,0,0,0,0,0,0,0,0
62957,2,1,0,0,0,0,0,0,0,0,0,0
62958,1,1,0,0,0,0,0,0,0,0,0,0
62959,0,1,0,0,0,0,0,0,0,0,0,0
62959,1,1,0,0,10,0,0,0,8,0,0,0
62959,2,1,17,13,20,0,0,0,6,0,0,3
62960,0,1,25,25,25,25,25,25,25,25,25,25
62960,1,1,0,0,0,0,0,0,0,0,0,0
62960,3,1,0,18,0,0,10,7,14,0,17,4
62960,4,1,14,12,8,20,25,18,33,24,0,8
62961,0,1,0,0,0,0,0,0,0,0,0,0
62961,1,1,16,14,15,5,22,24,20,0,20,49
62962,1,1,0,0,0,0,0,0,0,0,0,0
62962,2,1,0,0,0,1,0,0,0,0,0,0
62963,1,1,0,0,0,0,0,0,0,0,0,0
62963,2,1,9,9,9,9,9,9,9,9,9,9
62964,0,1,0,0,0,0,0,0,0,0,0,0
62964,1,1,0,0,0,0,0,0,0,0,0,0
62965,0,1,27,27,27,27,27,27,27,27,27,27
62965,1,1,0,0,0,0,0,0,0,0,0,0
62966,0,1,0,0,0,0,0,0,0,0,0,0
62966,1,1,0,0,0,0,0,0,0,0,0,0
62967,1,1,14,14,14,14,14,14,14,14,14,14
62967,2,1,0,0,0,0,0,0,0,0,0,0
62968,1,1,0,0,0,0,0,0,0,0,0,0
62968,2,1,0,21,0,0,0,0,0,0,0,0
62969,0,1,0,12,0,0,0,0,0,0,0,0
62969,1,1,0,0,0,0,0,0,0,0,0,0
62970,1,1,0,0,0,0,0,0,0,0,0,0
62970,2,1,0,0,0,0,0,0,0,0,0,4
62971,0,1,0,0,0,0,0,0,0,0,0,0
62971,1,1,0,0,0,0,0,0,0,0,0,0
62972,1,1,0,0,0,0,0,0,0,0,0,0
62972,2,1,0,0,0,0,0,0,0,0,0,0
62973,1,1,0,0,0,0,0,0,0,0,0,0
62973,2,1,0,0,0,0,0,0,0,0,0,0
62974,0,1,0,0,0,0,0,23,0,0,0,0
62974,0,2,0,0,0,0,0,0,0,0,0,0
62974,1,1,0,0,0,0,0,0,0,0,0,0
62975,1,1,36,0,0,7,27,0,17,0,0,0
62976,0,1,0,0,0,0,0,9,10,0,0,0
62976,1,1,0,0,16,0,0,10,29,0,0,21
62977,0,1,18,18,18,18,18,18,18,18,18,18
62977,1,1,0,0,0,0,0,0,0,0,0,0
62978,0,1,0,0,0,0,0,0,0,0,0,0
62978,1,1,0,0,0,0,0,0,0,0,0,0
62979,0,1,0,0,0,0,0,0,0,0,0,0
62979,1,1,0,0,13,0,0,0,0,0,0,0
62980,1,1,0,0,0,0,0,0,0,0,0,0
62981,0,1,0,0,0,0,0,0,0,0,0,0
62981,1,1,0,0,0,0,0,0,12,0,0,0
62982,1,1,0,0,0,0,0,0,0,0,0,0
62982,2,1,0,0,0,0,0,0,0,0,0,0
62983,1,1,13,13,13,13,13,13,13,13,13,13
62984,1,1,0,0,0,0,0,0,0,0,0,0
62985,0,1,0,0,0,0,0,0,0,0,0,0
62985,0,2,0,0,0,0,0,30,0,25,0,0
62985,1,1,0,0,0,0,0,0,0,0,0,0
62986,1,1,0,19,0,0,0,0,0,0,0,0
62986,2,1,0,0,0,0,0,0,0,0,0,0
62986,3,1,0,0,0,0,0,0,0,0,0,0
62986,4,1,0,0,0,0,0,0,0,0,0,0
62987,1,1,0,0,0,0,13,0,0,0,0,0
62988,1,1,0,0,0,0,0,0,0,0,0,0
62988,2,1,0,10,0,0,0,0,0,0,0,0
62989,0,1,22,22,22,22,22,22,22,22,22,22
62989,1,1,0,0,0,0,0,0,0,0,0,0
62990,1,1,0,0,0,0,0,0,0,0,0,0
62990,2,1,0,0,0,0,0,0,0,0,0,0
62991,0,1,0,0,0,0,0,0,0,0,0,0
62991,1,1,0,0,0,0,0,0,0,0,0,0
62992,0,1,0,0,0,0,0,0,0,0,0,0
62992,1,1,0,0,0,0,0,0,0,0,0,0
62993,0,1,22,33,11,0,0,14,31,17,18,26
62993,1,1,0,0,0,0,0,0,0,0,0,0
62994,1,1,10,10,10,10,10,10,10,10,10,10
62994,2,1,0,0,0,0,0,0,0,0,0,0
62994,3,1,0,0,0,23,0,0,0,0,0,17
62995,1,1,17,17,17,17,17,17,17,17,17,17
62996,1,1,0,0,0,0,0,0,0,0,0,0
62996,2,1,16,0,0,0,0,0,0,0,0,0
62997,1,1,25,25,25,25,25,25,25,25,25,25
62998,1,1,0,0,0,0,0,0,0,0,0,0
62999,1,1,5,5,5,5,5,5,5,5,5,5
62999,2,1,0,0,0,0,0,0,0,0,0,0
63000,0,1,13,13,13,13,13,13,13,13,13,13
63000,1,1,26,6,6,0,0,13,9,9,0,16
63001,0,1,22,22,22,22,22,22,22,22,22,22
63001,1,1,0,0,0,0,0,0,0,0,0,0
63002,0,1,3,3,3,3,3,3,3,3,3,3
63002,1,1,22,31,23,5,10,39,21,17,6,9
63003,0,1,41,41,41,41,41,41,41,41,41,41
63003,1,1,0,25,29,11,0,0,21,0,0,22
63004,1,1,20,20,20,20,20,20,20,20,20,20
63005,1,1,0,0,0,0,0,0,0,0,0,0
63005,2,1,0,0,0,0,0,0,0,0,0,0
63006,0,1,12,12,12,12,12,12,12,12,12,12
63006,1,1,0,0,0,0,0,0,0,13,0,0
63007,1,1,0,0,0,0,0,17,0,18,0,0
63008,1,1,18,18,18,18,18,18,18,18,18,18
63009,1,1,21,21,21,21,21,21,21,21,21,21
63009,2,1,2,2,2,2,2,2,2,2,2,2
63010,0,1,0,0,0,0,0,0,0,0,0,0
63010,1,1,0,0,24,0,18,17,0,0,0,0
63011,1,1,25,25,25,25,25,25,25,25,25,25
63012,0,1,0,0,0,0,0,0,0,0,0,0
63012,0,2,0,0,0,0,0,0,0,0,0,0
63012,1,1,0,0,0,0,0,0,0,0,0,0
63013,1,1,10,10,10,10,10,10,10,10,10,10
63014,1,1,0,0,0,0,0,0,0,0,0,0
63014,2,1,0,0,0,0,0,0,0,0,0,0
63015,0,1,0,0,0,0,0,0,0,0,0,0
63015,1,1,0,0,0,15,0,0,0,0,0,0
63016,1,1,0,0,0,0,0,0,16,0,0,11
63016,2,1,0,10,0,0,0,0,0,0,0,0
63016,3,1,0,20,0,0,0,0,0,0,0,25
63017,0,1,0,0,0,0,0,0,0,0,0,0
63017,1,1,0,0,0,0,0,0,0,0,0,0
63018,0,1,19,19,19,19,19,19,19,19,19,19
63018,1,1,25,0,17,0,0,0,0,0,17,0
63019,0,1,0,0,0,0,0,0,0,0,0,0
63019,1,1,0,0,0,0,11,0,16,0,21,0
63020,0,1,0,0,0,0,0,0,0,0,0,0
63020,1,1,0,0,0,0,0,0,0,0,0,0
63021,0,1,0,0,0,0,0,0,0,0,0,0
63021,1,1,0,0,0,0,0,0,0,0,0,0
63022,1,1,21,0,0,0,0,0,0,0,0,0
63022,2,1,0,0,0,0,0,0,0,0,0,0
63023,1,1,21,21,21,21,21,21,21,21,21,21
63023,2,1,0,0,0,0,15,0,0,0,11,12
63023,3,1,0,0,0,0,0,0,0,0,0,16
63024,1,1,26,26,26,26,26,26,26,26,26,26
63026,1,1,0,0,0,0,0,0,0,0,0,0
63026,2,1,0,0,0,0,0,0,0,0,0,0
63027,1,1,27,20,23,15,28,17,29,14,19,11
63027,2,1,0,0,0,0,0,0,0,0,0,0
63028,0,1,0,0,0,0,0,0,0,0,0,0
63028,1,1,0,0,0,0,0,0,0,0,0,19
63029,0,1,6,6,6,6,6,6,6,6,6,6
63029,1,1,0,0,0,0,0,0,0,0,0,0
63030,0,1,0,0,0,0,0,0,0,0,0,0
63030,1,1,0,0,0,0,0,0,0,0,0,0
63031,0,1,0,0,0,0,0,0,0,0,0,0
63031,1,1,0,0,0,0,0,0,0,0,0,0
63032,0,1,0,0,0,0,0,0,0,0,0,0
63032,1,1,0,0,0,0,0,0,0,0,0,0
63033,1,1,0,0,0,0,0,0,0,0,0,0
63034,1,1,0,0,0,0,0,0,0,0,0,0
63034,2,1,0,0,0,0,0,0,0,0,0,0
63035,0,1,0,0,0,0,0,0,0,0,0,0
63035,1,1,0,0,0,0,0,0,0,0,0,0
63036,1,1,17,17,17,17,17,17,17,17,17,17
63037,1,1,0,0,0,0,0,0,0,0,0,0
63037,2,1,0,0,0,0,0,0,0,0,0,0
63037,3,1,0,0,0,0,0,0,0,0,0,0
63038,0,1,34,34,34,34,34,34,34,34,34,34
63038,1,1,0,7,0,0,0,0,28,0,0,0
63039,1,1,14,14,14,14,14,14,14,14,14,14
63039,2,1,14,14,14,14,14,14,14,14,14,14
63040,1,1,0,0,4,30,24,5,26,28,10,0
63041,0,1,0,0,0,0,0,0,0,0,0,0
63041,1,1,0,0,0,0,0,0,0,0,0,0
63042,0,1,0,0,0,0,0,0,0,0,0,0
63042,1,1,20,15,19,0,0,0,0,0,0,0
63043,0,1,0,0,0,0,0,0,0,0,0,0
63043,1,1,0,0,0,0,0,0,0,0,0,0
63044,0,1,17,17,17,17,17,17,17,17,17,17
63044,1,1,0,0,0,0,0,0,5,0,26,0
63045,1,1,28,28,28,28,28,28,28,28,28,28
63046,0,1,0,0,0,0,0,0,0,0,0,0
63046,1,1,0,0,0,0,0,0,0,0,0,0
63047,0,1,28,28,28,28,28,28,28,28,28,28
63047,1,1,0,0,0,0,0,0,0,0,0,0
63048,0,1,0,0,0,0,0,0,0,0,0,0
63048,1,1,0,0,0,0,0,0,0,0,0,0
63048,2,1,0,0,0,0,0,0,0,0,0,0
63048,3,1,11,0,0,28,0,0,0,0,11,0
63049,1,1,0,0,0,0,0,0,0,0,0,0
63049,2,1,0,0,0,0,14,0,0,0,0,0
63049,3,1,0,0,0,16,0,0,0,0,0,0
63050,0,1,19,19,19,19,19,19,19,19,19,19
63050,1,1,0,0,0,0,0,0,0,0,0,0
63051,0,1,17,17,17,17,17,17,17,17,17,17
63051,1,1,0,21,12,25,23,20,34,0,32,0
63052,1,1,0,0,0,0,0,0,0,0,0,0
63053,1,1,0,0,0,0,0,0,0,0,0,0
63054,0,1,5,5,5,5,5,5,5,5,5,5
63054,1,1,0,0,0,0,0,0,0,0,0,0
63055,1,1,0,0,0,0,0,0,0,0,0,0
63055,2,1,0,0,0,0,0,0,0,0,0,0
63056,1,1,0,0,0,0,0,0,0,0,0,0
63056,2,1,0,0,0,0,0,0,0,0,0,0
63056,3,1,0,0,0,0,0,0,0,0,0,0
63057,1,1,0,0,0,0,0,11,3,0,0,17
63057,2,1,0,0,0,0,0,0,0,0,0,0
63058,1,1,0,0,0,0,0,0,0,0,0,0
63059,1,1,0,0,0,0,0,0,0,0,0,0
63060,0,1,0,0,30,0,48,0,0,0,0,0
63060,1,1,0,0,0,0,0,13,0,0,0,0
63062,1,1,0,0,0,0,0,0,0,0,0,0
63062,2,1,0,0,0,0,0,0,0,0,0,0
63063,1,1,0,0,0,0,0,0,0,0,0,0
63063,2,1,0,0,0,0,0,0,0,0,0,0
63064,0,1,0,0,0,0,0,0,0,0,0,0
63064,1,1,0,0,0,0,0,0,0,0,0,0
63064,2,1,0,16,0,0,0,0,0,0,0,0
63065,1,1,0,0,0,0,0,0,0,0,0,0
63066,0,1,7,7,7,7,7,7,7,7,7,7
63066,1,1,0,0,0,0,0,0,0,0,0,0
63066,2,1,5,27,0,17,0,0,28,20,10,9
63067,0,1,13,13,13,13,13,13,13,13,13,13
63067,1,1,13,0,19,8,0,0,7,9,14,0
63068,1,1,26,26,26,26,26,26,26,26,26,26
63069,0,1,18,18,18,18,18,18,18,18,18,18
63069,1,1,0,0,0,0,0,0,0,0,0,0
63070,0,1,0,0,0,0,0,0,0,0,0,0
63070,1,1,15,44,0,0,0,0,0,0,0,0
63071,0,1,15,15,12,12,32,13,15,0,21,33
63071,1,1,21,20,30,14,26,18,9,13,0,10
63072,0,1,0,0,0,0,0,0,0,0,0,0
63072,1,1,0,0,0,0,0,0,0,0,0,0
63072,2,1,0,0,0,0,0,0,0,0,0,0
63072,3,1,0,0,0,0,0,0,0,0,0,0
63072,4,1,0,0,14,0,0,0,12,0,0,0
63073,1,1,26,26,26,26,26,26,26,26,26,26
63074,0,1,20,20,20,20,20,20,20,20,20,20
63074,1,1,0,0,0,11,16,20,24,0,0,0
63075,1,1,18,18,18,18,18,18,18,18,18,18
63076,0,1,3,3,3,3,3,3,3,3,3,3
63076,1,1,0,0,0,0,0,0,0,0,0,0
63077,0,1,0,0,0,0,0,0,0,0,0,0
63077,1,1,0,0,0,0,0,0,0,0,0,0
63078,1,1,0,0,0,0,6,0,0,0,0,0
63078,2,1,0,0,0,0,0,0,0,0,0,0
63078,3,1,0,17,0,0,0,0,19,11,0,12
63078,4,1,0,0,11,0,0,12,33,0,0,0
63079,1,1,0,0,0,0,0,0,0,0,0,0
63080,0,1,25,28,0,0,20,0,0,5,0,0
63080,1,1,0,0,0,0,0,0,0,0,0,0
63081,1,1,0,0,0,0,0,0,0,0,0,0
63082,1,1,22,22,22,22,22,22,22,22,22,22
63083,0,1,0,0,0,0,0,28,0,0,0,0
63083,1,1,0,0,0,0,0,0,0,0,0,17
63084,0,1,32,32,32,32,32,32,32,32,32,32
63084,1,1,0,0,16,0,0,0,0,26,0,0
63085,0,1,0,0,0,0,0,0,0,0,0,0
63085,1,1,23,0,0,0,0,0,0,0,0,0
63086,1,1,0,0,0,0,0,0,0,0,0,0
63086,2,1,0,0,0,0,0,0,0,0,0,0
63087,1,1,0,0,0,0,0,0,0,0,0,0
63088,0,1,0,0,0,0,0,0,0,0,0,0
63088,1,1,3,22,0,20,0,0,8,0,9,14
63088,2,1,0,0,0,0,0,0,0,0,0,0
63088,3,1,16,0,0,27,0,21,22,18,13,19
63088,4,1,0,0,0,0,0,0,0,0,0,0
63089,1,1,16,16,16,16,16,16,16,16,16,16
63090,0,1,0,0,0,0,0,0,0,0,0,0
63090,1,1,0,0,0,0,0,0,0,0,0,0
63091,1,1,0,0,0,0,0,0,0,0,0,0
63092,0,1,0,0,0,0,0,0,0,0,0,0
63092,1,1,18,18,18,18,18,18,18,18,18,18
63093,0,1,0,0,0,0,0,0,0,0,0,0
63093,1,1,0,0,0,0,0,0,0,0,0,0
63094,1,1,16,16,16,16,16,16,16,16,16,16
63094,2,1,0,16,0,0,0,0,0,15,0,0
63094,3,1,0,0,0,0,0,0,0,0,0,0
63095,1,1,0,0,0,0,0,0,0,0,0,0
63095,2,1,0,0,0,0,0,0,0,0,0,0
63096,1,1,0,0,0,0,0,0,0,0,0,0
63097,1,1,0,0,0,0,0,0,0,0,0,0
63097,2,1,0,0,0,0,0,0,0,0,0,0
63097,3,1,0,0,0,0,0,0,0,0,0,0
63098,1,1,0,0,0,0,0,0,0,0,0,0
63098,2,1,0,33,0,0,0,0,0,0,14,0
63099,1,1,24,24,24,24,24,24,24,24,24,24
63100,0,1,13,13,13,13,13,13,13,13,13,13
63100,1,1,0,0,0,0,0,0,0,0,0,0
63101,1,1,1,1,1,1,1,1,1,1,1,1
63102,1,1,9,0,29,0,0,0,0,0,14,11
63103,1,1,0,0,0,0,24,0,0,0,0,0
63103,2,1,0,0,0,0,0,0,0,0,0,0
63104,1,1,28,28,28,28,28,28,28,28,28,28
63105,1,1,0,0,0,0,0,0,0,0,0,0
63106,0,1,0,0,0,0,0,0,0,0,0,0
63106,1,1,0,0,0,0,0,0,0,0,0,0
63107,0,1,22,22,22,22,22,22,22,22,22,22
63107,1,1,0,0,0,0,0,0,0,0,0,0
63108,0,1,34,34,34,34,34,34,34,34,34,34
63108,1,1,3,3,3,3,3,3,3,3,3,3
63109,1,1,0,0,0,0,0,0,0,0,0,0
63109,2,1,0,0,0,0,0,0,0,12,0,28
63110,0,1,0,0,0,0,0,0,0,0,0,0
63110,1,1,0,0,0,0,0,0,0,0,0,0
63111,1,1,0,0,0,0,0,0,0,0,0,0
63111,2,1,0,0,0,0,0,0,0,0,0,0
63111,3,1,0,0,0,0,0,0,0,0,0,0
63112,0,1,0,0,0,0,0,0,0,0,0,0
63112,1,1,0,0,13,0,0,0,0,0,0,0
63113,0,1,2,2,2,2,2,2,2,2,2,2
63113,1,1,0,0,0,0,0,24,0,0,0,0
63114,0,1,0,0,0,0,0,0,0,0,0,0
63114,1,1,0,0,0,0,0,0,0,0,0,0
63115,1,1,0,0,0,0,0,0,0,0,0,0
63115,2,1,2,2,2,2,2,2,2,2,2,2
63115,3,1,0,0,0,0,0,0,0,0,0,0
63116,0,1,6,6,6,6,6,6,6,6,6,6
63116,1,1,0,0,0,0,0,0,0,0,0,0
63117,0,1,0,0,0,0,0,0,0,0,0,0