ST_CASE,VEH_NO,PER_NO,P1,P2,P3,P4,P5,P6,P7,P8,P9,P10
63377,0,1,0,0,0,0,0,0,0,0,0,0
63377,1,1,0,0,0,0,0,0,0,0,0,0
63378,1,1,0,0,0,0,0,0,0,0,0,0
63379,1,1,0,0,0,0,0,0,0,0,0,0
63379,2,1,0,0,0,0,0,0,0,0,0,0
63380,1,1,0,0,0,0,0,0,0,0,0,0
63380,2,1,0,0,0,0,0,0,0,0,21,0
63381,1,1,19,23,0,8,15,17,10,32,33,24
63381,2,1,0,0,0,0,0,0,0,0,0,0
63382,1,1,0,0,0,0,0,0,0,0,0,0
63382,2,1,0,0,0,0,0,0,0,0,0,0
63382,3,1,0,0,0,0,0,0,0,0,0,0
63383,1,1,0,0,0,0,0,0,0,0,0,0
63383,2,1,0,0,0,0,0,0,0,0,0,0
63384,1,1,19,19,19,19,19,19,19,19,19,19
63385,0,1,10,0,0,11,0,0,30,0,0,0
63385,1,1,0,0,0,0,0,0,0,0,0,0
63385,3,1,0,0,0,10,0,0,0,0,18,12
63385,4,1,0,0,0,0,0,0,0,0,0,0
63385,5,1,9,0,0,0,12,0,13,0,18,0
63386,1,1,0,0,0,0,0,0,0,0,0,0
63386,2,1,0,0,0,0,0,0,0,0,0,0
63386,3,1,0,0,0,0,0,0,0,0,0,0
63386,4,1,0,0,0,0,0,0,0,0,0,0
63386,5,1,0,0,0,0,0,0,0,0,0,0
63387,1,1,22,0,25,0,0,8,0,17,0,0
63387,2,1,0,0,0,0,0,0,0,0,0,0
63388,0,1,16,16,16,16,16,16,16,16,16,16
63388,1,1,0,0,0,0,0,0,0,0,0,0
63389,1,1,21,21,21,21,21,21,21,21,21,21
63390,0,1,19,19,19,19,19,19,19,19,19,19
63390,1,1,0,0,0,0,0,0,0,0,0,0
63391,1,1,2,2,2,2,2,2,2,2,2,2
63391,2,1,0,0,0,0,0,0,0,0,0,0
63392,1,1,0,6,17,0,0,11,0,0,0,0
63392,2,1,0,0,0,0,0,0,0,0,0,0
63393,1,1,12,12,12,12,12,12,12,12,12,12
63393,2,1,0,0,0,0,0,0,0,0,0,0
63393,3,1,0,0,0,0,0,0,0,0,12,16
63394,1,1,8,8,8,8,8,8,8,8,8,8
63395,1,1,0,0,0,0,0,0,0,0,0,0
63395,2,1,0,0,0,0,0,0,0,0,0,0
63395,3,1,0,0,0,0,0,0,0,0,0,0
63396,1,1,0,0,0,0,0,0,0,0,0,9
63396,2,1,0,0,0,0,0,0,0,0,0,0
63396,3,1,32,0,8,0,10,0,0,0,0,0
63397,1,1,0,0,0,0,0,0,0,0,0,0
63397,2,1,0,0,0,0,0,0,0,0,0,0
63399,0,1,17,17,17,17,17,17,17,17,17,17
63399,0,2,0,0,0,0,0,0,0,0,0,0
63399,1,1,0,0,0,0,0,0,0,30,0,0
63400,1,1,0,0,0,0,0,0,0,0,0,0
63401,0,1,25,25,25,25,25,25,25,25,25,25
63401,1,1,0,0,0,0,0,0,0,0,0,0
63402,1,1,0,24,0,0,0,11,0,0,0,0
63403,1,1,13,13,13,13,13,13,13,13,13,13
63404,1,1,0,0,0,0,0,0,0,0,0,0
63404,2,1,9,9,9,9,9,9,9,9,9,9
63405,0,1,0,0,0,0,0,0,0,0,0,0
63405,1,1,0,0,0,0,0,0,0,0,0,0
63405,2,1,0,0,0,0,0,0,0,0,0,0
63405,6,1,0,0,0,0,0,0,0,0,0,0
63406,0,1,0,0,0,0,0,0,0,0,0,0
63406,1,1,0,0,0,0,0,0,0,0,0,0
63407,1,1,0,0,0,0,0,0,0,0,0,0
63408,1,1,25,25,25,25,25,25,25,25,25,25
63409,1,1,12,12,12,12,12,12,12,12,12,12
63410,1,1,0,0,0,0,0,0,0,0,0,0
63411,0,1,0,0,0,0,0,0,0,0,0,0
63411,1,1,0,0,0,0,0,0,0,0,0,0
63412,1,1,0,0,0,0,0,0,0,0,31,0
63412,2,1,0,0,0,0,0,0,0,0,0,0
63412,3,1,0,0,0,0,0,0,11,0,0,0
63413,1,1,0,0,0,0,0,0,0,0,0,0
63413,2,1,0,0,0,0,0,0,0,0,0,0
63414,0,1,0,0,0,0,30,28,0,0,24,0
63414,1,1,0,0,0,0,0,0,0,0,0,0
63415,1,1,0,0,0,0,0,0,0,0,0,0
63415,2,1,0,0,0,0,0,0,0,14,0,0
63416,0,1,16,16,16,16,16,16,16,16,16,16
63416,1,1,11,11,11,11,11,11,11,11,11,11
63417,0,1,29,29,29,29,29,29,29,29,29,29
63417,1,1,0,0,0,0,0,0,0,27,0,0
63418,0,1,0,0,0,0,0,0,0,0,0,0
63418,1,1,0,0,0,0,0,0,0,0,0,0
63419,1,1,0,0,0,0,0,0,0,0,0,0
63419,2,1,0,0,0,0,0,0,0,0,0,0
63420,1,1,0,0,0,0,0,0,0,18,0,0
63420,2,1,0,0,0,0,0,0,0,0,0,0
63421,1,1,21,21,21,21,21,21,21,21,21,21
63421,2,1,0,0,0,0,0,0,0,0,0,0
63421,3,1,0,0,0,0,0,0,0,0,0,0
63422,0,1,28,28,28,28,28,28,28,28,28,28
63422,1,1,0,0,0,0,0,0,0,0,0,0
63423,1,1,0,21,15,16,0,0,0,8,0,4
63424,0,1,0,0,0,0,0,45,0,0,0,0
63424,1,1,0,11,0,0,0,0,0,0,0,0
63425,1,1,0,0,0,0,0,0,0,0,0,0
63426,0,1,0,0,0,0,34,0,0,0,0,0
63426,1,1,0,0,0,0,0,0,0,0,0,0
63427,1,1,0,0,0,0,0,0,0,0,0,0
63428,0,1,3,3,3,3,3,3,3,3,3,3
63428,1,1,0,0,16,0,6,0,27,0,0,0
63429,1,1,0,0,0,0,0,0,0,0,0,0
63429,2,1,0,0,0,0,0,0,0,0,0,0
63429,3,1,0,0,0,0,0,0,0,0,0,0
63430,0,1,0,0,0,0,0,0,0,0,0,0
63430,1,1,0,0,0,0,0,0,0,0,0,0
63431,1,1,26,26,26,26,26,26,26,26,26,26
63431,2,1,0,0,0,0,0,0,0,0,0,0
63432,1,1,0,0,0,0,0,0,0,0,0,0
63432,2,1,0,0,0,0,0,0,0,0,0,0
63433,1,1,0,0,0,0,0,0,0,0,0,0
63433,2,1,15,15,15,15,15,15,15,15,15,15
63434,0,1,0,0,0,0,0,0,0,0,0,0
63434,1,1,0,0,0,0,0,0,0,0,0,0
63435,1,1,0,0,0,0,0,0,0,0,0,0
63435,2,1,0,0,0,0,0,0,0,0,0,0
63435,3,1,0,0,0,0,0,0,0,0,9,0
63435,4,1,0,0,0,0,0,0,0,0,0,0
63436,1,1,0,0,0,0,0,0,32,4,0,0
63436,2,1,0,0,0,0,0,0,0,0,0,0
63437,1,1,8,8,8,8,8,8,8,8,8,8
63437,2,1,0,0,0,0,0,0,0,0,0,44
63438,1,1,0,0,0,0,0,0,0,0,0,0
63439,0,1,22,22,22,22,22,22,22,22,22,22
63439,1,1,0,0,0,0,0,0,0,0,0,0
63440,0,1,0,0,0,0,0,0,0,0,0,0
63440,1,1,0,0,0,0,0,0,0,0,0,0
63440,2,1,13,0,14,0,9,4,12,0,7,0
63440,3,1,3,16,0,24,0,0,27,0,16,7
63440,4,1,9,6,0,33,0,12,0,0,18,0
63441,1,1,19,19,19,19,19,19,19,19,19,19
63441,2,1,18,18,18,18,18,18,18,18,18,18
63442,1,1,0,11,0,0,17,0,15,26,0,0
63443,0,1,0,0,0,0,0,0,0,0,0,0
63443,1,1,0,0,31,8,6,1,0,15,26,38
63444,1,1,29,29,29,29,29,29,29,29,29,29
63444,2,1,0,0,0,0,0,0,0,0,0,0
63445,1,1,0,0,0,0,0,0,0,0,0,0
63445,2,1,0,0,0,0,12,0,0,0,0,0
63446,1,1,18,18,18,18,18,18,18,18,18,18
63447,1,1,17,17,17,17,17,17,17,17,17,17
63448,1,1,0,0,0,0,0,0,0,0,0,0
63448,2,1,0,0,0,0,0,0,0,0,0,0
63449,1,1,24,17,6,0,10,0,0,32,0,0
63450,1,1,0,0,0,0,0,0,0,0,0,0
63450,2,1,3,3,3,3,3,3,3,3,3,3
63451,1,1,0,0,0,0,15,0,15,0,0,0
63451,2,1,0,0,0,0,0,0,0,0,0,0
63452,0,1,0,0,0,0,0,0,0,0,0,0
63452,1,1,0,0,0,0,0,0,0,0,0,0
63453,1,1,0,0,0,0,0,0,0,0,0,0
63453,2,1,0,0,0,0,9,0,0,0,0,0
63454,0,1,0,0,0,0,0,0,0,0,0,0
63454,1,1,0,0,0,0,0,0,0,0,0,0
63455,0,1,0,0,0,0,0,0,0,0,0,0
63455,1,1,23,23,23,23,23,23,23,23,23,23
63456,1,1,0,0,0,0,0,0,0,0,0,0
63457,0,1,23,23,23,23,23,23,23,23,23,23
63457,1,1,0,0,0,0,13,0,0,0,23,8
63458,0,1,0,0,0,0,0,0,0,0,0,0
63458,1,1,0,0,0,0,0,0,0,0,0,0
63459,0,1,0,0,0,0,0,0,0,0,0,0
63459,1,1,0,0,0,0,0,0,0,0,0,0
63460,0,1,0,0,0,0,0,0,0,0,0,0
63460,0,2,0,27,11,0,34,8,0,0,0,21
63460,1,1,17,7,0,14,21,43,16,17,7,15
63461,1,1,24,24,24,24,24,24,24,24,24,24
63462,0,1,0,0,0,0,0,0,0,0,0,32
63462,1,1,0,0,0,0,0,0,0,0,0,0
63463,0,1,0,0,0,0,0,0,14,25,0,12
63463,1,1,0,0,0,0,0,0,0,0,0,0
63463,2,1,0,0,0,0,0,0,0,0,0,0
63463,3,1,0,0,0,0,0,0,0,0,0,0
63463,4,1,0,0,0,0,0,8,0,0,0,0
63463,5,1,6,0,0,0,0,0,13,0,0,0
63463,6,1,21,0,0,0,0,0,0,0,0,0
63464,0,1,0,8,0,15,0,0,0,24,29,0
63464,1,1,0,0,0,0,0,0,0,0,0,0
63465,1,1,28,28,28,28,28,28,28,28,28,28
63465,2,1,0,0,0,11,6,11,0,0,18,31
63466,0,1,28,28,28,28,28,28,28,28,28,28
63466,1,1,0,0,0,0,0,0,0,0,0,0
63467,1,1,0,0,0,0,0,0,0,0,0,0
63467,2,1,0,0,0,0,0,0,0,0,0,0
63468,1,1,0,0,0,0,0,0,0,0,0,0
63468,2,1,0,0,0,0,0,0,0,22,0,0
63468,3,1,0,0,0,0,0,0,0,0,0,0
63469,0,1,0,0,0,0,0,0,0,0,0,0
63469,1,1,0,0,0,0,0,0,0,0,0,0
63470,0,1,0,0,0,0,0,0,0,0,0,0
63470,1,1,0,0,0,0,0,0,0,0,0,0
63471,1,1,0,0,0,0,0,0,0,0,0,0
63471,2,1,0,0,0,0,0,0,0,0,0,0
63472,0,1,0,0,0,0,0,0,0,0,0,0
63472,1,1,0,0,0,0,0,0,0,0,10,0
63473,1,1,21,21,21,21,21,21,21,21,21,21
63474,1,1,0,0,0,0,0,0,0,0,0,0
63475,1,1,0,0,0,0,0,0,0,0,0,0
63475,2,1,0,0,0,0,0,0,0,0,0,0
63476,1,1,15,15,15,15,15,15,15,15,15,15
63477,1,1,0,0,0,0,0,0,0,0,0,0
63477,2,1,0,0,0,0,0,0,14,0,0,0
63478,0,1,0,0,26,0,0,38,0,0,0,0
63478,1,1,0,0,0,0,0,0,0,0,0,0
63479,1,1,0,0,0,0,0,0,0,0,0,0
63479,2,1,0,0,0,0,0,0,0,0,0,0
63480,0,1,0,0,0,0,0,0,0,0,0,0
63480,1,1,0,0,0,0,0,0,0,0,0,0
63481,1,1,18,18,18,18,18,18,18,18,18,18
63482,0,1,0,0,0,0,0,0,0,0,0,0
63482,1,1,0,0,0,10,0,0,0,0,0,35
63484,1,1,0,0,0,0,0,0,0,0,0,0
63484,2,1,0,0,0,0,0,0,0,0,0,0
63485,0,1,14,0,0,20,0,0,0,0,0,0
63485,0,2,0,0,0,0,0,0,0,0,14,0
63485,1,1,0,0,19,0,0,0,0,0,0,0
63486,1,1,0,0,0,0,0,0,0,0,0,0
63486,2,1,0,0,0,0,0,0,0,0,0,0
63487,1,1,0,0,0,0,0,0,0,0,0,0
63487,2,1,0,0,0,0,0,0,0,0,0,0
63488,1,1,0,0,0,0,0,0,0,0,0,0
63488,2,1,0,30,0,0,0,22,0,0,0,0
63489,1,1,0,0,0,0,0,0,0,0,0,0
63490,1,1,0,0,0,0,0,0,0,0,0,0
63491,0,1,0,0,0,0,0,0,0,0,0,0
63491,1,1,0,0,0,0,0,0,0,0,0,0
63492,1,1,0,0,0,0,0,0,0,0,0,0
63492,2,1,0,0,0,0,0,0,0,0,0,0
63493,0,1,0,0,0,0,0,0,0,0,0,0
63493,1,1,0,0,0,0,0,22,0,0,0,0
63493,2,1,0,0,0,0,0,0,0,0,0,10
63494,0,1,0,0,0,25,0,0,0,0,0,0
63494,1,1,0,0,0,0,0,0,12,0,0,0
63495,0,1,0,0,0,0,0,0,0,0,0,0
63495,1,1,0,0,0,0,0,0,0,0,0,0
63496,0,1,0,0,0,0,0,0,0,0,0,0
63496,1,1,0,17,4,0,8,0,0,16,0,0
63497,1,1,0,0,0,0,8,0,0,0,0,0
63497,2,1,0,0,0,0,0,0,0,0,0,0
63498,1,1,0,0,0,0,0,0,0,0,0,0
63499,0,1,0,0,0,0,23,27,0,0,5,11
63499,0,2,0,0,24,0,0,0,34,14,35,0
63499,1,1,0,0,0,0,0,0,0,0,0,0
63500,1,1,0,0,0,0,0,0,0,0,0,0
63500,2,1,0,0,0,0,0,0,0,0,0,0
63501,0,1,25,25,25,25,25,25,25,25,25,25
63502,1,1,0,0,0,0,0,0,0,0,0,0
63502,2,1,0,0,0,0,12,0,0,0,0,19
63503,1,1,23,23,23,23,23,23,23,23,23,23
63503,2,1,0,0,0,0,0,0,0,0,0,0
63503,3,1,0,0,0,12,0,0,0,0,0,0
63504,0,1,0,0,0,0,0,0,0,0,0,0
63504,1,1,0,0,0,0,0,0,0,0,0,0
63505,1,1,16,17,0,0,12,0,9,9,0,9
63505,3,1,0,0,0,0,0,0,0,0,0,0
63506,0,1,0,0,0,0,0,0,0,0,0,0
63506,1,1,0,0,0,0,0,0,0,0,0,0
63507,1,1,0,0,0,0,0,21,0,0,0,0
63507,2,1,0,0,0,0,0,0,0,0,0,0
63507,3,1,0,0,0,0,0,0,0,0,0,0
63508,1,1,0,13,0,9,12,0,0,0,0,12
63508,2,1,0,0,0,0,18,0,0,0,0,0
63509,0,1,0,0,0,0,0,0,0,0,0,0
63509,1,1,0,0,0,0,0,0,0,0,0,0
63510,1,1,5,5,5,5,5,5,5,5,5,5
63510,2,1,0,0,0,0,0,0,0,0,0,0
63511,1,1,1,1,1,1,1,1,1,1,1,1
63512,0,1,0,0,0,0,0,0,0,0,0,0
63512,1,1,0,12,0,0,0,0,0,0,0,0
63513,1,1,0,0,8,0,5,0,0,0,0,0
63513,2,1,0,0,0,0,0,0,0,0,0,0
63514,1,1,0,0,0,0,0,0,0,0,0,0
63514,2,1,0,0,0,0,0,0,0,0,0,0
63515,0,1,0,0,0,0,0,0,0,0,0,0
63515,1,1,0,9,0,0,0,0,0,0,0,0
63516,1,1,23,23,23,23,23,23,23,23,23,23
63516,2,1,0,0,0,0,0,0,0,0,0,0
63517,1,1,0,0,0,0,0,0,0,0,0,0
63517,2,1,0,0,0,0,0,0,0,0,0,0
63518,1,1,0,0,0,0,0,0,0,24,0,0
63518,2,1,0,0,0,0,0,0,0,0,0,0
63519,1,1,8,0,21,3,17,11,3,11,6,27
63520,1,1,8,8,8,8,8,8,8,8,8,8
63521,1,1,15,15,15,15,15,15,15,15,15,15
63522,0,1,0,0,0,0,0,0,0,0,0,0
63522,1,1,0,0,0,0,0,0,0,0,0,0
63523,0,1,0,0,0,0,0,0,0,0,0,0
63523,1,1,0,0,0,0,0,0,0,0,0,0
63524,1,1,0,0,0,0,0,0,0,0,0,0
63525,0,1,0,0,0,0,0,0,0,0,0,0
63525,1,1,0,0,0,0,0,0,0,0,0,0
63526,1,1,20,20,20,20,20,20,20,20,20,20
63527,1,1,0,0,0,0,0,0,0,0,0,0
63527,2,1,0,0,0,0,0,0,0,0,0,0
63528,0,1,0,0,0,0,0,0,0,0,0,0
63528,1,1,0,0,0,0,0,0,0,0,0,0
63529,1,1,0,0,13,0,0,0,0,0,0,0
63529,2,1,0,0,0,0,0,0,0,0,0,0
63530,0,1,0,0,0,24,10,0,40,0,0,0
63530,1,1,0,14,0,0,0,0,0,0,0,0
63531,1,1,0,2,0,16,11,7,0,0,0,7
63531,2,1,0,0,0,0,0,0,0,0,10,0
63532,1,1,32,13,0,0,24,0,25,20,9,16
63532,2,1,0,0,0,16,0,16,0,4,0,0
63532,3,1,0,0,0,0,0,0,0,0,0,0
63532,4,1,0,0,0,0,0,0,10,0,0,0
63533,0,1,21,21,21,21,21,21,21,21,21,21
63533,1,1,0,22,0,0,0,0,0,0,0,0
63534,1,1,13,13,13,13,13,13,13,13,13,13
63534,2,1,0,0,0,0,0,0,0,0,0,0
63535,0,1,0,0,0,0,0,0,0,0,0,0
63535,0,2,0,0,0,0,0,0,0,0,0,0
63535,0,3,0,0,0,0,0,0,0,0,0,0
63535,1,1,0,0,0,0,0,0,0,0,0,0
63535,2,1,0,0,0,0,0,0,0,0,0,0
63536,0,1,4,4,4,4,4,4,4,4,4,4
63536,1,1,0,0,7,0,0,0,0,0,0,0
63537,0,1,0,0,0,0,0,0,0,0,0,0
63537,1,1,0,0,0,0,0,0,0,0,0,0
63538,1,1,0,0,0,6,0,0,0,0,9,16
63538,2,1,0,0,0,0,0,0,0,0,0,0
63539,1,1,11,11,11,11,11,11,11,11,11,11
63540,1,1,0,0,0,0,0,0,0,0,0,0
63540,2,1,0,0,0,17,0,14,0,13,0,0
63541,1,1,0,11,0,0,0,0,0,0,0,0
63541,2,1,0,0,0,0,0,0,0,0,0,0
63542,1,1,0,0,0,0,0,0,0,0,0,0
63542,2,1,0,0,0,0,0,0,0,0,0,0
63543,1,1,13,0,0,0,0,0,0,0,0,0
63543,2,1,0,0,0,0,0,0,0,0,0,0
63544,0,1,20,0,0,0,0,24,18,0,0,15
63544,1,1,0,0,0,0,0,0,0,0,0,0
63545,1,1,0,0,0,0,0,0,0,0,0,0
63545,2,1,0,0,0,0,0,0,0,0,0,0
63546,0,1,23,23,23,23,23,23,23,23,23,23
63546,1,1,0,10,0,0,0,0,0,0,0,0
63547,0,1,0,0,32,27,21,0,0,0,0,0
63547,1,1,0,0,18,25,0,11,16,0,8,27
63548,0,1,2,2,2,2,2,2,2,2,2,2
63548,1,1,0,0,0,0,0,0,0,0,0,0
63548,2,1,0,0,0,0,0,0,0,0,0,0
63549,1,1,0,0,15,0,0,27,0,17,0,0
63549,2,1,0,0,0,0,0,0,0,0,0,0
63549,3,1,0,0,0,0,0,0,0,0,0,0
63550,0,1,0,19,0,0,0,0,0,0,0,0
63550,1,1,21,13,0,0,20,0,0,0,0,15
63550,2,1,0,0,0,0,0,18,0,0,0,0
63551,1,1,6,0,11,0,0,22,0,10,22,12
63552,0,1,31,0,0,0,0,17,0,0,0,0
63552,1,1,17,17,17,17,17,17,17,17,17,17
63553,0,1,0,0,0,0,13,0,0,11,0,0
63553,0,2,0,0,0,0,0,0,0,0,0,0
63553,1,1,0,11,0,0,26,12,0,0,0,0
63554,0,1,0,0,0,0,0,0,0,0,0,0
63554,1,1,0,0,0,0,0,0,0,0,0,0
63555,1,1,14,22,19,3,11,17,0,11,16,27
63555,2,1,0,0,0,0,0,0,0,0,0,0
63556,1,1,0,0,9,0,0,0,0,0,0,6
63556,2,1,0,0,0,0,0,0,0,0,0,0
63557,1,1,0,0,22,0,0,0,0,0,0,0
63558,0,1,2,2,2,2,2,2,2,2,2,2
63558,1,1,11,31,25,0,0,0,0,0,23,8
63559,0,1,0,0,0,0,0,0,0,0,0,0
63559,1,1,0,0,0,0,0,0,0,0,0,0
63560,0,1,38,38,38,38,38,38,38,38,38,38
63560,1,1,0,0,0,0,0,0,0,0,0,0
63561,0,1,0,0,0,0,0,8,0,0,0,0
63561,1,1,0,0,0,0,0,0,0,0,0,0
63562,0,1,0,0,0,0,0,0,0,0,0,0
63562,1,1,0,0,0,0,0,0,0,0,0,0
63563,1,1,15,15,15,15,15,15,15,15,15,15
63564,0,1,27,0,23,0,41,0,27,8,11,8
63564,1,1,0,0,0,0,0,0,0,0,0,0
63565,0,1,0,0,0,0,0,0,0,0,0,0
63565,1,1,12,12,12,12,12,12,12,12,12,12
63566,0,1,32,8,17,0,25,8,0,24,17,0
63566,1,1,0,0,0,0,0,0,0,0,0,0
63567,1,1,15,15,15,15,15,15,15,15,15,15
63568,1,1,0,0,0,0,0,0,0,0,0,0
63569,1,1,0,0,0,0,0,0,0,0,0,0
63569,2,1,0,0,0,0,0,0,0,0,0,0
63569,3,1,0,0,0,0,0,0,0,0,0,0
63570,1,1,28,28,28,28,28,28,28,28,28,28
63571,1,1,0,0,0,0,0,0,0,0,0,0
63571,2,1,0,0,0,0,0,20,0,0,0,0
63572,0,1,14,14,14,14,14,14,14,14,14,14
63572,1,1,0,0,0,0,0,0,0,0,0,0
63573,1,1,0,0,0,0,0,0,0,0,0,0
63574,1,1,0,0,0,0,0,0,0,0,0,0
63575,1,1,0,0,0,0,0,0,0,0,0,0
63575,2,1,0,0,15,0,0,0,0,0,0,0
63576,0,1,0,0,0,0,0,0,0,0,0,0
63576,1,1,0,0,0,0,0,0,0,0,0,0
63578,0,1,0,0,0,0,0,0,0,0,0,0
63578,1,1,0,0,0,0,0,0,0,0,0,0
63579,1,1,14,28,13,2,19,28,20,14,27,11
63579,2,1,0,0,0,0,0,0,0,0,0,0
63580,0,1,26,0,0,28,0,0,0,0,33,29
63580,1,1,6,0,0,9,0,7,0,0,0,0
63581,1,1,0,0,0,0,0,0,0,0,0,0
63581,2,1,0,0,10,0,0,0,0,0,0,0
63582,0,1,34,34,34,34,34,34,34,34,34,34
63582,1,1,0,0,0,0,0,0,0,0,0,0
63583,1,1,0,11,0,0,15,0,0,0,0,0
63584,1,1,8,8,8,8,8,8,8,8,8,8
63585,1,1,12,16,15,17,5,31,0,0,32,26
63585,2,1,0,0,0,0,0,0,0,0,0,0
63586,1,1,0,0,0,0,0,0,0,0,0,0
63586,2,1,0,0,11,0,0,0,0,0,0,27
63587,1,1,0,0,0,0,0,0,0,0,0,0
63587,2,1,0,0,0,0,0,0,0,0,0,0
63588,1,1,6,6,6,6,6,6,6,6,6,6
63588,2,1,3,3,3,3,3,3,3,3,3,3
63589,1,1,0,0,0,0,0,0,0,0,12,0
63589,2,1,15,15,15,15,15,15,15,15,15,15
63590,1,1,0,0,0,0,0,0,0,0,0,0
63590,2,1,0,0,0,0,0,0,0,0,0,0
63591,0,1,0,0,0,0,0,0,0,0,0,0
63591,1,1,0,0,0,0,0,0,0,0,0,0
63592,0,1,0,0,0,0,0,0,0,0,0,0
63592,1,1,0,0,0,0,0,0,0,0,0,0
63593,0,1,0,0,0,0,0,0,0,0,0,0
63593,1,1,0,0,0,0,0,0,0,0,0,0
63594,0,1,0,0,0,0,0,0,0,0,0,0
63594,1,1,0,0,0,0,0,0,0,0,0,0
63595,0,1,0,0,6,0,0,0,0,0,0,0
63595,1,1,0,0,0,0,0,24,17,0,26,13
63596,0,1,17,0,18,30,29,0,0,0,23,0
63596,1,1,0,0,0,13,0,25,19,0,15,0
63597,1,1,0,0,0,0,12,0,11,0,5,0
63598,0,1,0,0,0,0,0,0,0,0,0,0
63598,1,1,9,11,15,0,0,0,0,0,10,0
63599,1,1,17,17,17,17,17,17,17,17,17,17
63600,1,1,23,23,23,23,23,23,23,23,23,23
63601,1,1,31,13,0,0,0,0,0,0,25,0
63601,2,1,0,0,0,0,0,0,0,0,0,0
63602,1,1,0,0,0,0,0,0,0,0,0,0
63602,2,1,0,0,0,0,0,0,0,0,0,0
63603,1,1,0,0,0,0,0,0,0,0,0,0
63604,0,1,18,0,0,0,0,41,0,9,0,0
63604,0,2,14,0,0,0,0,0,0,0,19,0
63604,1,1,0,0,0,0,0,0,0,0,0,0
63605,0,1,0,0,0,0,0,0,0,0,0,0
63605,1,1,0,0,0,0,50,0,9,20,0,5
63606,1,1,22,22,22,22,22,22,22,22,22,22
63606,2,1,0,0,0,0,0,0,0,0,0,0
63607,1,1,5,13,0,15,15,8,0,20,10,16
63607,2,1,0,0,0,0,0,0,0,0,0,0
63607,3,1,0,0,0,0,0,0,0,0,0,0
63607,4,1,0,0,0,0,0,0,0,0,0,6
63607,5,1,0,0,0,0,15,24,4,0,0,0
63607,6,1,0,0,0,0,0,0,0,0,0,0
63608,0,1,21,21,21,21,21,21,21,21,21,21
63608,1,1,0,0,21,0,0,0,0,0,0,0
63609,1,1,0,0,0,0,0,0,0,0,0,0
63610,1,1,0,0,0,0,0,0,13,0,0,0
63610,2,1,0,0,0,0,0,0,0,0,0,0
63610,3,1,0,0,0,0,0,0,0,0,0,0
63611,0,1,0,0,0,0,0,0,0,0,0,0
63611,1,1,0,0,0,0,0,0,0,0,0,0
63612,0,1,0,0,0,0,0,0,0,0,0,0
63612,1,1,0,0,0,0,0,0,0,0,0,0
63613,0,1,25,25,25,25,25,25,25,25,25,25
63613,1,1,0,0,0,0,15,19,22,0,32,0
63614,1,1,0,0,0,0,18,0,0,0,0,19
63615,1,1,0,0,0,17,0,0,0,0,0,0
63615,2,1,0,0,0,0,0,0,0,0,0,0
63616,0,1,0,0,0,0,0,0,0,0,0,0
63616,1,1,0,0,18,0,17,15,14,11,15,17
63617,1,1,0,38,0,12,0,11,21,0,9,10
63618,1,1,27,0,31,0,0,0,26,17,15,12
63619,1,1,21,3,0,0,17,0,0,0,0,18
63620,0,1,0,27,0,0,0,0,0,0,0,0
63620,1,1,20,14,0,26,0,16,0,0,0,0
63621,1,1,32,11,29,37,24,18,8,0,29,32
63621,2,1,0,0,0,0,0,0,0,0,0,0
63621,3,1,0,0,0,0,0,0,0,0,0,0
63622,0,1,0,0,0,0,0,0,0,0,0,0
63622,1,1,32,0,21,0,0,0,17,3,19,0
63623,0,1,0,0,0,0,0,0,0,0,0,0
63623,1,1,0,0,0,0,0,0,0,0,0,0
63624,1,1,0,11,0,0,22,0,17,0,0,0
63625,1,1,0,0,0,0,0,0,0,0,0,14
63626,1,1,0,0,18,12,9,18,11,8,0,0
63627,1,1,0,0,0,0,0,0,0,0,0,0
63628,0,1,0,0,0,0,0,0,0,0,0,0
63628,1,1,0,0,0,0,0,0,0,0,0,0
63629,0,1,19,19,19,19,19,19,19,19,19,19
63629,1,1,0,0,0,0,0,0,0,0,0,0
63630,1,1,0,0,0,0,0,0,0,0,0,0
63630,2,1,0,0,0,0,0,0,0,0,0,0
63631,0,1,0,16,34,0,20,0,12,0,0,18
63631,1,1,0,6,0,15,0,14,12,16,0,0
63632,1,1,16,0,10,0,10,28,0,0,15,15
63633,0,1,7,0,18,41,27,0,15,0,35,12
63633,0,2,0,0,0,0,0,0,0,0,0,0
63633,0,3,0,0,0,0,0,19,0,0,34,0
63633,2,1,0,0,0,13,0,0,0,0,0,0
63634,1,1,13,13,13,13,13,13,13,13,13,13
63635,0,1,0,0,0,0,0,0,0,0,24,0
63635,0,2,0,0,0,0,0,0,0,0,0,0
63635,1,1,0,0,0,0,0,0,0,0,0,0
63636,0,1,0,45,21,19,14,18,20,27,30,6
63636,1,1,0,0,0,0,0,0,0,0,0,0
63637,1,1,29,29,29,29,29,29,29,29,29,29
63638,1,1,7,7,7,7,7,7,7,7,7,7
63638,2,1,0,0,9,0,9,0,0,0,0,0
63639,0,1,0,0,0,0,0,20,0,0,0,0
63639,1,1,0,0,0,0,0,0,0,0,0,0